Series Name,Country Name,Country Code,Region,2000,2001,2002,2003,2004,2005,2006,2007,2008,2009,2010,2011,2012,2013,2014,2015,2016,2017,2018,2019,2020,2021
Level of water stress: freshwater withdrawal as a proportion of available freshwater resources,Afghanistan,AFG,South Asia,54.75701944,54.75701944,54.75701944,54.75701944,54.75701944,54.75701944,54.75701944,54.75701944,54.75701944,54.75701944,54.75701944,54.75701944,54.75701944,54.75701944,54.75701944,54.75701944,54.75701944,54.75701944,54.75701944,54.75701944,54.75701944,54.75701944
Level of water stress: freshwater withdrawal as a proportion of available freshwater resources,Albania,ALB,Europe & Central Asia,11.04447115,10.51959135,9.994711539,9.469831731,8.944951923,8.420072115,7.646754808,7.4984375,7.350120192,7.201802885,7.053485577,6.905168269,6.756850962,6.608533654,6.460216346,5.528846154,6.5625,6.556490385,5.757211539,6.796875,4.723557692,4.783653846
Level of water stress: freshwater withdrawal as a proportion of available freshwater resources,Algeria,DZA,Middle East & North Africa,79.26116377,81.71052014,85.03737246,87.52280082,90.00822919,92.49365755,94.97908592,97.46451429,99.94994265,102.435371,104.9207994,107.4062277,109.7509498,115.1634539,120.575958,125.9884621,129.8719572,137.9203602,137.9203602,137.9203602,137.9203602,137.9203602
Level of water stress: freshwater withdrawal as a proportion of available freshwater resources,Angola,AGO,Sub-Saharan Africa,1.69867374,1.73331565,1.76795756,1.80259947,1.837241379,1.871883289,1.871883289,1.871883289,1.871883289,1.871883289,1.871883289,1.871883289,1.871883289,1.871883289,1.871883289,1.871883289,1.871883289,1.871883289,1.871883289,1.871883289,1.871883289,1.871883289
Level of water stress: freshwater withdrawal as a proportion of available freshwater resources,Antigua and Barbuda,ATG,Latin America & Caribbean,7.628205128,8.064102564,8.5,8.935897436,9.371794872,9.807692308,9.615384615,9.423076923,9.230769231,9.038461539,8.846153846,8.653846154,8.461538462,8.461538462,8.461538462,8.461538462,8.461538462,8.461538462,8.461538462,8.461538462,8.461538462,8.461538462
Level of water stress: freshwater withdrawal as a proportion of available freshwater resources,Argentina,ARG,Latin America & Caribbean,8.424904284,8.609566843,8.794229401,8.97889196,9.163554519,9.348217078,9.532879637,9.717542196,9.902204755,10.08686731,10.27152987,10.45666408,10.45666408,10.45666408,10.45666408,10.45666408,10.45666408,10.45666408,10.45666408,10.45666408,10.45666408,10.45666408
Level of water stress: freshwater withdrawal as a proportion of available freshwater resources,Armenia,ARM,Europe & Central Asia,37.74460359,34.81944725,34.9404882,39.86282025,50.49425055,55.90074642,57.03046197,60.762558,57.95844261,49.70748437,42.88884406,49.18297357,59.33024006,59.61266895,57.69618721,66.00766593,64.19205164,57.79705467,54.75085737,57.79705467,57.09098245,59.85475086
Level of water stress: freshwater withdrawal as a proportion of available freshwater resources,Australia,AUS,East Asia & Pacific,8.70898271,8.658624849,8.37708082,8.095536791,7.813992762,7.532448733,7.059368717,6.586288701,6.113208685,5.640128669,5.297547246,5.313630881,6.380377965,7.699236027,7.42380378,3.707277845,4.271411339,4.84866963,4.957780458,4.246079614,3.486127865,4.599919582
Level of water stress: freshwater withdrawal as a proportion of available freshwater resources,Austria,AUT,Europe & Central Asia,10.0469743,9.966841669,9.883945841,9.853896104,9.823846366,9.793796629,9.763746891,9.733697154,9.703647416,9.673597679,9.643547941,9.536090387,9.428632833,9.321175279,9.213717724,9.10626017,8.998802616,8.891345062,8.783887507,8.676429953,8.676429953,8.676429953
Level of water stress: freshwater withdrawal as a proportion of available freshwater resources,Azerbaijan,AZE,Europe & Central Asia,48.5316847,43.81982778,43.80216383,46.44733937,49.34864208,52.10863325,53.62773239,53.36718923,50.91631707,49.19408258,48.44336498,49.88297637,52.88143078,52.96533451,51.19010819,51.61845882,52.45308015,53.52174873,53.72930007,55.59726209,53.88862884,57.26588651
Level of water stress: freshwater withdrawal as a proportion of available freshwater resources,Bahrain,BHR,South Asia,248.910809,234.7623784,220.6139478,205.7758621,201.1050157,196.4341693,191.7633229,187.0924765,182.4216301,177.7507837,173.0799373,168.4090909,163.7382445,159.0673981,154.3965517,137.1551724,133.7068966,133.7068966,133.7068966,133.7068966,133.7068966,133.7068966
Level of water stress: freshwater withdrawal as a proportion of available freshwater resources,Bangladesh,BGD,South Asia,5.723339482,5.723339482,5.723339482,5.723339482,5.723339482,5.723339482,5.723339482,5.723339482,5.723339482,5.723339482,5.723339482,5.723339482,5.723339482,5.723339482,5.723339482,5.723339482,5.723339482,5.723339482,5.723339482,5.723339482,5.723339482,5.723339482
Level of water stress: freshwater withdrawal as a proportion of available freshwater resources,Barbados,BRB,Latin America & Caribbean,101.25,101.25,101.25,101.25,101.25,87.5,87.5,87.5,87.5,87.5,87.5,87.5,87.5,87.5,87.5,87.5,87.5,87.5,87.5,87.5,87.5,87.5
Level of water stress: freshwater withdrawal as a proportion of available freshwater resources,Belarus,BLR,Europe & Central Asia,6.05471325,5.968358603,5.882003955,5.795649308,5.709294661,5.622940013,5.51878708,5.414634146,5.310481213,5.20632828,5.102175346,5.064820919,5.027466491,4.990112063,5.177982861,4.772577456,4.785761371,4.604482531,4.581410679,4.475939354,4.377059987,4.696769941
Level of water stress: freshwater withdrawal as a proportion of available freshwater resources,Belgium,BEL,Europe & Central Asia,92.54422604,87.64619165,82.74815725,81.31654382,79.88493038,78.45331695,77.39619165,76.33906634,75.29484029,73.73464373,73.13267813,62.43243243,65.11056511,59.32432432,55.97051597,49.06633907,51.5115519,53.95676474,51.28992629,51.58476658,51.87960688,51.87960688
Level of water stress: freshwater withdrawal as a proportion of available freshwater resources,Belize,BLZ,Latin America & Caribbean,1.260294485,1.260294485,1.260294485,1.260294485,1.260294485,1.260294485,1.260294485,1.260294485,1.260294485,1.260294485,1.260294485,1.260294485,1.260294485,1.260294485,1.260294485,1.260294485,1.260294485,1.260294485,1.260294485,1.260294485,1.260294485,1.260294485
Level of water stress: freshwater withdrawal as a proportion of available freshwater resources,Benin,BEN,Sub-Saharan Africa,1.000361698,0.975243811,0.975243811,0.975243811,0.975243811,0.975243811,0.975243811,0.975243811,0.975243811,0.975243811,0.975243811,0.975243811,0.975243811,0.975243811,0.975243811,0.975243811,0.975243811,0.975243811,0.975243811,0.975243811,0.975243811,0.975243811
Level of water stress: freshwater withdrawal as a proportion of available freshwater resources,Bhutan,BTN,South Asia,1.413807531,1.413807531,1.413807531,1.413807531,1.413807531,1.413807531,1.413807531,1.413807531,1.413807531,1.413807531,1.413807531,1.413807531,1.413807531,1.413807531,1.413807531,1.413807531,1.413807531,1.413807531,1.413807531,1.413807531,1.413807531,1.413807531
Level of water stress: freshwater withdrawal as a proportion of available freshwater resources,Bolivia,BOL,Latin America & Caribbean,1.109499732,1.117995058,1.126490383,1.134985708,1.143481034,1.151976359,1.160471684,1.168967009,1.177001127,1.177001127,1.183554927,1.190108726,1.196662525,1.203216325,1.209770124,1.216323923,1.222877723,1.229431522,1.235985321,1.242539121,1.245288557,1.2429031
Level of water stress: freshwater withdrawal as a proportion of available freshwater resources,Bosnia and Herzegovina,BIH,Europe & Central Asia,2.468791501,2.480743692,2.493359894,2.505976096,2.516600266,2.514608234,2.525896414,2.586985392,2.602257636,2.854581673,2.891102258,2.812749004,2.906374502,2.8937583,2.738379814,2.778884462,2.786188579,2.662018592,2.071713147,2.028552457,1.999521912,2.034840638
Level of water stress: freshwater withdrawal as a proportion of available freshwater resources,Botswana,BWA,Sub-Saharan Africa,2.028652097,2.031694124,2.034736152,2.037778179,2.040820207,2.043862234,2.046904262,2.049946289,2.052988317,2.056030344,2.059072372,2.062114399,2.032834885,1.998849733,1.964864582,1.964864582,2.104987975,2.018195127,2.133221792,2.112307853,2.305004706,2.442972916
Level of water stress: freshwater withdrawal as a proportion of available freshwater resources,Brazil,BRA,Latin America & Caribbean,2.652955083,2.668085106,2.68321513,2.698345154,2.713475177,2.728605201,2.743735225,2.941843972,3.139527187,3.337393617,3.535260047,3.419178487,3.303096927,3.187015366,3.074326241,3.019385343,3.135224586,3.105437352,1.464112726,1.484808454,1.479304271,1.481946279
Level of water stress: freshwater withdrawal as a proportion of available freshwater resources,Brunei Darussalam,BRN,East Asia & Pacific,3.466465712,3.466465712,3.466465712,3.466465712,3.466465712,3.466465712,3.466465712,3.466465712,3.466465712,3.466465712,3.466465712,3.466465712,3.466465712,3.466465712,3.466465712,3.466465712,3.466465712,3.466465712,3.466465712,3.466465712,3.466465712,3.466465712
Level of water stress: freshwater withdrawal as a proportion of available freshwater resources,Bulgaria,BGR,Europe & Central Asia,45.33003178,43.11774706,48.70056915,48.12861261,47.55665607,46.98469953,46.412743,45.84078646,47.4905758,45.23837682,44.05351467,47.19491463,42.23963338,40.41688225,39.73686156,41.60987508,42.05041023,41.82127282,40.09904649,40.0768719,37.51940276,37.51940276
Level of water stress: freshwater withdrawal as a proportion of available freshwater resources,Burkina Faso,BFA,Sub-Saharan Africa,6.195028681,6.520076482,6.845124283,7.170172084,7.495219885,7.820267686,7.820267686,7.820267686,7.820267686,7.820267686,7.820267686,7.820267686,7.820267686,7.820267686,7.820267686,7.820267686,7.820267686,7.820267686,7.820267686,7.820267686,7.820267686,7.820267686
Level of water stress: freshwater withdrawal as a proportion of available freshwater resources,Burundi,BDI,Sub-Saharan Africa,10.48034935,10.42285298,10.36535662,10.30786026,10.2503639,10.19286754,10.19286754,10.19286754,10.19286754,10.19286754,10.19286754,10.19286754,10.19286754,10.19286754,10.19286754,10.19286754,10.19286754,10.19286754,10.19286754,10.19286754,10.19286754,10.19286754
Level of water stress: freshwater withdrawal as a proportion of available freshwater resources,Cabo Verde,CPV,Sub-Saharan Africa,6.91763,7.183333333,8.534208704,9.885084074,11.23595944,13.60403437,15.9721093,18.34018422,20.70825915,23.07633407,25.444409,27.81248393,30.18055885,32.54863378,34.9167087,37.28478363,39.65285856,42.02093348,44.38900841,48.95751,68.94373667,57.17750667
Level of water stress: freshwater withdrawal as a proportion of available freshwater resources,Cambodia,KHM,East Asia & Pacific,1.036544851,1.036544851,1.036544851,1.036544851,1.036544851,1.036544851,1.036544851,1.036544851,1.036544851,1.036544851,1.036544851,1.036544851,1.036544851,1.036544851,1.036544851,1.036544851,1.036544851,1.036544851,1.036544851,1.036544851,1.036544851,1.036544851
Level of water stress: freshwater withdrawal as a proportion of available freshwater resources,Cameroon,CMR,Sub-Saharan Africa,1.385519713,1.420501792,1.455483871,1.49046595,1.525448029,1.560430108,1.560430108,1.560430108,1.560430108,1.560430108,1.560430108,1.560430108,1.560430108,1.560430108,1.560430108,1.560430108,1.560430108,1.560430108,1.560430108,1.560430108,1.560430108,1.560430108
Level of water stress: freshwater withdrawal as a proportion of available freshwater resources,Canada,CAN,North America,4.313699092,4.305331898,4.296964704,4.28859751,4.280230316,4.271863121,4.263495927,4.255128733,4.125365603,3.995602472,3.830962925,3.666323378,3.752832132,3.839340886,3.759526262,3.679711638,3.706642637,3.733573635,3.733573635,3.733573635,3.733573635,3.733573635
Level of water stress: freshwater withdrawal as a proportion of available freshwater resources,Central African Republic,CAF,Sub-Saharan Africa,0.306481482,0.312314815,0.318148148,0.323981482,0.329814815,0.335648148,0.335648148,0.335648148,0.335648148,0.335648148,0.335648148,0.335648148,0.335648148,0.335648148,0.335648148,0.335648148,0.335648148,0.335648148,0.335648148,0.335648148,0.335648148,0.335648148
Level of water stress: freshwater withdrawal as a proportion of available freshwater resources,Chad,TCD,Sub-Saharan Africa,3.805208333,4.005533854,4.205859375,4.235546875,4.265234375,4.294921875,4.294921875,4.294921875,4.294921875,4.294921875,4.294921875,4.294921875,4.294921875,4.294921875,4.294921875,4.294921875,4.294921875,4.294921875,4.294921875,4.294921875,4.294921875,4.294921875
Level of water stress: freshwater withdrawal as a proportion of available freshwater resources,Chile,CHL,Latin America & Caribbean,7.348798398,7.622176489,7.89555458,8.159974169,8.433345911,8.706717653,8.980089395,8.982121089,8.982121089,8.982121089,8.982121089,8.982121089,8.982121089,8.982121089,8.982121089,8.982121089,8.982121089,8.982121089,8.982121089,8.982121089,8.982121089,8.982121089
Level of water stress: freshwater withdrawal as a proportion of available freshwater resources,China,CHN,East Asia & Pacific,40.23458611,40.28132806,40.32807,40.37481194,40.42155388,40.46829582,41.48347234,41.53459634,42.07505003,42.59359343,42.85870788,43.45539796,43.73292824,44.02506537,43.33854311,43.22168826,44.11416719,43.54449979,43.30275631,43.97540205,41.5185288,41.5185288
Level of water stress: freshwater withdrawal as a proportion of available freshwater resources,Colombia,COL,South Asia,1.159580838,1.23488024,1.310067365,1.385310629,1.460553892,1.535797156,1.611040419,1.686283683,1.761976048,2.06445261,2.367977077,2.671501543,2.97502601,3.278550477,3.582074943,3.88559941,4.189123876,4.126292522,4.063461168,4.169438689,4.282896247,4.39097809
Level of water stress: freshwater withdrawal as a proportion of available freshwater resources,Comoros,COM,Sub-Saharan Africa,0.833333333,0.833333333,0.833333333,0.833333333,0.833333333,0.833333333,0.833333333,0.833333333,0.833333333,0.833333333,0.833333333,0.833333333,0.833333333,0.833333333,0.833333333,0.833333333,0.833333333,0.833333333,0.833333333,0.833333333,0.833333333,0.833333333
Level of water stress: freshwater withdrawal as a proportion of available freshwater resources,"Congo, Dem. Rep.",COD,Sub-Saharan Africa,0.19385994,0.200464653,0.207069366,0.213674079,0.220278792,0.226883505,0.226883505,0.226883505,0.226883505,0.226883505,0.226883505,0.226883505,0.226883505,0.226883505,0.226883505,0.226883505,0.226883505,0.226883505,0.226883505,0.226883505,0.226883505,0.226883505
Level of water stress: freshwater withdrawal as a proportion of available freshwater resources,"Congo, Rep.",COG,Sub-Saharan Africa,0.026968974,0.027207637,0.027446301,0.027446301,0.027446301,0.027446301,0.027446301,0.027446301,0.027446301,0.027446301,0.027446301,0.027446301,0.027446301,0.027446301,0.027446301,0.027446301,0.027446301,0.027446301,0.027446301,0.027446301,0.027446301,0.027446301
Level of water stress: freshwater withdrawal as a proportion of available freshwater resources,Cote d'Ivoire,CIV,Sub-Saharan Africa,6.168126095,6.291068301,6.414010508,6.536952715,6.659894921,6.782837128,6.594473633,6.401537264,6.210887332,6.023667056,5.83644678,5.649226503,5.464292664,5.275929169,5.087565674,5.087565674,5.087565674,5.087565674,5.087565674,5.087565674,5.087565674,5.087565674
Level of water stress: freshwater withdrawal as a proportion of available freshwater resources,Croatia,HRV,Europe & Central Asia,1.23879,1.2671,1.275011116,1.360858794,1.34920282,1.368258909,1.410309344,1.447246395,1.47421076,1.533570476,1.518461539,1.477116496,1.45120498,1.398194753,1.289266341,1.380262339,1.415320142,1.502830147,1.486674077,1.493997332,1.462872388,1.47843486
Level of water stress: freshwater withdrawal as a proportion of available freshwater resources,Cuba,CUB,Latin America & Caribbean,18.01592825,18.03198161,18.04941119,18.06684078,18.08427037,18.10169995,18.11912954,16.98365732,19.7414416,20.83743334,20.70858421,21.78622627,22.86386834,23.93944607,23.93944607,23.93944607,23.93944607,23.93944607,23.93944607,23.93944607,23.93944607,23.93944607
Level of water stress: freshwater withdrawal as a proportion of available freshwater resources,Cyprus,CYP,Europe & Central Asia,22.00656096,20.49519644,23.33242209,23.15199563,22.97156916,22.7911427,22.61071624,22.43028978,21.93821761,25.1913614,27.46036085,30.18042646,34.8961181,28.26681247,29.66101695,31.71131766,29.79770366,29.52433024,28.29414981,27.61071624,31.57463095,32.1213778
Level of water stress: freshwater withdrawal as a proportion of available freshwater resources,Czechia,CZE,Europe & Central Asia,32.57086375,30.79349148,29.01611922,29.20316302,29.39020681,29.57725061,29.7642944,29.9513382,30.23114355,29.60766423,29.66849148,28.69525547,27.986618,25.09580292,25.09124088,24.33090024,24.86009732,24.78710462,24.17883212,22.90145985,20.77250608,20.51399027
Level of water stress: freshwater withdrawal as a proportion of available freshwater resources,Denmark,DNK,Europe & Central Asia,20.52568956,19.09734992,17.66901028,17.45087435,17.23273842,17.01460249,16.01676582,15.01892915,18.82098432,17.83937263,21.87398594,23.40995133,19.69983775,27.28501893,26.74959438,21.95240671,23.98580314,24.22385073,29.90310979,25.57041644,26.40427258,26.40427258
Level of water stress: freshwater withdrawal as a proportion of available freshwater resources,Djibouti,DJI,Sub-Saharan Africa,6.333333333,6.333333333,6.333333333,6.333333333,6.333333333,6.333333333,6.333333333,6.333333333,6.333333333,6.333333333,6.333333333,6.333333333,6.333333333,6.333333333,6.333333333,6.333333333,6.333333333,6.333333333,6.333333333,6.333333333,6.333333333,6.333333333
Level of water stress: freshwater withdrawal as a proportion of available freshwater resources,Dominica,DMA,Latin America & Caribbean,8.3,8.3,8.3,8.3,8.3,8.583333333,8.866666667,9.15,9.433333333,9.716666667,10,10,10,10,10,10,10,10,10,10,10,10
Level of water stress: freshwater withdrawal as a proportion of available freshwater resources,Dominican Republic,DOM,Latin America & Caribbean,26.96187098,27.61139437,28.26091776,28.91044114,29.55996453,30.20948792,32.07825316,33.9470184,35.81578364,37.68454888,39.55331412,39.55331412,39.55331412,39.55331412,39.55331412,39.55331412,39.55331412,39.55331412,39.55331412,39.55331412,39.55331412,39.55331412
Level of water stress: freshwater withdrawal as a proportion of available freshwater resources,Ecuador,ECU,North America,6.406497948,6.481668947,6.556839945,6.632010944,6.707181943,6.782352941,6.782352941,6.782352941,6.782352941,6.782352941,6.782352941,6.782352941,6.782352941,6.782352941,6.782352941,6.782352941,6.782352941,6.782352941,6.782352941,6.782352941,6.782352941,6.782352941
Level of water stress: freshwater withdrawal as a proportion of available freshwater resources,"Egypt, Arab Rep.",EGY,Middle East & North Africa,103.8797814,106.9344262,109.989071,113.0437158,116.0983607,119.1530055,122.2076503,125.2622951,128.3169399,131.3715847,134.4262295,130.5100182,131.6939891,132.9690346,110.564663,110.9289617,110.4735883,141.1657559,141.1657559,141.1657559,141.1657559,141.1657559
Level of water stress: freshwater withdrawal as a proportion of available freshwater resources,El Salvador,SLV,Latin America & Caribbean,8.582657517,9.508671241,10.43468497,11.36069869,12.28621335,13.21272614,13.21272614,13.21272614,13.21272614,13.21272614,13.21272614,13.21272614,13.21272614,13.21272614,13.21272614,13.21272614,13.21272614,13.21272614,13.21272614,13.21272614,13.21272614,13.21272614
Level of water stress: freshwater withdrawal as a proportion of available freshwater resources,Equatorial Guinea,GNQ,Sub-Saharan Africa,0.161260426,0.16570899,0.170157553,0.174606117,0.17905468,0.183503244,0.183503244,0.183503244,0.183503244,0.183503244,0.183503244,0.183503244,0.183503244,0.183503244,0.183503244,0.183503244,0.183503244,0.183503244,0.183503244,0.183503244,0.183503244,0.183503244
Level of water stress: freshwater withdrawal as a proportion of available freshwater resources,Eritrea,ERI,Sub-Saharan Africa,7.937788018,8.747119816,9.556451613,10.36578341,11.17511521,11.17511521,11.17511521,11.17511521,11.17511521,11.17511521,11.17511521,11.17511521,11.17511521,11.17511521,11.17511521,11.17511521,11.17511521,11.17511521,11.17511521,11.17511521,11.17511521,11.17511521
Level of water stress: freshwater withdrawal as a proportion of available freshwater resources,Estonia,EST,Europe & Central Asia,15.12523191,15.21088435,15.2965368,16.20670996,17.11688312,18.02705628,18.93722944,19.8474026,17.35930736,14.91341991,19.93506494,20.28138528,17.65151515,18.91774892,18.61471861,17.4820632,18.95454545,19.31709957,17.40844156,10.89231602,9.231085498,10.81980133
Level of water stress: freshwater withdrawal as a proportion of available freshwater resources,Eswatini,SWZ,Sub-Saharan Africa,75.67175018,76.04938272,76.42701525,76.80464779,77.18228032,77.55991285,77.55991285,77.55991285,77.55991285,77.55991285,77.55991285,77.55991285,77.55991285,77.55991285,77.55991285,77.55991285,77.55991285,77.55991285,77.55991285,77.55991285,77.55991285,77.55991285
Level of water stress: freshwater withdrawal as a proportion of available freshwater resources,Ethiopia,ETH,Sub-Saharan Africa,14.7898,15.8492,16.9969419,19.34464832,21.69235474,24.04006116,24.78707256,25.53514039,26.28268001,27.02810676,27.77511815,28.52212955,29.26914095,30.01615235,30.76316375,31.51017515,32.26299694,32.25718654,32.25718654,32.25718654,32.25718654,32.25718654
Level of water stress: freshwater withdrawal as a proportion of available freshwater resources,Fiji,FJI,East Asia & Pacific,0.286164624,0.288406305,0.290647986,0.292889667,0.295131349,0.29737303,0.29737303,0.29737303,0.29737303,0.29737303,0.29737303,0.29737303,0.29737303,0.29737303,0.29737303,0.29737303,0.29737303,0.29737303,0.29737303,0.29737303,0.29737303,0.29737303
Level of water stress: freshwater withdrawal as a proportion of available freshwater resources,Finland,FIN,Europe & Central Asia,6.9612453,8.402689793,9.844134286,11.27330702,12.70247976,14.1316525,15.56082523,14.55015414,13.53948304,12.52881195,11.51814086,10.50746977,9.496798672,8.486127579,7.475456486,6.464785393,5.454114299,5.454114299,6.639791321,7.11406213,7.11406213,7.11406213
Level of water stress: freshwater withdrawal as a proportion of available freshwater resources,France,FRA,Europe & Central Asia,28.62557997,28.47456885,28.32355773,28.6427967,28.96203566,29.28127462,28.20625055,27.13122647,25.08973124,24.92366279,25.01794625,26.39061543,24.56710146,23.77396481,23.89652456,24.61349908,23.14278211,23.58924976,23.56904868,22.94676191,21.59813707,21.59813707
Level of water stress: freshwater withdrawal as a proportion of available freshwater resources,Gabon,GAB,Sub-Saharan Africa,0.434296029,0.447870036,0.461444043,0.475018051,0.488592058,0.502166065,0.502166065,0.502166065,0.502166065,0.502166065,0.502166065,0.502166065,0.502166065,0.502166065,0.502166065,0.502166065,0.502166065,0.502166065,0.502166065,0.502166065,0.502166065,0.502166065
Level of water stress: freshwater withdrawal as a proportion of available freshwater resources,"Gambia, The",GMB,Sub-Saharan Africa,1.968247064,2.016528926,2.064810787,2.113092649,2.161374511,2.209656372,2.209656372,2.209656372,2.209656372,2.209656372,2.209656372,2.209656372,2.209656372,2.209656372,2.209656372,2.209656372,2.209656372,2.209656372,2.209656372,2.209656372,2.209656372,2.209656372
Level of water stress: freshwater withdrawal as a proportion of available freshwater resources,Georgia,GEO,Europe & Central Asia,6.239522258,6.172725299,6.105928339,6.039131379,5.972334419,5.905537459,5.916395223,5.927252986,5.938110749,5.842487785,5.746864821,5.651241857,5.555618893,5.459995928,5.364372964,5.26875,5.173127036,4.477296417,4.205602606,5.120977199,5.386710098,5.240977199
Level of water stress: freshwater withdrawal as a proportion of available freshwater resources,Germany,DEU,Europe & Central Asia,61.52313388,61.30187089,60.9343188,58.86223136,56.94478618,55.28720532,54.45761239,44.2091557,53.2747341,54.396875,45.21792763,49.92160362,46.1172437,34.71217105,42.91131031,40.89008361,33.50191886,38.03235197,36.8984841,35.35165707,35.35165707,35.35165707
Level of water stress: freshwater withdrawal as a proportion of available freshwater resources,Ghana,GHA,Sub-Saharan Africa,4.280732345,4.398975589,4.517218832,4.635462075,4.753705318,4.871948562,4.990191805,5.108435048,5.226678291,5.344921534,5.463164778,5.594485615,5.734524847,5.830972101,5.932650392,6.27059721,6.314734089,6.314734089,6.314734089,6.314734089,6.314734089,6.314734089
Level of water stress: freshwater withdrawal as a proportion of available freshwater resources,Greece,GRC,Europe & Central Asia,18.23912604,18.46206757,18.6850091,18.95980848,19.23460786,19.50940724,19.48533279,19.46125835,19.62022051,19.78019421,19.93814485,20.09913008,20.09913008,20.07889945,20.06069189,20.04450738,20.50576573,20.5017196,20.47744285,20.46328141,20.47744285,20.68379527
Level of water stress: freshwater withdrawal as a proportion of available freshwater resources,Grenada,GRD,Latin America & Caribbean,5.1384,5.3194,5.66294,5.7892,5.8983,5,5.227777778,5.455555556,5.683333333,5.911111111,6.138888889,6.366666667,6.594444444,6.822222222,7.05,7.05,7.05,7.05,7.05,7.05,7.05,7.05
Level of water stress: freshwater withdrawal as a proportion of available freshwater resources,Guatemala,GTM,Latin America & Caribbean,4.1846732,4.193120779,4.50291604,4.8127113,5.12250656,5.43230182,5.742097081,5.742097081,5.742097081,5.742097081,5.742097081,5.742097081,5.742097081,5.742097081,5.742097081,5.742097081,5.742097081,5.742097081,5.742097081,5.742097081,5.742097081,5.742097081
Level of water stress: freshwater withdrawal as a proportion of available freshwater resources,Guinea,GIN,Sub-Saharan Africa,0.889230769,0.856923077,0.863461539,0.87,0.876538462,0.883076923,0.920473373,0.957869823,0.995266272,1.032662722,1.070059172,1.107455621,1.144852071,1.182248521,1.21964497,1.25704142,1.29443787,1.33183432,1.369230769,1.369230769,1.369230769,1.369230769
Level of water stress: freshwater withdrawal as a proportion of available freshwater resources,Guinea-Bissau,GNB,Sub-Saharan Africa,1.495726496,1.495726496,1.495726496,1.495726496,1.495726496,1.495726496,1.495726496,1.495726496,1.495726496,1.495726496,1.495726496,1.495726496,1.495726496,1.495726496,1.495726496,1.495726496,1.495726496,1.495726496,1.495726496,1.495726496,1.495726496,1.495726496
Level of water stress: freshwater withdrawal as a proportion of available freshwater resources,Guyana,GUY,Latin America & Caribbean,3.744292237,3.709223744,3.674155251,3.639086758,3.604018265,3.568949772,3.514840183,3.460730594,3.406621005,3.352511416,3.298401827,3.298401827,3.298401827,3.298401827,3.298401827,3.298401827,3.298401827,3.298401827,3.298401827,3.298401827,3.298401827,3.298401827
Level of water stress: freshwater withdrawal as a proportion of available freshwater resources,Haiti,HTI,Latin America & Caribbean,12.40235766,12.51140589,12.62045413,12.72950236,12.83855059,12.94759883,13.05664706,13.1656953,13.27474353,13.38379177,13.38379177,13.38379177,13.38379177,13.38379177,13.38379177,13.38379177,13.38379177,13.38379177,13.38379177,13.38379177,13.38379177,13.38379177
Level of water stress: freshwater withdrawal as a proportion of available freshwater resources,Honduras,HND,Latin America & Caribbean,4.621268764,4.621268764,4.621268764,4.621268764,4.621268764,4.621268764,4.621268764,4.621268764,4.621268764,4.621268764,4.621268764,4.621268764,4.621268764,4.621268764,4.621268764,4.621268764,4.621268764,4.621268764,4.621268764,4.621268764,4.621268764,4.621268764
Level of water stress: freshwater withdrawal as a proportion of available freshwater resources,Hungary,HUN,Europe & Central Asia,10.09245826,10.02032239,9.948186529,9.853770869,9.75935521,9.664939551,9.570523892,9.476108233,9.381692573,10.95336788,9.274611399,9.02417962,8.723661485,9.067357513,6.775474957,6.960276339,6.837651123,8.180518135,8.494752155,7.708246978,8.070120898,8.070120898
Level of water stress: freshwater withdrawal as a proportion of available freshwater resources,Iceland,ISL,Europe & Central Asia,0.221497486,0.222856366,0.224215247,0.224215247,0.224215247,0.246444263,0.26867328,0.290902297,0.313131313,0.33536033,0.357589346,0.378685963,0.399510803,0.39557005,0.37423563,0.379807039,0.353308874,0.394075282,0.394075282,0.394075282,0.394075282,0.394075282
Level of water stress: freshwater withdrawal as a proportion of available freshwater resources,India,IND,South Asia,62.68222428,64.22874204,65.77525981,67.32177757,64.2061717,64.58715855,64.96814541,65.34913227,65.73011912,66.11110598,66.49209283,66.49209283,66.49209283,66.49209283,66.49209283,66.49209283,66.49209283,66.49209283,66.49209283,66.49209283,66.49209283,66.49209283
Level of water stress: freshwater withdrawal as a proportion of available freshwater resources,Indonesia,IDN,South Asia,15.10871015,16.02044985,16.93218954,17.84392924,18.75566893,19.66740863,20.57914833,21.49088802,22.40262772,23.31436741,24.22610711,25.13784681,26.0495865,26.9613262,27.87306589,28.78480559,29.69654528,29.69654528,29.69654528,29.69654528,29.69654528,29.69654528
Level of water stress: freshwater withdrawal as a proportion of available freshwater resources,"Iran, Islamic Rep.",IRN,Middle East & North Africa,77.39472649,78.40111067,79.40749486,80.41387905,81.28908129,81.28908129,81.28908129,81.28908129,81.28908129,81.28908129,81.28908129,81.28908129,81.28908129,81.28908129,81.28908129,81.28908129,81.28908129,81.28908129,81.28908129,81.28908129,81.28908129,81.28908129
Level of water stress: freshwater withdrawal as a proportion of available freshwater resources,Iraq,IRQ,Middle East & North Africa,92.68623596,90.07742777,87.46861958,84.8598114,82.25100321,79.64219502,77.03338684,74.42457865,71.81577047,69.20696228,66.59815409,63.98934591,61.37351525,58.76470706,56.15589888,49.02247191,54.08707865,60.48174157,47.14044944,79.51966292,63.25842697,59.58384831
Level of water stress: freshwater withdrawal as a proportion of available freshwater resources,Ireland,IRL,Europe & Central Asia,4.669699886,4.504768571,4.339837256,4.174905941,4.009974626,3.845043311,3.679018287,3.512993263,3.577959577,3.64292589,4.001176345,4.359426799,4.717677254,5.075927708,5.434178163,5.792428617,6.150679072,6.508929526,20.04213483,21.6011236,21.68539326,22.20505618
Level of water stress: freshwater withdrawal as a proportion of available freshwater resources,Israel,ISR,Europe & Central Asia,139.1942024,136.1789319,133.1636615,148.390993,122.4225692,121.2866304,120.1506916,119.0147528,117.878814,116.7428752,115.6069364,112.2595117,108.912087,105.5128979,102.1482184,98.86981279,103.4423259,103.6148736,95.93650246,100.4227418,110.0854111,131.9989647
Level of water stress: freshwater withdrawal as a proportion of available freshwater resources,Italy,ITA,Europe & Central Asia,39.69735953,38.23045997,36.76356041,35.29666085,33.82976129,32.32144839,30.88289201,29.44433562,47.19539656,29.60034093,29.69508515,29.78982937,29.88457359,29.94407241,29.93375824,29.92344406,29.8426391,29.76183413,29.68102917,29.82201075,29.64578377,29.64578377
Level of water stress: freshwater withdrawal as a proportion of available freshwater resources,Jamaica,JAM,Latin America & Caribbean,10.48692599,10.76081361,11.03470123,11.30858885,11.58247647,11.85636409,12.13025171,12.40413933,12.67802695,12.95191457,13.22580219,13.49968981,13.77357743,14.04746505,14.32135267,7.668853368,12.4734362,12.34396002,12.21448383,12.08500765,11.04643079,12.38281888
Level of water stress: freshwater withdrawal as a proportion of available freshwater resources,Japan,JPN,East Asia & Pacific,41.56321839,40.1954023,38.82758621,38.67126437,38.51494253,38.35862069,38.20229885,38.04597701,37.69471264,37.34344828,37.24348112,37.14351396,37.0435468,36.94357964,36.84361248,36.74364532,36.64367816,36.45977011,36.36781609,36.04597701,36.04597701,36.04597701
Level of water stress: freshwater withdrawal as a proportion of available freshwater resources,Jordan,JOR,Middle East & North Africa,82.57282091,77.3183235,81.81019888,82.31492176,88.91112764,95.93531953,101.5616347,103.2229483,102.7799313,95.58090597,98.90353306,88.16037213,94.03034666,99.78956695,107.4094584,96.156828,100.077528,100.4430169,102.2261602,104.31277,106.0493964,102.5163362
Level of water stress: freshwater withdrawal as a proportion of available freshwater resources,Kazakhstan,KAZ,Europe & Central Asia,29.12621359,28.89042996,30.87378641,31.84466019,32.78779473,34.39667129,29.4590846,31.63661581,28.39112344,29.87517337,33.02357836,30.44382802,29.66712899,31.2482663,32.0110957,30.04160888,30,31.13730929,32.6518724,32.61581137,34.09847434,34.09847434
Level of water stress: freshwater withdrawal as a proportion of available freshwater resources,Kenya,KEN,Sub-Saharan Africa,12.86004185,14.94873909,17.03743632,19.12613355,20.18372394,21.24131433,22.29890472,23.35649511,24.4140855,25.47167589,26.52926628,26.53256389,26.5358615,26.53915911,26.54245672,26.54575433,33.23990107,33.23990107,33.23990107,33.23990107,33.23990107,33.23990107
Level of water stress: freshwater withdrawal as a proportion of available freshwater resources,"Korea, Dem. People's Rep.",PRK,East Asia & Pacific,27.41300865,27.47850048,27.54399231,27.60948414,27.67497597,27.7404678,27.7404678,27.7404678,27.7404678,27.7404678,27.7404678,27.7404678,27.7404678,27.7404678,27.7404678,27.7404678,27.7404678,27.7404678,27.7404678,27.7404678,27.7404678,27.7404678
Level of water stress: freshwater withdrawal as a proportion of available freshwater resources,"Korea, Rep.",KOR,East Asia & Pacific,80.78458844,82.96088733,85.13718622,85.16540183,85.19361744,85.22183304,85.22183304,85.22183304,85.22183304,85.22183304,85.22183304,85.22183304,85.22183304,85.22183304,85.22183304,85.22183304,85.22183304,85.22183304,85.22183304,85.22183304,85.22183304,85.22183304
Level of water stress: freshwater withdrawal as a proportion of available freshwater resources,Kuwait,KWT,Middle East & North Africa,1911.847222,1993.423611,2075,2176.846154,2278.692308,2380.538462,2482.384615,2584.230769,2686.076923,2787.923077,2889.769231,2991.615385,3093.461538,3195.307692,3297.153846,3399,3575,3850.5,3850.5,3850.5,3850.5,3850.5
Level of water stress: freshwater withdrawal as a proportion of available freshwater resources,Kyrgyz Republic,KGZ,Europe & Central Asia,65.44604597,62.87819764,60.31034931,57.74250097,55.17465264,52.60680431,50.03895598,50.03895598,50.03895598,50.03895598,50.03895598,50.03895598,50.03895598,50.03895598,50.03895598,50.03895598,50.03895598,50.03895598,50.03895598,50.03895598,50.03895598,50.03895598
Level of water stress: freshwater withdrawal as a proportion of available freshwater resources,Lao PDR,LAO,East Asia & Pacific,2.048582,2.17935,2.24563,2.26476,2.2746,2.277053455,2.572359844,2.867666232,3.162972621,3.458279009,3.753585398,4.048891786,4.344198175,4.639504563,4.934810952,5.117340287,4.993481095,4.771838331,4.771838331,4.791395046,4.791395046,4.791395046
Level of water stress: freshwater withdrawal as a proportion of available freshwater resources,Latvia,LVA,Europe & Central Asia,1.712551562,1.576350422,1.440777843,1.396110784,1.351443724,1.306776665,1.262109605,1.217442546,1.348261638,2.327047731,1.621685327,2.175014732,1.462581025,1.390689452,0.992928698,1.041249263,1.095214302,1.067280854,1.080430171,1.052616382,1.067831467,1.067831467
Level of water stress: freshwater withdrawal as a proportion of available freshwater resources,Lebanon,LBN,Middle East & North Africa,41.07722258,40.27903958,39.48085659,38.68267359,37.88449059,35.56132382,37.88449059,40.20765737,42.53082414,44.85399092,47.17715769,49.50032446,51.82349124,54.14665801,56.46982479,58.79299156,58.79299156,58.79299156,58.79299156,58.79299156,58.79299156,58.79299156
Level of water stress: freshwater withdrawal as a proportion of available freshwater resources,Lesotho,LSO,Sub-Saharan Africa,2.565905097,2.565905097,2.565905097,2.565905097,2.565905097,2.565905097,2.565905097,2.565905097,2.565905097,2.565905097,2.565905097,2.565905097,2.565905097,2.565905097,2.565905097,2.565905097,2.565905097,2.565905097,2.565905097,2.565905097,2.565905097,2.565905097
Level of water stress: freshwater withdrawal as a proportion of available freshwater resources,Liberia,LBR,Sub-Saharan Africa,0.236956522,0.242427536,0.247898551,0.253369565,0.25884058,0.264311594,0.264311594,0.264311594,0.264311594,0.264311594,0.264311594,0.264311594,0.264311594,0.264311594,0.264311594,0.264311594,0.264311594,0.264311594,0.264311594,0.264311594,0.264311594,0.264311594
Level of water stress: freshwater withdrawal as a proportion of available freshwater resources,Libya,LBY,Middle East & North Africa,615.4285714,631.9571429,648.4857143,665.0142857,681.5428571,698.0714286,715.0816327,732.0918367,749.1020408,766.1122449,783.122449,800.1326531,817.1428571,817.1428571,817.1428571,817.1428571,817.1428571,817.1428571,817.1428571,817.1428571,817.1428571,817.1428571
Level of water stress: freshwater withdrawal as a proportion of available freshwater resources,Lithuania,LTU,Europe & Central Asia,21.85436193,19.95674117,19.222062,18.48738284,17.75270368,17.01802451,16.6705119,16.32299928,13.37130497,10.41961067,7.467916366,4.516222062,3.870223504,3.224224946,2.578226388,2.752703677,2.219899063,1.867339582,1.834102379,1.834102379,1.834102379,1.834102379
Level of water stress: freshwater withdrawal as a proportion of available freshwater resources,Luxembourg,LUX,Europe & Central Asia,4.927031509,4.812603648,4.698175788,4.583747927,4.469320066,4.354892206,4.240464345,4.126036484,4.011608624,3.897180763,3.946932007,3.839137645,3.698175788,3.573797678,3.814262023,3.714759536,3.68159204,3.781094527,4.328358209,4.087893864,3.963515755,3.963515755
Level of water stress: freshwater withdrawal as a proportion of available freshwater resources,Madagascar,MDG,Sub-Saharan Africa,11.18794979,11.20266109,11.21737238,11.23208368,11.24679498,11.26150628,11.26150628,11.26150628,11.26150628,11.26150628,11.26150628,11.26150628,11.26150628,11.26150628,11.26150628,11.26150628,11.26150628,11.26150628,11.26150628,11.26150628,11.26150628,11.26150628
Level of water stress: freshwater withdrawal as a proportion of available freshwater resources,Malawi,MWI,Sub-Saharan Africa,15.9495549,16.60605083,17.26254677,17.34331054,17.42407431,17.50483809,17.50483809,17.50483809,17.50483809,17.50483809,17.50483809,17.50483809,17.50483809,17.50483809,17.50483809,17.50483809,17.50483809,17.50483809,17.50483809,17.50483809,17.50483809,17.50483809
Level of water stress: freshwater withdrawal as a proportion of available freshwater resources,Malaysia,MYS,South Asia,2.892415655,2.912442645,2.932469636,2.952496626,2.972523617,2.992550607,3.012577598,3.032604588,3.052631579,3.07265857,3.09268556,3.112712551,3.132739541,3.152766532,3.172793522,3.192820513,3.36,3.43948718,3.43948718,3.43948718,3.43948718,3.43948718
Level of water stress: freshwater withdrawal as a proportion of available freshwater resources,Maldives,MDV,South Asia,17.66666667,17.125,16.91666667,16.70833333,16.5,14.47619048,14.87301587,15.46031746,15.66666667,9.523809524,3.380952381,15.66666667,15.66666667,15.66666667,15.66666667,15.66666667,15.66666667,15.66666667,15.66666667,15.66666667,15.66666667,15.66666667
Level of water stress: freshwater withdrawal as a proportion of available freshwater resources,Mali,MLI,Sub-Saharan Africa,7.447368421,7.84348603,7.875406108,7.907326186,7.939246264,7.971166342,8.00308642,8.00308642,8.00308642,8.00308642,8.00308642,8.00308642,8.00308642,8.00308642,8.00308642,8.00308642,8.00308642,8.00308642,8.00308642,8.00308642,8.00308642,8.00308642
Level of water stress: freshwater withdrawal as a proportion of available freshwater resources,Malta,MLT,Europe & Central Asia,61.27298444,64.29985856,67.32673267,68.43564356,68.51485149,70.65346535,71.76237624,72.87128713,70.89108911,62.77227723,80.99009901,75.44554455,79.40594059,91.28712871,89.10891089,82.77227723,82.97029703,91.08910891,84.62300297,80.66096515,81.5972998,78.28007149
Level of water stress: freshwater withdrawal as a proportion of available freshwater resources,Mauritania,MRT,Sub-Saharan Africa,15.71232069,15.0830222,14.45372372,13.82442523,13.19512674,13.24621733,13.24621733,13.24621733,13.24621733,13.24621733,13.24621733,13.24621733,13.24621733,13.24621733,13.24621733,13.24621733,13.24621733,13.24621733,13.24621733,13.24621733,13.24621733,13.24621733
Level of water stress: freshwater withdrawal as a proportion of available freshwater resources,Mauritius,MUS,Sub-Saharan Africa,22.173755,23.56718769,24.96062038,26.35405307,25.73609597,25.11813886,24.7909851,22.90076336,27.84442021,22.97346419,23.15521629,20.7560887,21.15594329,22.10105416,22.53725918,22.24645583,22.53725918,22.173755,21.48309706,21.62849873,22.06470374,21.95565249
Level of water stress: freshwater withdrawal as a proportion of available freshwater resources,Mexico,MEX,Latin America & Caribbean,25.57161506,25.80044863,27.12050055,28.02076613,28.20832145,28.58343211,28.88352064,29.50245322,29.92666587,28.7484808,29.87006167,29.81379507,31.03290471,30.6277852,31.85814815,32.13197893,32.47595541,32.94972017,44.46268418,44.71842969,44.81702434,45.01521461
Level of water stress: freshwater withdrawal as a proportion of available freshwater resources,Moldova,MDA,Europe & Central Asia,20.65664066,12.97891298,12.86011286,12.83041283,12.65221265,12.65221265,12.68191268,12.68191268,13.14226314,12.84526285,12.63736264,12.57796258,12.62251262,12.45916246,12.42946243,12.47401247,12.51856252,12.47401247,12.42946243,12.45916246,12.56311256,12.56311256
Level of water stress: freshwater withdrawal as a proportion of available freshwater resources,Mongolia,MNG,East Asia & Pacific,3.585225347,3.648480741,3.711736135,3.774991528,3.838246922,3.753303965,3.964757709,3.991678904,4.018600098,4.045521292,3.896965247,3.748409202,3.599853157,3.451297112,3.302741067,3.154185022,3.395007342,3.395007342,3.395007342,3.395007342,3.395007342,3.395007342
Level of water stress: freshwater withdrawal as a proportion of available freshwater resources,Morocco,MAR,Middle East & North Africa,60.4809677,65.79225268,71.10353766,68.55949695,66.01545625,63.47141554,60.92737484,58.38333413,55.83929343,53.29525272,50.75121202,50.75121202,50.75121202,50.75121202,50.75121202,50.75121202,50.75121202,50.75121202,50.75121202,50.75121202,50.75121202,50.75121202
Level of water stress: freshwater withdrawal as a proportion of available freshwater resources,Mozambique,MOZ,Sub-Saharan Africa,1.035152956,1.07412604,1.129668762,1.185211483,1.240754204,1.296296925,1.341815866,1.387334806,1.432853746,1.478372686,1.523891626,1.569410566,1.614929506,1.660448446,1.705967386,1.751486326,1.751486326,1.751486326,1.751486326,1.751486326,1.751486326,1.751486326
Level of water stress: freshwater withdrawal as a proportion of available freshwater resources,Myanmar,MMR,South Asia,5.801501397,5.801501397,5.801501397,5.801501397,5.801501397,5.801501397,5.801501397,5.801501397,5.801501397,5.801501397,5.801501397,5.801501397,5.801501397,5.801501397,5.801501397,5.801501397,5.801501397,5.801501397,5.801501397,5.801501397,5.801501397,5.801501397
Level of water stress: freshwater withdrawal as a proportion of available freshwater resources,Namibia,NAM,Sub-Saharan Africa,0.897141031,0.879346799,0.861552567,0.861552567,0.861552567,0.861552567,0.861552567,0.861552567,0.861552567,0.861552567,0.861552567,0.861552567,0.861552567,0.861552567,0.861552567,0.861552567,0.861552567,0.861552567,0.861552567,0.861552567,0.861552567,0.861552567
Level of water stress: freshwater withdrawal as a proportion of available freshwater resources,Nepal,NPL,South Asia,8.369070541,8.357622965,8.34617539,8.334727814,8.323280238,8.311832662,8.311832662,8.311832662,8.311832662,8.311832662,8.311832662,8.311832662,8.311832662,8.311832662,8.311832662,8.311832662,8.311832662,8.311832662,8.311832662,8.311832662,8.311832662,8.311832662
Level of water stress: freshwater withdrawal as a proportion of available freshwater resources,Netherlands,NLD,Europe & Central Asia,16.01101196,16.92519461,18.17652364,19.42785267,20.6791817,21.93051073,21.3521929,20.77083729,20.33415607,21.66318587,20.75185115,19.34687678,20.35314221,20.20125309,18.01784697,15.96924245,15.23333966,15.02980824,16.36698361,17.00060692,16.80356059,16.07566255
Level of water stress: freshwater withdrawal as a proportion of available freshwater resources,New Zealand,NZL,East Asia & Pacific,2.76493189,2.970776575,3.17662126,3.382465945,3.58831063,3.794155315,4,4.059698452,4.119396903,4.179095355,4.238793806,5.191116544,6.143439283,7.095762021,8.04808476,8.04808476,8.04808476,8.04808476,8.04808476,8.04808476,8.04808476,8.04808476
Level of water stress: freshwater withdrawal as a proportion of available freshwater resources,Nicaragua,NIC,Latin America & Caribbean,2.419192171,2.509022032,2.539826538,2.570631044,2.60143555,2.632240056,2.651430565,2.670621075,2.689811584,2.663836199,2.637860813,2.611885428,2.563012276,2.514139123,2.465265971,2.416392819,2.367519666,2.318646514,2.269773362,2.219818563,2.220900209,2.220900209
Level of water stress: freshwater withdrawal as a proportion of available freshwater resources,Niger,NER,Sub-Saharan Africa,3.589439872,3.710801044,3.832162216,3.953523389,4.074884561,4.196245734,4.446482746,4.696719757,4.946956769,5.197193781,5.447430793,5.697667804,5.947904816,6.198141828,6.44837884,7.344283277,7.453924915,6.746113481,10.37334044,11.02093771,11.02093771,11.02093771
Level of water stress: freshwater withdrawal as a proportion of available freshwater resources,Nigeria,NGA,Sub-Saharan Africa,7.986821705,8.183410853,8.38,8.576589147,8.773178295,8.969767442,9.109457364,9.249147287,9.388837209,9.528527132,9.668217054,9.668217054,9.668217054,9.668217054,9.668217054,9.668217054,9.668217054,9.668217054,9.668217054,9.668217054,9.668217054,9.668217054
Level of water stress: freshwater withdrawal as a proportion of available freshwater resources,North Macedonia,MKD,Europe & Central Asia,16.74733785,16.03581801,15.32429816,19.54824137,23.77218458,27.99612778,20.66795741,13.33978703,19.34051307,25.34123911,21.99903195,18.65682478,15.31461762,11.97241046,16.40225879,20.83210713,25.26195547,38.69232817,52.12270087,38.70232333,38.3357938,37.96926428
Level of water stress: freshwater withdrawal as a proportion of available freshwater resources,Norway,NOR,Europe & Central Asia,1.829972841,1.95370994,1.942237914,1.960956002,2.136328083,2.083030961,2.234980989,2.301140684,2.231368821,2.161596958,2.133536122,2.10539924,2.077338403,2.094144487,2.11313308,2.063368821,2.013604563,2.046106464,2.044449926,2.042937874,2.041311754,2.009498099
Level of water stress: freshwater withdrawal as a proportion of available freshwater resources,Oman,OMN,Middle East & North Africa,92.85714286,90.79220779,89.75,84.71428571,87.91428571,91.11428571,94.31428571,97.51428571,100.7142857,103.9142857,107.1142857,110.3142857,113.5142857,116.7142857,116.7142857,116.7142857,116.7142857,116.7142857,116.7142857,116.7142857,116.7142857,116.7142857
Level of water stress: freshwater withdrawal as a proportion of available freshwater resources,Pakistan,PAK,South Asia,105.8585363,106.641157,107.4237777,108.2063984,108.9890191,109.7716398,110.6941292,111.6166186,112.569781,112.3182627,113.6617385,110.1036746,115.2567327,112.569781,119.5448132,120.7901356,122.5507638,122.6734556,118.2381449,108.6497761,116.3057481,162.0698117
Level of water stress: freshwater withdrawal as a proportion of available freshwater resources,Panama,PAN,Latin America & Caribbean,0.6782,0.688374,0.71948,0.719018,0.7294628,0.735582,0.739502,0.73957,0.735,0.735,0.771347813,0.815431915,0.859516017,0.903600119,0.8934097,0.930749777,0.90107111,0.90107111,0.90107111,0.90107111,0.90107111,0.90107111
Level of water stress: freshwater withdrawal as a proportion of available freshwater resources,Papua New Guinea,PNG,East Asia & Pacific,0.09153457,0.099676223,0.107817875,0.115959528,0.12410118,0.132242833,0.132242833,0.132242833,0.132242833,0.132242833,0.132242833,0.132242833,0.132242833,0.132242833,0.132242833,0.132242833,0.132242833,0.132242833,0.132242833,0.132242833,0.132242833,0.132242833
Level of water stress: freshwater withdrawal as a proportion of available freshwater resources,Paraguay,PRY,Latin America & Caribbean,0.372708603,0.499722255,0.626735907,0.753749559,0.880763211,1.007776864,1.134790516,1.261804168,1.38881782,1.504992497,1.621167175,1.713508785,1.835399711,1.835399711,1.835399711,1.835399711,1.835399711,1.835399711,1.835399711,1.835399711,1.835399711,1.835399711
Level of water stress: freshwater withdrawal as a proportion of available freshwater resources,Peru,PER,Latin America & Caribbean,2.21923,2.21923,2.21923,2.21923,2.21923,2.21923,2.21923,2.4582,2.526080477,2.969835354,3.412658785,3.855482217,4.298305648,4.74112908,5.183952511,5.626775943,6.069599374,6.512422805,6.955246237,7.181445604,7.181445604,7.181445604
Level of water stress: freshwater withdrawal as a proportion of available freshwater resources,Philippines,PHL,East Asia & Pacific,24.11800673,24.11800673,24.11800673,24.11800673,24.11800673,24.11800673,24.11800673,24.91470498,25.21828187,24.933048,25.45796393,25.69825741,25.75603791,25.81687557,25.81228982,26.41394069,26.63099969,28.06214613,28.17420079,26.28997676,26.74328009,27.20891578
Level of water stress: freshwater withdrawal as a proportion of available freshwater resources,Poland,POL,Europe & Central Asia,42.0512288,41.30771893,40.56420907,40.77258567,40.97680858,41.18310834,41.3894081,41.60609207,39.32156456,39.84077535,37.62547594,41.22533749,39.70231914,38.90619592,36.79820007,36.16476289,35.61439945,34.89096573,33.22256836,31.0971928,30,32.0768432
Level of water stress: freshwater withdrawal as a proportion of available freshwater resources,Portugal,PRT,Europe & Central Asia,21.42790249,20.95901266,20.49012284,20.02123301,19.55234318,19.08345336,18.20131976,18.37653205,18.24249325,18.10845445,17.97441565,17.84037684,17.70633804,17.57229924,17.43826044,17.30422164,17.17018284,12.37988748,12.31571228,12.31571228,12.31571228,12.31571228
Level of water stress: freshwater withdrawal as a proportion of available freshwater resources,Puerto Rico,PRI,Latin America & Caribbean,19.12033936,19.75440947,20.38847957,21.02254968,21.65661978,22.29068989,22.37374414,22.45679839,22.53583389,22.6229069,22.70596115,22.06653271,21.43782094,20.80375084,20.16968073,19.53561063,19.53561063,19.53561063,19.53561063,19.53561063,19.53561063,19.53561063
Level of water stress: freshwater withdrawal as a proportion of available freshwater resources,Qatar,QAT,Middle East & North Africa,282.5862069,300.8965517,321.9655172,341.6551724,361.3448276,374.137931,381.2931034,388.4482759,395.6034483,402.7586207,409.9137931,417.0689655,424.2241379,431.3793103,434.6551724,431.0344828,432.4137931,431.0344828,431.0344828,431.0344828,431.0344828,431.0344828
Level of water stress: freshwater withdrawal as a proportion of available freshwater resources,Romania,ROU,Europe & Central Asia,9.034734575,8.480479356,8.634023032,7.965546297,6.669787473,5.720438161,4.99016946,6.445089411,6.759666698,6.437599476,5.822488531,6.171706769,6.068720157,6.008800674,5.881471772,6.052804045,5.967606029,6.341166557,6.00692819,6.547139781,6.924445277,7.362606498
Level of water stress: freshwater withdrawal as a proportion of available freshwater resources,Russian Federation,RUS,Europe & Central Asia,4.826877888,4.210004166,4.182446233,4.1548883,4.127330368,4.407149376,4.072214503,4.04465657,4.017098637,3.989540705,4.432587467,3.934424839,4.070094662,3.879308974,4.503178172,3.970886104,4.120334893,4.096168705,4.122242749,4.122242749,4.122242749,4.122242749
Level of water stress: freshwater withdrawal as a proportion of available freshwater resources,Rwanda,RWA,Sub-Saharan Africa,4.966887417,5.641024747,6.315162077,6.989299408,7.663436738,8.337574068,9.161143753,9.984713439,10.80828313,11.63185281,12.4554225,13.27899218,14.10256187,14.92613155,15.74970124,16.57327093,17.39684061,18.2204103,19.04397998,20.1986755,20.1986755,20.1986755
Level of water stress: freshwater withdrawal as a proportion of available freshwater resources,Sao Tome and Principe,STP,Sub-Saharan Africa,0.794375748,0.861986438,0.929597128,0.997207818,1.064818508,1.132429198,1.200039888,1.267650578,1.335261268,1.402871959,1.470482649,1.538093339,1.605704029,1.673314719,1.740925409,1.808536099,1.876146789,1.876146789,1.876146789,1.876146789,1.876146789,1.876146789
Level of water stress: freshwater withdrawal as a proportion of available freshwater resources,Saudi Arabia,SAU,Middle East & North Africa,819.7583333,832.6442708,847.7802083,858.1661458,870.1354167,894.8203125,943.3333333,936.1284722,928.9236111,921.71875,914.5138889,907.3090278,900.1041667,894.2395833,894.7083333,948.875,929.5833333,955.9583333,974.1666667,974.1666667,974.1666667,974.1666667
Level of water stress: freshwater withdrawal as a proportion of available freshwater resources,Senegal,SEN,Sub-Saharan Africa,8.452684742,10.12998405,11.80728336,11.89718466,11.98708596,12.07698726,12.16688856,12.25678986,12.35101406,12.44163584,12.53225762,12.62287941,12.71350119,12.80412297,12.89474476,12.98536654,13.07598832,13.15580287,16.0861244,16.2764487,16.2764487,16.2764487
Level of water stress: freshwater withdrawal as a proportion of available freshwater resources,Sierra Leone,SLE,Sub-Saharan Africa,0.44135514,0.452242991,0.463130841,0.474018692,0.484906542,0.495794393,0.495794393,0.495794393,0.495794393,0.495794393,0.495794393,0.495794393,0.495794393,0.495794393,0.495794393,0.495794393,0.495794393,0.495794393,0.495794393,0.495794393,0.495794393,0.495794393
Level of water stress: freshwater withdrawal as a proportion of available freshwater resources,Singapore,SGP,South Asia,313.89375,328.2361667,338.24525,352.521,366.79675,377.5169444,346.2891389,315.0613333,284.45575,252.1835,219.91125,187.639,160.0334167,132.4278333,108.5055833,84.58333333,84.96666667,83.21666667,81.38333333,82.16666667,83.11666667,83.11666667
Level of water stress: freshwater withdrawal as a proportion of available freshwater resources,Slovak Republic,SVK,Europe & Central Asia,5.040877797,4.875,4.709122203,4.440189329,4.171256454,3.90232358,3.431153184,2.959982788,2.855851979,2.702667814,2.584767642,2.552065405,2.862736661,2.742685026,2.406626506,2.468158348,2.389414802,2.393717728,2.394578313,2.403614458,2.388123924,2.436631239
Level of water stress: freshwater withdrawal as a proportion of available freshwater resources,Slovenia,SVN,Europe & Central Asia,5.98739,6.0012,6.079783638,6.134775749,6.189767861,6.244759973,6.284651792,6.324543611,7.031778229,6.373901285,6.257606491,5.749154834,6.274509804,7.813387424,6.628127113,6.064908722,5.999323868,6.29749831,6.497633536,6.382691007,6.781609195,6.29479378
Level of water stress: freshwater withdrawal as a proportion of available freshwater resources,Somalia,SOM,Sub-Saharan Africa,24.46749963,24.48757995,24.50766027,24.52774059,24.52774059,24.52774059,24.52774059,24.52774059,24.52774059,24.52774059,24.52774059,24.52774059,24.52774059,24.52774059,24.52774059,24.52774059,24.52774059,24.52774059,24.52774059,24.52774059,24.52774059,24.52774059
Level of water stress: freshwater withdrawal as a proportion of available freshwater resources,South Africa,ZAF,Sub-Saharan Africa,40.77169388,41.45323776,42.13478164,42.81632553,43.49786941,44.17941329,44.86095717,45.54250105,46.22404493,46.90558881,47.58713269,48.26867657,48.95022045,45.74447646,52.74735831,59.75024015,60.99903939,62.05571566,62.88824848,64.04098623,65.03362152,66.89081012
Level of water stress: freshwater withdrawal as a proportion of available freshwater resources,Spain,ESP,Europe & Central Asia,49.22290389,48.81526926,48.40763463,49.28470802,50.16178141,51.03885481,49.36128153,47.68370825,47.41649625,49.24335378,47.73006135,47.81186094,50.10224949,44.10361282,44.79754601,42.95841854,42.56441718,41.02794819,40.09406953,39.82890252,43.25403923,43.25403923
Level of water stress: freshwater withdrawal as a proportion of available freshwater resources,Sri Lanka,LKA,South Asia,91.23842917,91.14782609,91.057223,90.96661992,90.87601683,90.78541374,90.78541374,90.78541374,90.78541374,90.78541374,90.78541374,90.78541374,90.78541374,90.78541374,90.78541374,90.78541374,90.78541374,90.78541374,90.78541374,90.78541374,90.78541374,90.78541374
Level of water stress: freshwater withdrawal as a proportion of available freshwater resources,St. Kitts and Nevis,KNA,Latin America & Caribbean,50.83333333,50.83333333,50.83333333,50.83333333,50.83333333,50.83333333,50.83333333,50.83333333,50.83333333,50.83333333,50.83333333,50.83333333,50.83333333,50.83333333,50.83333333,50.83333333,50.83333333,50.83333333,50.83333333,50.83333333,50.83333333,50.83333333
Level of water stress: freshwater withdrawal as a proportion of available freshwater resources,St. Lucia,LCA,Latin America & Caribbean,14.3,14.3,14.3,14.3,14.3,14.3,14.3,14.3,14.3,14.3,14.3,14.3,14.3,14.3,14.3,14.3,14.3,14.3,14.3,14.3,14.3,14.3
Level of water stress: freshwater withdrawal as a proportion of available freshwater resources,St. Vincent and the Grenadines,VCT,Latin America & Caribbean,9.75,9.7,9.417444444,9.334222222,9.251,9.5,9.3,9.1,8.9,8.7,8.5,8.3,8.1,7.9,7.9,7.9,7.9,7.9,7.9,7.9,7.9,7.9
Level of water stress: freshwater withdrawal as a proportion of available freshwater resources,Suriname,SUR,Latin America & Caribbean,4.297626684,4.239790464,4.181954244,4.124118024,4.066281805,4.008445585,3.950609365,3.950609365,3.950609365,3.950609365,3.950609365,3.950609365,3.950609365,3.950609365,3.950609365,3.950609365,3.950609365,3.950609365,3.950609365,3.950609365,3.950609365,3.950609365
Level of water stress: freshwater withdrawal as a proportion of available freshwater resources,Sweden,SWE,Europe & Central Asia,3.878787879,3.861471862,3.861471862,3.83982684,3.818181818,3.796536797,3.795815296,3.795093795,3.823472824,3.851851852,3.88023088,3.78961039,3.698989899,3.608369408,3.517748918,3.427128427,3.458297258,3.48946609,3.520634921,3.551803752,3.582972583,3.582972583
Level of water stress: freshwater withdrawal as a proportion of available freshwater resources,Switzerland,CHE,Europe & Central Asia,9.664530892,9.633943555,9.603356217,9.407513349,9.211670481,9.015827613,8.819984745,8.624141876,8.428299008,8.23245614,8.036613272,7.840770404,7.627765065,6.559877956,6.498855835,6.506167048,6.498855835,6.498855835,6.498855835,6.498855835,6.498855835,6.498855835
Level of water stress: freshwater withdrawal as a proportion of available freshwater resources,Syrian Arab Republic,SYR,Middle East & North Africa,134.2238846,138.5163416,145.6852792,128.6401282,125.6541099,125.9631312,125.9631312,125.9631312,125.9631312,125.5623831,125.1616351,124.760887,124.3601389,124.3601389,124.3601389,124.3601389,124.3601389,124.3601389,124.3601389,124.3601389,124.3601389,124.3601389
Level of water stress: freshwater withdrawal as a proportion of available freshwater resources,Tajikistan,TJK,Europe & Central Asia,81.20464441,79.97954875,78.75445309,77.52935744,76.30426178,75.07916612,73.85407046,73.28598027,72.71789008,72.14979989,71.58170969,71.0136195,70.44552931,69.87743912,69.30934893,68.74125874,57.7186964,52.69824515,64.48080222,69.94326428,69.94326428,69.94326428
Level of water stress: freshwater withdrawal as a proportion of available freshwater resources,Tanzania,TZA,Sub-Saharan Africa,10.65094399,11.8070924,12.96324081,12.96324081,12.96324081,12.96324081,12.96324081,12.96324081,12.96324081,12.96324081,12.96324081,12.96324081,12.96324081,12.96324081,12.96324081,12.96324081,12.96324081,12.96324081,12.96324081,12.96324081,12.96324081,12.96324081
Level of water stress: freshwater withdrawal as a proportion of available freshwater resources,Thailand,THA,South Asia,23.01393518,23.01393518,23.01393518,23.01393518,23.01393518,23.01393518,23.01393518,23.01393518,23.01393518,23.01393518,23.01393518,23.01393518,23.01393518,23.01393518,23.01393518,23.01393518,23.01393518,23.01393518,23.01393518,23.01393518,23.01393518,23.01393518
Level of water stress: freshwater withdrawal as a proportion of available freshwater resources,Timor-Leste,TLS,East Asia & Pacific,28.26821032,28.26821032,28.26821032,28.26821032,28.26821032,28.26821032,28.26821032,28.26821032,28.26821032,28.26821032,28.26821032,28.26821032,28.26821032,28.26821032,28.26821032,28.26821032,28.26821032,28.26821032,28.26821032,28.26821032,28.26821032,28.26821032
Level of water stress: freshwater withdrawal as a proportion of available freshwater resources,Togo,TGO,Sub-Saharan Africa,2.580481622,2.575411914,2.570342205,2.844106464,3.117870722,3.391634981,3.391634981,3.391634981,3.391634981,3.391634981,3.391634981,3.391634981,3.391634981,3.391634981,3.391634981,3.391634981,3.391634981,3.391634981,3.391634981,3.391634981,3.391634981,3.391634981
Level of water stress: freshwater withdrawal as a proportion of available freshwater resources,Trinidad and Tobago,TTO,Latin America & Caribbean,18.98428053,19.35912938,19.73397823,20.10882709,20.48367594,18.68198307,18.9560661,19.23014913,19.50423216,19.7783152,20.05239823,20.32648126,20.32648126,20.32648126,20.32648126,20.32648126,20.32648126,20.32648126,20.32648126,20.32648126,20.32648126,20.32648126
Level of water stress: freshwater withdrawal as a proportion of available freshwater resources,Tunisia,TUN,Middle East & North Africa,66.01833278,71.32519107,71.70606607,72.08694107,72.46781606,72.84869106,73.22956606,73.61044105,73.99131605,76.55587436,79.12043267,81.68499099,84.26986263,86.85473428,89.43960592,92.02447757,94.60934921,89.53101592,95.9987812,96.31059086,98.11339918,98.11339918
Level of water stress: freshwater withdrawal as a proportion of available freshwater resources,Turkiye,TUR,Europe & Central Asia,31.19661294,30.40865087,29.6206888,28.83272673,29.3679591,29.90319146,30.43842383,30.80266285,31.16690188,33.52150338,34.88078437,36.19921266,37.51764094,38.05986779,38.60209463,39.89452574,44.27690708,43.66707643,45.37887544,46.28214365,47.16312857,43.37814752
Level of water stress: freshwater withdrawal as a proportion of available freshwater resources,Turkmenistan,TKM,Europe & Central Asia,127.9088099,130.9362871,133.9637644,136.9912416,143.5600206,143.5600206,143.5600206,143.6902112,143.8204019,143.9505925,144.0807831,144.2109737,144.3411643,144.471355,144.6015456,144.7317362,144.8619268,148.6666667,138.4853168,142.7516744,135.2138073,135.2138073
Level of water stress: freshwater withdrawal as a proportion of available freshwater resources,Uganda,UGA,Sub-Saharan Africa,3.015553522,3.161710888,3.307868253,3.727889601,4.147910949,4.567932296,4.987953644,5.407974992,5.82799634,5.82799634,5.82799634,5.82799634,5.82799634,5.82799634,5.82799634,5.82799634,5.82799634,5.82799634,5.82799634,5.82799634,5.82799634,5.82799634
Level of water stress: freshwater withdrawal as a proportion of available freshwater resources,Ukraine,UKR,Europe & Central Asia,23.68489246,22.85851257,22.02954133,21.2005701,20.37159886,19.53874061,19.48121275,19.41953874,19.358383,19.29696813,19.24073594,17.96093548,16.68113501,15.40133454,14.12153408,11.80228038,12.08214563,13.87017362,13.87017362,13.72894532,12.25576574,12.25576574
Level of water stress: freshwater withdrawal as a proportion of available freshwater resources,United Arab Emirates,ARE,Middle East & North Africa,1555.866667,1527.928889,1499.991111,1472.053333,1669.36,1866.666667,1849.636364,1832.606061,1815.575758,1798.545455,1781.515152,1764.484848,1747.454545,1730.424242,1713.393939,1696.363636,1679.333333,1630,1667.333333,1628.666667,1587.333333,1533.333333
Level of water stress: freshwater withdrawal as a proportion of available freshwater resources,United Kingdom,GBR,Europe & Central Asia,21.285515,21.41985585,21.5541967,21.68853755,21.8228784,21.95721925,22.0915601,14.51491901,14.23188406,14.11935209,14.09036658,13.10315431,13.66922421,13.04518329,12.42114237,13.91304348,14.35464621,14.35464621,14.35464621,14.35464621,14.35464621,14.35464621
Level of water stress: freshwater withdrawal as a proportion of available freshwater resources,United States,USA,North America,30.00633714,30.07604563,30.13941698,30.20278834,30.2661597,30.32953105,29.57160963,28.81368821,28.05576679,27.29784537,26.53358682,26.86433602,27.18874808,27.51316014,27.83757221,28.16198427,28.16198427,28.16198427,28.16198427,28.16198427,28.16198427,28.16198427
Level of water stress: freshwater withdrawal as a proportion of available freshwater resources,Uruguay,URY,Latin America & Caribbean,9.786096257,9.786096257,9.786096257,9.786096257,9.786096257,9.786096257,9.786096257,9.786096257,9.786096257,9.786096257,9.786096257,9.786096257,9.786096257,9.786096257,9.786096257,9.786096257,9.786096257,9.786096257,9.786096257,9.786096257,9.786096257,9.786096257
Level of water stress: freshwater withdrawal as a proportion of available freshwater resources,Uzbekistan,UZB,Europe & Central Asia,153.0808308,154.1152853,150.8316605,147.5480356,144.2644107,140.9807858,141.3950228,141.8092598,142.2234968,142.6377338,143.0519708,143.4662078,143.8804448,144.2946818,144.7089188,158.1301979,156.438199,168.9131058,160.3842845,151.843992,143.2606825,121.8353886
Level of water stress: freshwater withdrawal as a proportion of available freshwater resources,"Venezuela, RB",VEN,Latin America & Caribbean,3.019633333,3.681113333,4.342593333,4.755216978,5.383801077,6.012385176,6.58888185,7.540366667,7.540366667,7.540366667,7.540366667,7.540366667,7.540366667,7.540366667,7.540366667,7.540366667,7.540366667,7.540366667,7.540366667,7.540366667,7.540366667,7.540366667
Level of water stress: freshwater withdrawal as a proportion of available freshwater resources,Viet Nam,VNM,East Asia & Pacific,15.9049433,16.35745925,16.80997519,17.22373317,17.67624911,18.13031538,18.13031538,18.13031538,18.13031538,18.13031538,18.13031538,18.13031538,18.13031538,18.13031538,18.13031538,18.13031538,18.13031538,18.13031538,18.13031538,18.13031538,18.13031538,18.13031538
Level of water stress: freshwater withdrawal as a proportion of available freshwater resources,West Bank and Gaza,PSE,Middle East & North Africa,40.07512005,38.57509628,46.16079494,48.62596872,54.31464841,58.19426615,56.26681881,53.85679646,51.44677412,49.03675177,38.62501783,38.06874911,41.73441734,43.1322208,39.15275995,41.53473114,40.02282128,41.07830552,42.74711168,47.01183854,50.26387106,47.75353017
Level of water stress: freshwater withdrawal as a proportion of available freshwater resources,"Yemen, Rep.",YEM,Middle East & North Africa,161.1428571,162.8666667,164.5904762,166.3142857,168.0380952,169.7619048,169.7619048,169.7619048,169.7619048,169.7619048,169.7619048,169.7619048,169.7619048,169.7619048,169.7619048,169.7619048,169.7619048,169.7619048,169.7619048,169.7619048,169.7619048,169.7619048
Level of water stress: freshwater withdrawal as a proportion of available freshwater resources,Zambia,ZMB,Sub-Saharan Africa,2.895923521,2.865710678,2.835497836,2.835497836,2.835497836,2.835497836,2.835497836,2.835497836,2.835497836,2.835497836,2.835497836,2.835497836,2.835497836,2.835497836,2.835497836,2.835497836,2.835497836,2.835497836,2.835497836,2.835497836,2.835497836,2.835497836
Level of water stress: freshwater withdrawal as a proportion of available freshwater resources,Zimbabwe,ZWE,Sub-Saharan Africa,35.73976718,37.60796095,39.47615471,38.28389035,37.09162599,35.89936162,34.70709726,33.5148329,33.3094724,33.1041119,32.90121573,32.69667668,32.48803042,32.28266992,32.07730943,31.87194893,31.93766429,31.34622606,35.40538538,39.76966178,46.09162031,46.09162031
People using at least basic drinking water services (% of population),Afghanistan,AFG,South Asia,27.44185609,27.47358023,29.67486273,31.87558916,34.09443129,36.33122612,38.56711933,41.0836739,43.63260872,46.21376265,48.82696852,51.47237647,54.14949164,56.85814159,59.59815817,62.36965956,65.17216226,68.00887159,70.87994089,73.784643,76.7222554,79.69307846
People using at least basic drinking water services (% of population),Albania,ALB,Europe & Central Asia,86.39704395,86.90406849,87.45163572,87.98719672,88.51058126,89.02118584,89.519135,90.00419038,90.47614984,90.93440962,91.37947961,91.81088856,92.22877853,92.63159606,93.02005806,93.39432397,93.75487791,94.1020962,94.43639343,94.75822472,95.06803881,95.08151344
People using at least basic drinking water services (% of population),Algeria,DZA,Middle East & North Africa,89.84882858,90.1134478,90.37380433,90.62972248,90.88125472,91.12825339,91.37095553,91.60923199,91.84330874,92.07203497,92.29597346,92.51498929,92.7451847,92.97088115,93.19234678,93.40955765,93.62277554,93.83197493,94.03741493,94.23913986,94.43732997,94.63210204
People using at least basic drinking water services (% of population),Andorra,AND,Europe & Central Asia,99.99999946,100,100,100,100,99.99999788,100,100,100,100,99.99999807,100,99.999998,100,100,100,99.999996,100,99.99999557,99.99999679,99.99999853,100
People using at least basic drinking water services (% of population),Angola,AGO,Sub-Saharan Africa,41.14430979,42.25467587,43.37680046,44.36387282,45.3513348,46.33601842,47.15023077,47.96146928,48.77040372,49.57516449,50.37684043,51.17483566,51.96854191,52.75734577,53.54150779,54.31693061,55.08427251,55.84290952,56.59174877,56.88303749,57.16773792,57.44672553
People using at least basic drinking water services (% of population),Antigua and Barbuda,ATG,Latin America & Caribbean,98.36655579,98.36655579,98.36655579,98.36655579,98.36655579,98.36655579,98.36655579,98.36655579,98.36655579,98.36655579,98.36617655,98.36582156,98.36570723,98.3655938,98.36547509,98.36536227,98.3652624,98.36517544,98.36510059,98.36503872,98.36499378,98.36495728
People using at least basic drinking water services (% of population),Argentina,ARG,Latin America & Caribbean,96.28402574,96.52281987,96.7554693,96.98241662,97.20434612,97.42118831,97.63321418,97.8403601,98.04287811,98.24072911,98.4340479,98.62186278,98.80529366,98.86419896,98.92324799,98.98230819,99.04137378,99.04137378,99.04137378,99.04137378,99.04137378,99.04137378
People using at least basic drinking water services (% of population),Armenia,ARM,Europe & Central Asia,95.33217951,95.58795941,95.85911521,96.13686224,96.41666223,96.69845958,96.98240199,97.26836714,97.55648136,97.84664299,98.13891463,98.43331046,98.7298229,99.02892492,99.32487567,99.52456083,99.52935101,99.53440756,99.91482849,99.92817193,99.9415164,99.95489411
People using at least basic drinking water services (% of population),Australia,AUS,East Asia & Pacific,99.71229519,99.71124409,99.71219329,99.73435854,99.75634326,99.77814868,99.79977395,99.82125416,99.84255512,99.86367471,99.88314449,99.89196182,99.90076959,99.90958939,99.96147641,99.9700009,99.96996668,99.96993751,99.96989377,99.96985437,99.96981765,99.96977467
People using at least basic drinking water services (% of population),Austria,AUT,Europe & Central Asia,99.99999973,100,99.9999993,99.99999704,99.99999751,99.99999922,100,99.99999908,99.99999831,100,100,99.99999942,99.99999666,99.99999786,100,99.99999882,100,100,99.99999932,99.99999659,100,100
People using at least basic drinking water services (% of population),Azerbaijan,AZE,Europe & Central Asia,73.41658034,74.6393821,75.87028403,77.10983091,78.35749902,79.61282999,80.87600459,82.14713946,83.42550742,84.71124873,86.00788276,87.31426296,88.62950603,89.9528553,91.28315301,92.56932373,93.35315993,94.1312334,94.90297679,95.66774777,96.36208218,97.00710207
People using at least basic drinking water services (% of population),"Bahamas, The",BHS,Latin America & Caribbean,98.24549561,98.28825994,98.33102426,98.37378859,98.41655291,98.45931724,98.50208157,98.54484589,98.58761022,98.63037454,98.67313887,98.71590319,98.75866752,98.80143185,98.84419617,98.8869605,98.8869605,98.8869605,98.8869605,98.8869605,98.8869605,98.8869605
People using at least basic drinking water services (% of population),Bahrain,BHR,Middle East & North Africa,99.9586654,99.95672708,99.95478876,99.95285044,99.95091212,99.94897381,99.94703549,99.94509717,99.94315885,99.94122053,99.93928221,99.93734389,99.93540557,99.93346725,99.93152893,99.92959062,99.9276523,99.92571398,99.92377566,99.92183734,99.91989902,99.91989902
People using at least basic drinking water services (% of population),Bangladesh,BGD,South Asia,94.81892121,94.99368594,95.17376963,95.35256256,95.52997248,95.70895752,95.88471178,96.05709845,96.2259786,96.39123318,96.55282537,96.71059726,96.86438458,97.01406183,97.15966368,97.30110109,97.43839091,97.57149329,97.70041155,97.82513657,97.94567602,98.03301971
People using at least basic drinking water services (% of population),Barbados,BRB,Latin America & Caribbean,98.32442346,98.33442488,98.3444263,98.35442772,98.36442913,98.37443055,98.38443197,98.39443339,98.40443481,98.41443623,98.42443765,98.43443907,98.44444049,98.4544419,98.46444332,98.47444474,98.48444616,98.49444758,98.504449,98.51445042,98.51445042,98.51445042
People using at least basic drinking water services (% of population),Belarus,BLR,Europe & Central Asia,98.35623563,98.34853713,98.34090341,98.33334459,98.32881122,98.31888001,98.31100211,98.30514271,98.30125967,98.29934188,98.29925527,98.30131464,98.30554604,98.31191843,98.32036146,98.33085564,98.34333448,98.35775457,98.3739982,98.39198685,98.65157317,99.18791665
People using at least basic drinking water services (% of population),Belgium,BEL,Europe & Central Asia,99.9999969,99.99999857,100,99.99999666,100,100,99.99999833,99.99999762,99.99999548,99.99999875,99.99999936,99.99999579,99.99999882,99.99999564,99.99999856,99.99999628,100,99.99999838,100,100,99.99999626,100
People using at least basic drinking water services (% of population),Belize,BLZ,Latin America & Caribbean,87.43148709,88.08195778,88.73249995,89.38311081,90.03379901,90.68455247,91.33538034,91.98627778,92.63724704,93.28828247,93.93748034,94.5876062,95.23855345,95.89018574,96.5423001,97.17559148,97.58454052,97.99257797,98.39929304,98.40054977,98.40195593,98.40350771
People using at least basic drinking water services (% of population),Benin,BEN,Sub-Saharan Africa,61.74041162,62.00164804,62.27615239,62.57329943,62.86596649,63.15366216,63.43658674,63.71491094,63.98838244,64.25656435,64.51984869,64.77819667,65.03157927,65.27959979,65.52347496,65.76275873,65.99736203,66.22719933,66.45219788,66.67226715,66.88732895,67.12590915
People using at least basic drinking water services (% of population),Bhutan,BTN,South Asia,82.36160234,83.46728539,84.61995697,85.7539271,86.86839087,87.95675999,88.97896447,89.98677222,90.97982582,91.95755308,92.91982976,93.86634017,94.79608007,95.70915284,96.60577774,97.48622327,98.18623888,98.65984174,98.7649965,98.87231224,98.98171763,99.12699463
People using at least basic drinking water services (% of population),Bolivia,BOL,Latin America & Caribbean,80.77157461,81.49409135,82.19249548,82.87855229,83.5560293,84.22429029,84.88441386,85.53545827,86.17844733,86.81247622,87.43794458,88.05519668,88.66400129,89.25007344,89.82033479,90.38416809,90.94184943,91.49294855,92.03884407,92.5659539,93.08742169,93.60317892
People using at least basic drinking water services (% of population),Bosnia and Herzegovina,BIH,Europe & Central Asia,97.26970236,97.22155577,97.17080598,97.11741305,97.06139302,97.00270686,96.94137641,96.87739427,96.8107513,96.74144844,96.66949517,96.59486914,96.45003105,96.3520045,96.16812777,96.15984348,96.15126413,96.14235888,96.13317409,96.12370062,96.11389712,96.10382253
People using at least basic drinking water services (% of population),Botswana,BWA,Sub-Saharan Africa,75.16963508,75.5201052,75.73260632,75.9236021,76.1129062,76.29933393,77.40737036,78.89837283,80.34214207,81.7351622,83.07976877,84.37522514,85.46790528,86.50760331,87.52248077,88.51249646,89.47790173,90.41850621,91.33266974,92.22140297,92.33857774,92.44851614
People using at least basic drinking water services (% of population),Brazil,BRA,Latin America & Caribbean,93.47152526,93.81434358,94.14248975,94.46352639,94.77735764,95.08413598,95.38418819,95.67762687,95.96456397,96.24479883,96.51879999,96.787975,97.05097804,97.30767188,97.55858119,97.80356479,97.95583973,98.45095603,98.6794937,98.93554395,99.3208588,99.5894011
People using at least basic drinking water services (% of population),Brunei Darussalam,BRN,East Asia & Pacific,99.90001621,99.90001621,99.90001621,99.90001621,99.90001621,99.90001815,99.90002009,99.90002204,99.90002398,99.90002592,99.90002786,99.90002981,99.90003175,99.90003369,99.90003563,99.90003757,99.90003952,99.90004146,99.9000434,99.90004534,99.90004728,99.90004922
People using at least basic drinking water services (% of population),Bulgaria,BGR,Europe & Central Asia,99.81301578,99.77143103,99.73061276,99.69052301,99.65116359,99.61252276,99.57458854,99.53736124,99.50083242,99.46499183,99.42983087,99.39534161,99.36155372,99.32848418,99.29611316,99.26445893,99.23350673,99.20327222,99.17372726,99.144878,99.11673596,99.08929849
People using at least basic drinking water services (% of population),Burkina Faso,BFA,Sub-Saharan Africa,57.5604209,57.74084444,57.26702331,56.80007832,56.34175965,55.89187623,55.4522333,54.97087263,54.45223222,53.93546037,53.42170279,52.9114899,52.40497554,51.90266966,51.40547529,50.91354751,50.42741061,49.94632323,49.47116142,49.0028525,48.54098615,49.02263051
People using at least basic drinking water services (% of population),Burundi,BDI,Sub-Saharan Africa,50.66311786,51.2344753,51.80933453,52.38732605,52.968435,53.55263025,54.14023045,54.73087029,55.32519883,55.92217405,56.52311806,57.12765968,57.73542912,58.34740424,58.96254191,59.58147078,60.20415296,60.83054747,61.46061817,62.09432128,62.20712127,62.32256445
People using at least basic drinking water services (% of population),Cabo Verde,CPV,Sub-Saharan Africa,79.12983382,79.38143479,79.62918018,79.87256033,80.32343404,80.77592712,81.23053363,81.68670828,82.14496413,82.60418967,83.06287687,83.46776,83.87383612,84.28092354,84.68899797,85.3679901,86.24227407,87.10680256,87.96184758,88.59087109,89.17757394,89.82515425
People using at least basic drinking water services (% of population),Cambodia,KHM,East Asia & Pacific,51.89988059,53.60842599,55.31484534,57.01914034,58.53308871,59.80225786,61.04359154,62.25746005,63.4540974,64.6766676,65.87015675,67.03474276,68.17060775,69.2776989,70.35670984,71.40760021,72.43058189,73.42564747,74.39437162,75.33672107,76.25310742,77.06604334
People using at least basic drinking water services (% of population),Cameroon,CMR,Sub-Saharan Africa,56.3102137,57.0664322,57.80701597,58.53157578,59.24064783,59.93299225,60.60961695,61.27061571,61.91608624,62.54572904,63.16005285,63.7587753,64.34202313,64.90954947,65.46150775,65.99804744,66.51931924,67.02480944,67.51535721,67.99048422,68.45069732,68.89556458
People using at least basic drinking water services (% of population),Canada,CAN,North America,99.22699033,99.23151017,99.23257189,99.23365033,99.23471217,99.23464426,99.23461716,99.23549564,99.23607713,99.23635645,99.23634919,99.23589467,99.2343231,99.23268868,99.23098341,99.22922133,99.22739609,99.22553538,99.22363094,99.22165498,99.22180959,99.22198864
People using at least basic drinking water services (% of population),Central African Republic,CAF,Sub-Saharan Africa,59.01048961,57.82857744,56.6533341,55.4843769,54.32170487,53.17255566,52.03638672,50.91298561,49.80146544,48.70127702,47.61218168,46.53332035,45.46442815,44.4049339,43.35400147,42.3113462,41.27664504,40.2488161,39.22754773,38.21226712,37.20240255,36.19738081
People using at least basic drinking water services (% of population),Chad,TCD,Sub-Saharan Africa,38.63259224,39.21389278,39.79751226,40.38433993,40.97391272,41.56621554,42.16123731,42.75939006,43.35980965,43.96291383,44.57602945,45.19885522,45.83145958,46.47309522,47.12341516,47.78243364,48.44975461,49.12496637,49.80800666,50.49806435,51.19537781,51.89910104
People using at least basic drinking water services (% of population),Chile,CHL,Latin America & Caribbean,95.74912084,96.06289135,96.35846198,96.61068666,96.86142301,97.1101192,97.35732213,97.60271551,97.84658567,98.08867286,98.32901155,98.56781977,98.80491435,99.04038809,99.27424822,99.50649288,99.7371867,99.96544595,100,100,100,100
People using at least basic drinking water services (% of population),China,CHN,East Asia & Pacific,78.89696106,79.25339441,80.44005342,81.59692546,82.72291013,83.81579831,84.8656287,85.87742305,86.85683007,87.8020667,88.71396501,89.58121346,90.41089567,91.20790795,91.97311924,92.70634229,93.40787932,94.07732535,94.71350098,95.3173719,95.89031366,96.69444916
People using at least basic drinking water services (% of population),Colombia,COL,South Asia,91.96005013,92.26911734,92.57299555,92.87173792,93.16519304,93.45342803,93.73652208,94.01434119,94.28719082,94.55513009,94.81804937,95.0760498,95.32938423,95.57797688,95.82189584,96.06140925,96.29659226,96.52736455,96.73950122,96.89252467,97.04102366,97.3938173
People using at least basic drinking water services (% of population),Comoros,COM,Sub-Saharan Africa,90.94792726,90.84135922,90.00563993,89.17160035,88.33926381,87.50908449,86.68150995,85.8569962,85.03592147,84.21875231,83.40597806,82.59787752,81.79491372,80.99756768,80.20603155,80.13199878,80.14885132,80.16751699,80.18798722,80.21050148,80.21050148,80.21050148
People using at least basic drinking water services (% of population),"Congo, Dem. Rep.",COD,Sub-Saharan Africa,37.5599291,37.53027718,37.49159112,37.44383309,37.38696067,37.32292855,37.25265457,37.17605673,37.09206279,37.00157749,36.90354072,36.7988406,36.68642781,36.56622493,36.43863491,36.30309755,36.15953324,36.00739897,35.84708556,35.67805731,35.50023727,35.31309699
People using at least basic drinking water services (% of population),"Congo, Rep.",COG,Sub-Saharan Africa,57.1558733,57.46332684,57.95335973,58.44132663,59.50972438,60.57693973,61.64256616,62.70681215,63.77038879,64.83275778,65.89390897,66.95217639,68.007571,69.05953703,70.10704245,71.1495836,72.186657,73.21776015,73.40681588,73.59586981,73.78451098,73.97232686
People using at least basic drinking water services (% of population),Costa Rica,CRI,Latin America & Caribbean,94.46448597,94.90686292,95.33070818,95.7362071,96.12338202,96.49218189,96.84328398,97.17687568,97.49346611,97.79303084,98.05413456,98.2983163,98.56015058,98.80678218,99.03924799,99.2586048,99.46580563,99.66176577,99.78441801,99.79752937,99.81053657,99.81186902
People using at least basic drinking water services (% of population),Cote d'Ivoire,CIV,Sub-Saharan Africa,70.63286541,70.75422997,70.87355312,70.99046997,71.10531996,71.2170598,71.32637605,71.43326087,71.53771046,71.63906067,71.73796362,71.83441597,71.92809448,72.01900031,72.10713701,72.19523724,72.28260477,72.36946589,72.45574287,72.54105817,72.62534474,72.73826702
People using at least basic drinking water services (% of population),Croatia,HRV,Europe & Central Asia,98.64940847,98.65561869,98.66048822,98.66538911,98.67026243,98.67513297,98.68000837,98.68487858,98.68487858,98.68487858,98.68487858,98.68487858,98.68487858,98.68487858,98.68487858,98.68487858,98.68487858,98.68487858,98.68487858,98.68487858,98.68487858,98.68487858
People using at least basic drinking water services (% of population),Cuba,CUB,Latin America & Caribbean,91.72159619,91.88144446,92.03835437,92.1811031,92.31082401,92.44151372,92.57125075,92.70003656,92.827848,92.9545652,93.08033481,93.20513083,93.32897378,93.44703097,93.56357226,93.68002466,93.79618672,93.91317981,94.03072233,94.14848234,94.26627907,94.55759874
People using at least basic drinking water services (% of population),Cyprus,CYP,Europe & Central Asia,99.88938905,99.88931955,99.88936002,99.88154277,99.87373902,99.86594369,99.8581592,99.85038824,99.84262884,99.83488603,99.82714845,99.81942242,99.81171664,99.8039949,99.79626351,99.78852265,99.78075922,99.77298663,99.76518343,99.76519236,99.76517216,99.76513248
People using at least basic drinking water services (% of population),Czechia,CZE,Europe & Central Asia,99.80612426,99.80582817,99.81139472,99.81697684,99.82258094,99.82820048,99.83384075,99.83949876,99.84518045,99.85088092,99.85659797,99.86233659,99.86818226,99.87410974,99.8800125,99.88009591,99.8801724,99.88026044,99.88035845,99.88046889,99.88058826,99.8807193
People using at least basic drinking water services (% of population),Denmark,DNK,Europe & Central Asia,99.99999941,99.99999974,100,99.99999738,99.99999885,99.99999754,100,100,100,99.99999606,99.99999778,99.99999984,99.99999536,99.99999692,99.99999811,100,99.9999967,99.99999994,100,100,99.99999671,99.99999983
People using at least basic drinking water services (% of population),Djibouti,DJI,Sub-Saharan Africa,75.44816584,75.46308997,75.47846799,75.49428536,75.51055484,75.52696449,75.5441214,75.56172076,75.57976895,75.59794406,75.61980671,75.64549839,75.6748318,75.70827962,75.74529904,75.78704575,75.83262976,75.8825219,75.93685011,75.99574636,76.04992218,76.10704703
People using at least basic drinking water services (% of population),Dominica,DMA,Latin America & Caribbean,93.83141899,93.95366799,94.075917,94.198166,94.32041501,94.44266402,94.56491302,94.68716203,94.80941103,94.93166004,95.05390905,95.17615805,95.29840706,95.42065606,95.42065606,95.42065606,95.42065606,95.42065606,95.42065606,95.42065606,95.42065606,95.42065606
People using at least basic drinking water services (% of population),Dominican Republic,DOM,Latin America & Caribbean,90.79247225,91.11783243,91.43564654,91.80778521,92.19215567,92.56050143,92.91369785,93.25169039,93.57482701,93.88253825,94.17606832,94.44442565,94.6933128,94.93099856,95.15800589,95.37474698,95.58145208,95.77818745,95.96420108,96.14011415,96.30657934,96.70461445
People using at least basic drinking water services (% of population),Ecuador,ECU,North America,82.30737234,83.03977537,83.78533048,84.50497242,85.22428318,85.94305275,86.66128081,87.37936197,88.09690105,88.81389072,89.5305233,90.24070396,90.94651251,91.65232578,92.35796856,93.06378158,93.76941473,94.31313766,94.66226561,95.01122463,95.35976471,95.67799951
People using at least basic drinking water services (% of population),"Egypt, Arab Rep.",EGY,Middle East & North Africa,98.24286968,98.27363968,98.30435258,98.33502152,98.3656432,98.39622033,98.42674341,98.45655703,98.48599305,98.51547185,98.54496489,98.57450418,98.6036168,98.63281421,98.66207752,98.69141163,98.72082325,98.75057376,98.75586753,98.76141522,98.7671898,98.7679087
People using at least basic drinking water services (% of population),El Salvador,SLV,Latin America & Caribbean,78.63602688,78.83571522,80.0285291,81.21578688,82.3977564,83.57281354,84.74156284,85.91682204,87.16195848,88.38433444,89.58419189,90.76148681,91.91556296,93.04596327,94.1529284,95.23621844,96.2074761,96.80501289,97.38221093,97.82034809,98.03050896,98.1944683
People using at least basic drinking water services (% of population),Equatorial Guinea,GNQ,Sub-Saharan Africa,51.0981422,51.79044282,52.54199556,53.35041793,54.21502915,55.13172115,56.10057729,57.11856958,58.18379642,59.29179455,60.44136452,61.62961076,62.85388821,63.67151348,63.92647439,64.1785995,64.42551943,64.66581881,64.66581881,64.66581881,64.66581881,64.66581881
People using at least basic drinking water services (% of population),Eritrea,ERI,Sub-Saharan Africa,46.81421316,47.12042544,47.44092438,47.77522,48.12341792,48.4844084,48.85949406,49.24695323,49.6487022,49.81032243,49.97738033,50.15052795,50.32917294,50.70512913,51.08356493,51.46509113,51.84971602,51.84971602,51.84971602,51.84971602,51.84971602,51.84971602
People using at least basic drinking water services (% of population),Estonia,EST,Europe & Central Asia,97.3621552,97.52317312,97.68528972,97.84845015,98.01271845,98.17809118,98.34453661,98.51209637,98.68076837,98.85055802,99.02144153,99.19344749,99.36816325,99.54379172,99.71812719,99.89118708,99.91523918,99.93914833,99.96315938,99.98728731,99.99999772,99.99999915
People using at least basic drinking water services (% of population),Eswatini,SWZ,Sub-Saharan Africa,53.41057153,54.25749814,55.09984099,55.93754622,56.76973155,57.597612,58.4203102,59.25677406,60.2061843,61.14761098,62.08110417,63.00709453,63.89772836,64.78115571,65.65703239,66.52576766,67.3899527,68.40200752,69.41459089,70.4275346,71.44067379,72.45384449
People using at least basic drinking water services (% of population),Ethiopia,ETH,Sub-Saharan Africa,18.6823027,20.23204104,21.77133079,23.29816378,24.81318152,26.31636601,27.80829464,29.2977074,30.87521297,32.43837989,33.98875142,35.52504903,37.04819624,38.54822835,40.03466472,41.5068553,42.96515862,44.40849742,45.83816087,47.25397856,48.65534768,50.04256282
People using at least basic drinking water services (% of population),Fiji,FJI,East Asia & Pacific,94.81718255,94.84407707,94.87096904,94.8927017,94.91479485,94.93704204,94.95964731,94.98255091,95.01254149,95.04453639,95.07698061,95.10973717,95.14294675,95.17632026,95.21007027,95.24420222,95.27863668,95.31330364,95.34827332,95.38331405,95.4183554,95.45346194
People using at least basic drinking water services (% of population),Finland,FIN,Europe & Central Asia,100,100,100,100,100,100,100,100,99.99999839,100,99.99999765,99.99999916,100,100,100,100,99.99999656,100,99.99999776,100,100,100
People using at least basic drinking water services (% of population),France,FRA,Europe & Central Asia,99.99999855,100,99.99999693,99.99999953,100,100,100,100,100,100,99.99999749,99.99999933,99.99999848,100,99.99999726,100,99.99999747,100,99.9999994,100,99.99999807,100
People using at least basic drinking water services (% of population),Gabon,GAB,Sub-Saharan Africa,80.40336377,80.81045921,81.19348441,81.55269516,81.88880538,82.20205629,82.49410384,82.76514129,83.01672438,83.24814231,83.4613515,83.65649521,83.83500065,83.99615335,84.13763984,84.53873554,84.92279576,85.29116453,85.64474014,85.98402117,86.31060541,86.62492936
People using at least basic drinking water services (% of population),"Gambia, The",GMB,Sub-Saharan Africa,72.10759085,72.77809519,73.44622447,74.10499672,74.73545697,75.36384722,75.99014872,76.61434328,77.23659235,77.85617214,78.47360428,79.08852744,79.70128206,80.31101947,80.91759275,81.52086464,82.12054881,82.71685108,83.30966128,83.89902078,84.48498247,85.06744157
People using at least basic drinking water services (% of population),Georgia,GEO,Europe & Central Asia,94.56058472,94.66594746,94.79654366,94.9560758,95.11407758,95.27055371,95.42559496,95.57919178,95.73126945,95.5965407,95.16723078,94.74182011,94.32044707,93.90296231,93.48961053,93.48324267,93.72272213,93.96128893,94.1991086,94.43602693,94.6720999,94.82521607
People using at least basic drinking water services (% of population),Germany,DEU,Europe & Central Asia,100,100,99.9999985,100,99.99999862,100,100,100,99.99999811,100,99.99999981,99.99999871,99.99999933,99.99999858,100,99.99999831,100,99.99999885,100,99.99999955,100,100
People using at least basic drinking water services (% of population),Ghana,GHA,Sub-Saharan Africa,65.21850519,66.07747328,67.13208511,68.18790366,69.24527568,70.30330028,71.36282236,72.42368484,73.48598355,74.54908317,75.61405894,76.68027472,77.74759239,78.81560651,79.88443044,80.95415387,82.02488344,83.09646612,84.16899962,85.2423371,86.31680848,87.39227104
People using at least basic drinking water services (% of population),Greece,GRC,Europe & Central Asia,99.68615969,99.71014326,99.7354151,99.76014153,99.78434018,99.80799953,99.83112531,99.85375262,99.87585747,99.89746496,99.91857144,99.93920434,99.95935101,99.97902009,99.9982288,100,100,99.99999797,99.99999996,99.9999993,100,99.99999523
People using at least basic drinking water services (% of population),Grenada,GRD,Latin America & Caribbean,93.30763781,93.53995278,93.77226775,94.00458272,94.23689769,94.46921266,94.70152763,94.9338426,95.16615757,95.39847254,95.63078751,95.86310247,95.97138889,95.62865044,95.62865044,95.62865044,95.62865044,95.62865044,95.62865044,95.62865044,95.62865044,95.62865044
People using at least basic drinking water services (% of population),Guatemala,GTM,Latin America & Caribbean,86.50062284,86.89611886,87.28850972,87.67411134,88.05451635,88.43186703,88.80631879,89.17801578,89.54695003,89.91274746,90.27591873,90.63610249,90.99354141,91.34940945,91.70357302,92.05609181,92.40652645,92.75493845,93.13263572,93.50770908,93.88009354,94.249619
People using at least basic drinking water services (% of population),Guinea,GIN,Sub-Saharan Africa,50.02018683,50.72768648,51.43398956,52.13943223,52.84364972,53.54663635,54.24872887,54.94956436,55.64913401,56.34743112,57.04478445,58.18183723,59.32821312,60.4838781,61.64879434,62.82726327,64.01923754,65.22465218,66.44345567,67.67524723,68.92063096,70.17919763
People using at least basic drinking water services (% of population),Guinea-Bissau,GNB,Sub-Saharan Africa,55.29962783,55.75649289,56.19872712,56.62560187,57.03741529,57.43349532,57.81475979,58.18054145,58.53110843,58.86583904,59.18586004,59.49052719,59.78007042,60.05416259,60.31300277,60.55653666,60.7844521,60.99670087,61.19347431,61.37447181,61.53965699,61.68898345
People using at least basic drinking water services (% of population),Guyana,GUY,Latin America & Caribbean,88.53828969,88.87096221,89.20418629,89.52902088,89.85303074,90.17871614,90.50613141,90.8352089,91.16593591,91.49836144,91.83242347,92.16811577,92.51514777,92.86214826,93.20959095,93.55731288,93.90519554,94.25312672,94.60087173,94.94836382,95.27688502,95.56886613
People using at least basic drinking water services (% of population),Haiti,HTI,Latin America & Caribbean,56.23929167,57.06076571,57.89030759,58.72479186,59.25748515,59.75303022,60.24737921,60.73925827,61.22998529,61.71657645,62.20078936,62.6818037,63.15965895,63.632691,64.10223823,64.56748547,65.02301685,65.46682711,65.89944518,66.32098621,66.69531027,67.06127542
People using at least basic drinking water services (% of population),Honduras,HND,Latin America & Caribbean,85.35103154,85.91440749,86.49802919,87.03055806,87.55660447,88.07531181,88.58737208,89.09246174,89.5907539,90.08180006,90.56608672,91.04319763,91.5135813,91.97672467,92.43305529,92.88200787,93.32389297,93.75866583,94.18628686,94.60684752,95.02044782,95.4270668
People using at least basic drinking water services (% of population),Hungary,HUN,Europe & Central Asia,99.96457819,99.96467464,99.96508328,99.96549697,99.96590498,99.96637324,99.96690344,99.96743489,99.96795746,99.96847453,99.96893049,99.96937823,99.96970061,99.96997432,99.97025194,99.97052614,99.97080569,99.97109172,99.99999908,100,99.99999998,99.99999885
People using at least basic drinking water services (% of population),Iceland,ISL,Europe & Central Asia,100,99.99999897,99.99999945,99.99999691,99.99999872,99.99999977,100,100,99.99999765,100,100,100,100,100,100,100,100,99.99999999,100,99.99999846,100,100
People using at least basic drinking water services (% of population),India,IND,South Asia,79.87927122,80.4891123,81.13055718,81.7689909,82.40450807,83.0367817,83.6659241,84.2920134,84.91499745,85.53459122,86.15087227,86.76390529,87.37450795,87.98236686,88.58737184,89.1893093,89.78796094,90.38318358,90.97467558,91.56222114,92.14560477,92.72465388
People using at least basic drinking water services (% of population),Indonesia,IDN,South Asia,75.28481916,76.2593158,77.22445116,78.17992927,79.12611373,80.0618734,80.97675626,81.88158296,82.77673013,83.66144056,84.53261175,85.37712756,86.21291847,87.03968855,87.85794205,88.66724949,89.46766707,90.25872108,91.04079719,91.81374215,92.58739569,93.35176582
People using at least basic drinking water services (% of population),"Iran, Islamic Rep.",IRN,Middle East & North Africa,94.1533951,94.36459688,94.57094402,94.77248338,94.96918302,95.16100063,95.34801735,95.5260946,95.69784738,95.86550623,96.0292184,96.18896023,96.34392093,96.49453872,96.64162908,96.78510654,96.92508336,97.06151359,97.19433972,97.32361287,97.44947559,97.57192402
People using at least basic drinking water services (% of population),Iraq,IRQ,Middle East & North Africa,80.84652168,81.73641157,82.62603773,83.51539802,84.40448745,85.29328598,86.18150888,87.06974577,87.95767133,88.84504973,89.74767999,90.65621955,91.56041212,92.46028373,93.35601966,94.24759454,95.13617359,96.02130945,96.9024006,97.77878522,98.35990655,98.37115437
People using at least basic drinking water services (% of population),Ireland,IRL,Europe & Central Asia,97.21169153,97.1473421,97.08262652,97.01741411,96.95181003,96.88583577,96.81959609,96.75350609,96.68714393,96.6205072,96.55360187,96.48642325,96.4189639,96.35124121,96.28324272,96.21498164,96.14643777,96.07744324,96.00794412,96.00410448,96.00005775,95.99583147
People using at least basic drinking water services (% of population),Israel,ISR,Europe & Central Asia,100,100,99.99999701,100,100,100,99.99999949,99.99999987,100,100,100,100,99.99999943,100,99.99999778,100,100,100,99.99999749,99.99999724,100,100
People using at least basic drinking water services (% of population),Italy,ITA,Europe & Central Asia,99.55705953,99.582772,99.60848447,99.63419693,99.6599094,99.68562187,99.71133434,99.7370468,99.76275927,99.78847174,99.81418421,99.83989667,99.86560914,99.89132161,99.91703407,99.91703407,99.91703407,99.91703407,99.91703407,99.91703407,99.91703407,99.91703407
People using at least basic drinking water services (% of population),Jamaica,JAM,Latin America & Caribbean,93.14004202,93.29478259,93.4446875,93.59264843,93.40535118,93.06985084,92.70615526,92.34106451,91.97480777,91.60719179,91.23834321,90.86839297,90.49889888,90.130086,90.27309347,90.41679825,90.56120541,90.70612937,90.85157431,90.99735255,91.02994536,91.06403594
People using at least basic drinking water services (% of population),Japan,JPN,East Asia & Pacific,98.50412758,98.50412758,98.50412758,98.50412758,98.50412758,98.54134021,98.57855283,98.61576545,98.65297807,98.6901907,98.72740332,98.76461594,98.80182857,98.83904119,98.87625381,98.91346643,98.95067906,98.98789168,99.0251043,99.06231693,99.09952955,99.13674217
People using at least basic drinking water services (% of population),Jordan,JOR,Middle East & North Africa,98.56181574,98.56778923,98.5737637,98.57970394,98.58566652,98.61819535,98.65789398,98.69539783,98.73081285,98.76406082,98.79535693,98.82473271,98.85230653,98.87806773,98.90221055,98.91247593,98.92255222,98.93238859,98.94198745,98.95136621,98.96051423,98.96502866
People using at least basic drinking water services (% of population),Kazakhstan,KAZ,Europe & Central Asia,90.14568569,90.55147366,90.90030462,91.24822766,91.5952525,91.9413655,92.28656573,92.63085579,92.97423496,93.31670627,93.65815128,93.99878571,94.33850515,94.63220123,94.82920032,95.02533539,95.2205094,95.41466198,95.4202367,95.42702887,95.4349661,95.44405932
People using at least basic drinking water services (% of population),Kenya,KEN,Sub-Saharan Africa,47.52154396,48.25189923,48.97944435,49.70406053,50.42562386,51.14309156,51.85730125,52.56813316,53.27547007,53.97832359,54.67746822,55.37487173,56.06988752,56.76310347,57.45347274,58.14116381,58.8259447,59.50757233,60.18617698,60.86078326,61.53186756,62.19883728
People using at least basic drinking water services (% of population),Kiribati,KIR,East Asia & Pacific,60.89323127,61.6721874,62.31155961,62.95130895,63.59115198,64.23079461,65.00649253,65.89077445,66.74667168,67.52886808,68.18722551,68.83945984,69.48539129,70.12365986,70.7549985,71.37893316,71.99093232,72.58975732,73.1759221,73.74936738,74.30947728,74.8564949
People using at least basic drinking water services (% of population),"Korea, Dem. People's Rep.",PRK,East Asia & Pacific,99.30294241,99.30254281,99.30215054,99.30176013,99.23950107,98.86546949,98.49233978,98.12010025,97.74875274,97.38017542,97.01418795,96.65020618,96.28832524,95.92847313,95.57067566,95.21488042,94.8621023,94.5124537,94.16623302,93.82368591,93.8438458,93.86514132
People using at least basic drinking water services (% of population),"Korea, Rep.",KOR,East Asia & Pacific,98.7011689,98.7011689,98.7011689,98.7011689,98.7011689,98.7011689,98.7011689,98.78306348,98.86495807,98.94685265,99.02874723,99.11064182,99.1925364,99.27443098,99.35632556,99.43822015,99.52011473,99.60200931,99.68390389,99.76579848,99.84769306,99.92958764
People using at least basic drinking water services (% of population),Kuwait,KWT,East Asia & Pacific,100,100,100,100,100,100,100,100,100,100,100,100,100,100,100,100,100,100,100,100,100,100
People using at least basic drinking water services (% of population),Kyrgyz Republic,KGZ,Europe & Central Asia,80.17834607,80.17790024,80.82580605,81.47351337,82.12144804,82.66259941,83.20168485,83.73830327,84.27265807,84.80493182,85.33899541,85.87472313,86.4119694,86.95008652,87.48894591,88.02824826,88.55761795,88.99300048,89.4269431,89.85880809,90.71465374,90.75355704
People using at least basic drinking water services (% of population),Lao PDR,LAO,East Asia & Pacific,46.14384821,48.52492924,50.88386076,53.21832229,55.52860606,57.74583944,59.80960241,61.85268706,63.87598155,65.87823873,67.86005174,69.82139978,71.76251573,73.68240087,75.5818244,77.46057181,79.59784341,81.45199708,83.28588372,85.09983182,85.21973934,85.34039989
People using at least basic drinking water services (% of population),Latvia,LVA,Europe & Central Asia,97.80272246,97.79931901,97.84864417,97.89956212,97.9543593,98.00888409,98.06017678,98.11085191,98.16173244,98.21362015,98.26635844,98.31903036,98.37163211,98.4241538,98.47659061,98.52896219,98.58136423,98.63375291,98.6860671,98.73825457,98.790264,98.8420438
People using at least basic drinking water services (% of population),Lebanon,LBN,Middle East & North Africa,84.40596642,84.84642761,85.2868888,85.72735,86.16781119,86.60827238,87.04873357,87.48919477,87.92965596,88.37011715,88.81057835,89.25103954,89.69150073,90.13196192,90.57242312,91.01288431,91.4533455,91.89380669,92.33426789,92.6,92.6,92.6
People using at least basic drinking water services (% of population),Lesotho,LSO,Sub-Saharan Africa,65.63661116,65.99235595,66.35420823,66.72212835,67.09668955,67.47722153,67.8645033,68.23731546,68.61574852,68.99924224,69.38859185,69.7836825,70.15477855,70.52984005,70.90917101,71.29309909,71.68120047,72.07380589,72.47256851,72.87737521,73.28891871,73.62876066
People using at least basic drinking water services (% of population),Liberia,LBR,Sub-Saharan Africa,62.11411672,62.99085186,63.86447642,64.73440242,65.60090431,66.46369748,67.06656995,67.6595867,68.24256541,68.81828202,69.38666319,69.94787326,70.50136916,71.04755986,71.58593081,72.11666588,72.63971258,73.15461894,73.66177561,74.1609603,74.65214832,75.13533668
People using at least basic drinking water services (% of population),Libya,LBY,Middle East & North Africa,84.23207196,85.10204151,85.97201105,86.8419806,87.71195015,88.58191969,89.45188924,90.32185879,91.19182833,92.06179788,92.93176743,93.80173697,94.67170652,95.54167607,96.41164561,97.28161516,98.15158471,99.02155425,99.8915238,99.8915238,99.8915238,99.8915238
People using at least basic drinking water services (% of population),Lithuania,LTU,Europe & Central Asia,89.66956633,90.1167291,90.560304,91.0054057,91.45202698,91.91387063,92.38924601,92.86344154,93.33644746,93.79765243,94.24874488,94.709604,95.1863941,95.66101477,96.13359819,96.60413913,97.07374491,97.54206645,97.99053209,98.00147289,98.0133505,98.02597266
People using at least basic drinking water services (% of population),Luxembourg,LUX,Europe & Central Asia,99.99999962,99.99999827,99.99999874,100,100,100,99.99999905,99.99999762,100,100,100,100,99.98719886,99.9652463,99.94460496,99.92517285,99.90687371,99.88960731,99.87330423,99.87670462,99.87993712,99.88300827
People using at least basic drinking water services (% of population),Madagascar,MDG,Sub-Saharan Africa,36.94812135,37.58068659,38.21267999,38.84360315,39.47389826,40.25529736,41.03784213,41.82098696,42.60557439,43.38922358,44.17277754,44.95570638,45.73793715,46.51894172,47.29910296,48.07744671,48.85435338,49.62931155,50.40224327,51.17220614,51.94002333,52.70430719
People using at least basic drinking water services (% of population),Malawi,MWI,Sub-Saharan Africa,53.85515039,54.69443654,55.5306961,56.36427892,57.19482482,58.02266899,58.84746137,59.66951877,60.48851631,61.30794117,62.12746351,62.94702865,63.76602247,64.58462333,65.40196362,66.21842924,67.03293471,67.84581516,68.65666131,69.46487563,70.27046908,71.07282907
People using at least basic drinking water services (% of population),Malaysia,MYS,South Asia,96.87855964,96.9386639,96.94078469,96.94479257,96.95063816,96.95799792,96.96703609,96.97763044,96.9897377,97.0030775,97.01774845,97.02389168,97.02948839,97.03601918,97.04368865,97.05220722,97.06169882,97.07118427,97.08076703,97.09036742,97.09991057,97.10941679
People using at least basic drinking water services (% of population),Maldives,MDV,South Asia,93.81617524,94.19996753,94.57652949,94.94539745,95.30630475,95.6587151,95.99455718,96.3039887,96.62838782,96.94978433,97.26817969,97.58354875,97.8958735,98.20509988,98.51123658,98.8142446,99.11409292,99.41077592,99.49723018,99.52720781,99.54444506,99.56211426
People using at least basic drinking water services (% of population),Mali,MLI,Sub-Saharan Africa,49.87319257,51.39387545,52.98589799,54.57614143,56.16489487,57.74996267,59.3326833,60.91125969,62.48626188,64.05566242,65.61789044,67.17238639,68.71863971,70.25615185,71.78475309,73.30372917,74.81295484,76.31230288,77.80116815,79.27971511,80.74718639,82.2039904
People using at least basic drinking water services (% of population),Malta,MLT,Europe & Central Asia,99.9999995,99.99999645,100,99.99999828,100,99.99999958,100,100,99.99999655,99.99999954,100,99.99999755,99.9999999,99.9999973,100,99.9999976,100,100,100,100,100,99.99999912
People using at least basic drinking water services (% of population),Marshall Islands,MHL,East Asia & Pacific,88.84645417,88.84645417,88.80341398,88.76077953,88.71856769,88.67685063,88.55951946,88.44164621,88.32307601,88.15835578,87.89319211,87.6326711,87.37707785,87.12641937,86.88041596,86.63897473,86.40190838,86.16912543,85.94038941,85.71566293,85.49472136,85.27744254
People using at least basic drinking water services (% of population),Mauritania,MRT,Sub-Saharan Africa,41.67271363,42.48995153,44.03618855,45.60095482,47.18387756,48.78334308,50.39937826,52.03159485,53.68001639,55.341775,57.01812275,58.70825032,60.41135329,62.12580407,63.84797264,65.57669765,67.31084246,69.05089351,70.79534705,72.54431314,74.29672112,76.0527122
People using at least basic drinking water services (% of population),Mauritius,MUS,Sub-Saharan Africa,99.31633748,99.3495706,99.38288312,99.4162775,99.44976092,99.48333374,99.516982,99.55071664,99.58453666,99.6184441,99.65243159,99.68650041,99.72065661,99.75489887,99.7892274,99.82363337,99.85815809,99.89277812,99.92746315,99.96219872,99.99580024,100
People using at least basic drinking water services (% of population),Mexico,MEX,Latin America & Caribbean,90.60438204,91.17409195,91.73916461,92.29961356,92.85557993,93.40674858,93.95330477,94.49512411,95.01559433,95.4075017,95.79532112,96.17946047,96.55966621,96.93611422,97.30882022,97.67764771,98.04274749,98.40401993,98.76154546,99.11535302,99.36870453,99.54000271
People using at least basic drinking water services (% of population),"Micronesia, Fed. Sts.",FSM,East Asia & Pacific,91.08964843,91.0286886,90.96772877,90.90676893,90.8458091,90.78484927,90.72388944,90.6629296,90.60196977,90.54100994,90.4800501,90.41909027,90.35813044,90.29717061,90.23621077,90.17525094,90.11429111,90.11429111,90.11429111,90.11429111,90.11429111,90.11429111
People using at least basic drinking water services (% of population),Moldova,MDA,Europe & Central Asia,82.9191762,83.25385659,83.59315745,83.93707704,84.28582488,84.67450463,85.1000532,85.52610994,85.95268945,86.37978121,86.80739765,87.23553006,87.6641847,88.09335413,88.52304778,88.9514518,89.38346047,89.81838971,90.25597559,90.69568696,91.1372487,91.58024326
People using at least basic drinking water services (% of population),Monaco,MCO,Europe & Central Asia,100,100,100,100,100,100,100,100,100,100,100,100,100,100,100,100,100,100,100,100,100,100
People using at least basic drinking water services (% of population),Mongolia,MNG,East Asia & Pacific,62.49536142,63.89309919,65.26318851,66.60525454,67.91896531,69.2018583,70.45649227,71.68211454,72.87908432,74.04479035,75.18270871,76.01982268,76.69714202,77.37377291,78.04927127,78.72452395,79.39908232,80.07253322,80.75155877,81.4356126,82.12411976,82.81580975
People using at least basic drinking water services (% of population),Montenegro,MNE,Europe & Central Asia,95.1859673,95.1859673,95.1859673,95.1859673,95.1859673,95.1859673,95.1859673,95.4302206,95.67468856,95.91929633,96.16409497,96.40909948,96.65430968,96.89974749,97.14540908,97.3912959,97.63738506,97.88369496,98.50629847,98.68140384,98.85691237,98.86039399
People using at least basic drinking water services (% of population),Morocco,MAR,North America,64.79590211,65.62688366,66.58858096,67.54955053,68.51021524,69.58071643,70.66760897,71.74673953,72.81733464,73.87871162,74.9321261,75.97590373,77.01032471,78.03476339,79.04947938,80.05386786,81.0481698,82.0318146,84.03338117,84.98185076,85.91876283,86.84331424
People using at least basic drinking water services (% of population),Mozambique,MOZ,Sub-Saharan Africa,22.71350958,23.76608891,25.28195067,26.83066549,28.41254755,30.02686455,31.67443584,33.35351467,35.20691872,37.10244393,39.02834916,40.98299573,42.96574075,44.97592539,47.01288194,49.07594286,51.16441418,53.27718269,55.4139859,57.57536808,59.76011086,61.48093159
People using at least basic drinking water services (% of population),Myanmar,MMR,South Asia,47.72685324,49.18904186,50.67131963,52.17386936,53.69657662,55.23932183,56.80170922,58.38389964,59.98577243,61.60694764,63.24782116,64.90775604,66.58688622,68.28485172,70.00199044,71.74100192,73.50167437,75.28354325,77.08633594,78.90933534,80.72876332,82.33106172
People using at least basic drinking water services (% of population),Namibia,NAM,Sub-Saharan Africa,75.9628102,76.36898217,76.87820661,77.4019459,77.92040013,78.43186512,78.93709617,79.43533459,79.92672372,80.40942719,80.88501644,81.35198792,81.81798213,82.27515836,82.72342443,83.16192152,83.58640627,83.99611787,84.39131371,84.83948489,85.27519175,85.69866327
People using at least basic drinking water services (% of population),Nauru,NRU,East Asia & Pacific,98.08179376,98.00989792,97.93800209,97.86610626,97.79421042,97.72231459,97.65041875,97.57852292,97.50662709,97.43473125,97.36283542,97.29093958,97.21904375,97.14714792,97.07525208,97.00335625,97.00335625,97.00335625,97.00335625,97.00335625,97.00335625,97.00335625
People using at least basic drinking water services (% of population),Nepal,NPL,South Asia,79.66978885,80.32528079,80.93642244,81.54126796,82.13971392,82.73166532,83.31703813,83.89582312,84.4678254,85.03294997,85.59110733,86.14227181,86.68653071,87.22355971,87.75332524,88.27558063,88.79020539,89.29699309,89.79577585,90.28636635,90.76858353,91.24225081
People using at least basic drinking water services (% of population),Netherlands,NLD,Europe & Central Asia,99.99999699,99.99999839,99.99999872,100,99.99999946,100,99.99999852,100,100,99.99999857,99.99999966,100,100,99.99999885,100,100,99.99999718,100,100,100,100,100
People using at least basic drinking water services (% of population),New Zealand,NZL,East Asia & Pacific,99.99999977,99.99999947,99.9999996,99.99999948,99.99999842,100,99.99999773,100,99.99999746,100,99.99999889,100,100,99.99999959,99.99999881,99.99999926,100,100,100,100,100,99.99999623
People using at least basic drinking water services (% of population),Nicaragua,NIC,Latin America & Caribbean,80.64617257,80.67124858,80.69755624,80.72540058,80.75477573,80.78702365,80.83575079,80.88607324,80.93866656,80.9928506,81.04895044,81.10696735,81.16690271,81.22875352,81.29213789,81.35312776,81.41597245,81.43567693,81.52108697,81.61223897,81.70875397,81.70875397
People using at least basic drinking water services (% of population),Niger,NER,Sub-Saharan Africa,37.48628983,38.23239215,38.90706401,39.56157645,40.19529961,40.80763393,41.39977493,41.97111679,42.52108487,43.05082527,43.55975449,44.04732928,44.51464166,44.96113464,45.39465277,45.81592649,46.22361824,46.61847744,46.9992413,47.36668482,47.72058004,48.06025265
People using at least basic drinking water services (% of population),Nigeria,NGA,Sub-Saharan Africa,44.44227719,45.72861319,47.28830737,48.85676424,50.43349276,52.01767139,53.60953465,55.20897067,56.8158521,58.42870468,60.04844897,61.67095755,63.29621992,64.92356739,66.55300611,68.1845425,69.81722688,71.45173552,73.08745791,74.72412633,76.36179027,78.00019357
People using at least basic drinking water services (% of population),North Macedonia,MKD,Europe & Central Asia,96.88548935,96.88944207,96.89339323,96.89734468,96.90131618,96.95946031,97.01654778,97.07273209,97.12813805,97.18288779,97.23714512,97.29103387,97.34469856,97.39826776,97.45189183,97.50570698,97.55985027,97.6144574,97.66967302,97.72562379,97.782442,97.84027221
People using at least basic drinking water services (% of population),Norway,NOR,Europe & Central Asia,100,99.99999929,99.99999705,99.99999715,100,99.9999966,100,100,99.99999855,100,100,99.99999825,99.99999939,99.99999938,99.99999592,100,99.99999935,100,99.99999554,99.9999987,100,100
People using at least basic drinking water services (% of population),Oman,OMN,Middle East & North Africa,85.63807514,85.63376739,85.62945946,85.62515195,85.69364863,86.06027373,86.42351704,86.78319742,87.13935771,87.49161731,87.84044766,88.28548873,88.79879415,89.29448069,89.77447134,90.238487,90.68742466,91.1148947,91.52309539,91.88826398,92.16803133,92.30971939
People using at least basic drinking water services (% of population),Pakistan,PAK,South Asia,87.36402076,87.60278309,87.83853927,88.07328112,88.30713702,87.99057987,88.14406172,88.31188748,88.47793129,88.64219188,88.80475285,88.96560218,89.12473117,89.28197133,89.43748479,89.59124695,89.74324599,89.89341028,90.04259791,90.19065035,90.33733695,90.48246306
People using at least basic drinking water services (% of population),Palau,PLW,East Asia & Pacific,99.35647703,99.36258888,99.36885884,99.37528089,99.39055072,99.40518969,99.4192327,99.43267475,99.44554648,99.45783643,99.46957059,99.48075281,99.49141435,99.50153023,99.51114727,99.52026243,99.52884257,99.53690227,99.54447242,99.55158874,99.55827274,99.56455201
People using at least basic drinking water services (% of population),Panama,PAN,Latin America & Caribbean,89.55529771,89.91732754,90.27671569,90.61265093,90.82700902,91.03067503,91.23114057,91.42826163,91.62241639,91.81345541,92.00124448,92.18742812,92.37180472,92.55433285,92.73510858,92.91379865,93.24263726,93.57005378,93.8958373,94.18249882,94.39579261,94.60610698
People using at least basic drinking water services (% of population),Papua New Guinea,PNG,East Asia & Pacific,31.75455612,31.74152155,31.73085431,31.72018833,31.7089302,32.73957797,33.77066198,34.80218352,35.83414345,36.85911794,37.88025702,38.89703537,39.91049984,40.92716679,41.9466986,42.96876517,43.993033,45.01917832,46.04734163,47.07672559,48.10702261,49.16923268
People using at least basic drinking water services (% of population),Paraguay,PRY,Latin America & Caribbean,76.23621902,77.78791985,79.29885589,80.69661158,82.05783645,83.40380942,84.73430301,86.04939888,87.34940588,88.63415055,89.90372023,91.15819917,92.3978173,93.61879682,94.82515548,96.01860861,97.19929685,98.36716941,99.52249129,99.59111402,99.59347078,99.59589823
People using at least basic drinking water services (% of population),Peru,PER,Latin America & Caribbean,80.14888658,80.93497288,81.71007896,82.47468413,83.22852561,83.97138141,84.70408402,85.42607569,86.09832572,86.74732348,87.39220248,88.0324057,88.66852141,89.30003452,89.92725534,90.55041628,91.16910595,91.78356915,92.39508371,93.00323669,93.60796814,94.20889819
People using at least basic drinking water services (% of population),Philippines,PHL,East Asia & Pacific,85.97865351,86.34583393,86.73532905,87.12551565,87.51639149,87.90795746,88.30021131,88.69314892,89.08678134,89.48119999,89.88078901,90.30275327,90.72337168,91.14273863,91.56067672,91.97735056,92.39268342,92.80785571,93.22283512,93.63735675,94.05123275,94.46428059
People using at least basic drinking water services (% of population),Poland,POL,Europe & Central Asia,99.15923942,99.15923942,99.15923942,99.15923942,99.15923942,99.15923942,99.15742087,99.15558544,99.15373976,99.15190181,98.42693741,97.69974641,96.96967513,96.23715299,95.50208251,94.76457298,94.02673268,93.28948967,92.55354831,91.81968718,91.08880581,90.36157032
People using at least basic drinking water services (% of population),Portugal,PRT,Europe & Central Asia,99.22966537,99.21638791,99.20467766,99.19441659,99.1856113,99.17824674,99.17232204,99.16781624,99.16473716,99.16305561,99.16276713,99.16386946,99.16633152,99.17011756,99.17521888,99.18160885,99.18926467,99.1981686,99.20827956,99.21959411,99.23206739,99.24568371
People using at least basic drinking water services (% of population),Puerto Rico,PRI,Latin America & Caribbean,97.21324563,97.36072591,97.50820618,97.65568646,97.80316673,97.95064701,98.09812728,98.24560756,98.39308783,98.54056811,98.68804838,98.83552866,98.98300893,99.13048921,99.27796948,99.42544976,99.57293003,99.72041031,99.86789058,100,100,100
People using at least basic drinking water services (% of population),Qatar,QAT,Middle East & North Africa,99.90292479,99.90292479,99.90292479,99.90292479,99.90292479,99.90292479,99.90292479,99.90292479,99.90292479,99.90907103,99.91521727,99.92136351,99.92750975,99.93365599,99.93980223,99.94594847,99.9520947,99.95824094,99.96438718,99.97053342,99.97667966,99.9828259
People using at least basic drinking water services (% of population),Romania,ROU,Europe & Central Asia,100,99.99999928,99.99999654,99.99999691,100,99.99999844,99.99999709,100,99.99999909,100,99.99999969,100,100,99.99999949,99.99999969,100,100,100,100,99.99999968,100,99.99999778
People using at least basic drinking water services (% of population),Russian Federation,RUS,Europe & Central Asia,95.34696903,95.34648351,95.42082084,95.49952109,95.57957812,95.65942913,95.73907585,95.81850988,95.8977416,95.97666366,96.05547825,96.1340916,96.21385339,96.29457295,96.37634216,96.45888519,96.54219618,96.62617767,96.71064913,96.79552688,96.88071805,96.96612688
People using at least basic drinking water services (% of population),Rwanda,RWA,Sub-Saharan Africa,44.48774008,45.59731088,46.72691887,47.61841862,48.48070012,49.35047468,50.22803577,51.11279588,52.00504396,52.90507829,53.81231172,54.7270313,55.64953606,56.57923344,57.52104964,58.4752231,59.4411197,60.41926084,61.4095815,62.41173597,63.42593872,64.45210935
People using at least basic drinking water services (% of population),Samoa,WSM,East Asia & Pacific,87.06282717,87.05799489,87.06474488,87.07764497,87.09043787,87.3410975,87.59025482,87.83775902,88.08370006,88.32823665,88.57138831,88.81320552,89.05407299,90.1108838,91.16885311,92.22800181,93.28828503,94.34969265,95.41251056,96.42283497,97.39664729,98.272016
People using at least basic drinking water services (% of population),San Marino,SMR,Europe & Central Asia,100,100,100,100,100,100,100,100,100,100,100,100,100,100,100,100,100,100,100,100,100,100
People using at least basic drinking water services (% of population),Sao Tome and Principe,STP,Sub-Saharan Africa,68.75599746,69.26977622,69.80319982,70.33289478,70.85439563,71.36689351,71.87085849,72.3663036,72.85323685,73.33124167,73.80078212,74.26166846,74.71414073,75.15499806,75.58498701,76.00423482,76.41304573,76.81173489,77.20059546,77.33578043,77.31735714,77.28513049
People using at least basic drinking water services (% of population),Saudi Arabia,SAU,Middle East & North Africa,98.67444104,98.67444104,98.67444104,98.67444104,98.67444104,98.67444104,98.67444104,98.67444104,98.67444104,98.67444104,98.67444104,98.67444104,98.67444104,98.67444104,98.67444104,98.67444104,98.67092316,98.66739715,98.66386148,98.6603423,98.65680086,98.65327913
People using at least basic drinking water services (% of population),Senegal,SEN,Sub-Saharan Africa,59.75554064,60.87561445,61.99899371,63.19138221,64.43399432,65.67368093,66.91110899,68.1456747,69.37720313,70.60514976,71.83008773,73.05145255,74.26874508,75.48213562,76.6914468,77.89878574,79.10338197,80.30526834,81.50340428,82.69752948,83.88690325,85.0712263
People using at least basic drinking water services (% of population),Serbia,SRB,Europe & Central Asia,89.30678863,89.30194684,89.29705829,89.29219102,89.2871688,89.65237254,90.01889881,90.38668576,90.75583902,91.12630098,91.49811902,91.87120913,92.2482472,92.62696807,93.00635223,93.38645841,93.76723173,94.14836873,94.53003144,94.91235983,95.29552514,95.67966514
People using at least basic drinking water services (% of population),Seychelles,SYC,Sub-Saharan Africa,93.90996488,94.03540881,94.16085275,94.28629668,94.41174061,94.53718455,94.66262848,94.78807242,94.91351635,95.03896028,95.16440422,95.28984815,95.41529209,95.54073602,95.66617995,95.79162389,95.91706782,96.04251176,96.16795569,96.29339962,96.41884356,96.41884356
People using at least basic drinking water services (% of population),Sierra Leone,SLE,Sub-Saharan Africa,41.08422857,41.41036277,42.51755644,43.62496293,44.73254072,45.87009838,47.02915498,48.18664963,49.34250673,50.49629966,51.64797777,52.79782803,53.94577963,55.09110644,56.23441347,57.37531506,58.51406784,59.65265416,60.79141944,61.92980925,63.06756337,64.20441759
People using at least basic drinking water services (% of population),Singapore,SGP,South Asia,100,100,100,100,100,100,100,100,100,100,100,100,100,100,100,100,100,100,100,100,100,100
People using at least basic drinking water services (% of population),Slovak Republic,SVK,Europe & Central Asia,97.98089196,97.97942403,97.97627401,97.97312255,97.96997129,97.96682201,97.96365397,97.96047796,97.9573308,98.25165213,98.6223366,98.99754331,99.37583391,99.52016926,99.78675248,99.78719083,99.7875192,99.78773397,99.78783051,99.78781785,99.78770136,99.78745843
People using at least basic drinking water services (% of population),Slovenia,SVN,Europe & Central Asia,99.5,99.5,99.5,99.5,99.5,99.5,99.5,99.5,99.5,99.5,99.5,99.5,99.5,99.5,99.5,99.5,99.5,99.5,99.5,99.5,99.5,99.5
People using at least basic drinking water services (% of population),Solomon Islands,SLB,East Asia & Pacific,78.68496203,78.73919287,78.7945401,78.85100482,78.90859117,78.10979926,77.1528574,76.21346164,75.29205026,74.38849744,73.503217,72.63482813,71.78353036,70.9490707,70.13112974,69.32991977,68.54479684,67.7759579,67.00625681,67.15380217,67.30102727,67.44761069
People using at least basic drinking water services (% of population),Somalia,SOM,Sub-Saharan Africa,23.66108195,25.22862338,26.79330239,28.55890021,30.31993827,32.07421658,33.82365674,33.82597207,35.98033477,38.12852005,40.27196078,42.40725332,43.99182441,45.57015088,47.14313008,48.71115376,50.27459541,51.83293105,53.3865153,54.93440825,56.47697291,58.01372821
People using at least basic drinking water services (% of population),South Africa,ZAF,Sub-Saharan Africa,84.57745975,85.10100259,85.63310209,86.16214889,86.68225052,87.19257889,87.69378452,88.18590843,88.66925944,89.14285765,89.60755538,90.0631651,90.50997354,90.94738287,91.37614288,91.79609584,92.20731162,92.60968252,93.00329093,93.38824369,93.76479029,94.13269971
People using at least basic drinking water services (% of population),South Sudan,SSD,Sub-Saharan Africa,41.16322171,41.16322171,41.16322171,41.16322171,41.16322171,41.16322171,41.16322171,41.16322171,41.16322171,41.16322171,41.16322171,41.16322171,41.23719677,41.27469373,41.27738293,41.2475085,41.18681317,41.09732798,40.98150673,40.84165539,40.95092729,41.06566165
People using at least basic drinking water services (% of population),Spain,ESP,Europe & Central Asia,99.9999985,100,99.9999983,99.99999889,100,99.99999782,99.99999792,99.99999618,99.99999806,99.99999678,99.9999968,100,99.9861652,99.95664151,99.92693932,99.92672631,99.92650228,99.92628444,99.92605643,99.92583827,99.92560976,99.92538111
People using at least basic drinking water services (% of population),Sri Lanka,LKA,South Asia,82.84719118,83.13201396,83.42086603,83.70986532,83.99888305,84.28778189,84.57683092,84.86576533,85.15484745,85.44394294,85.73292143,86.022042,86.31118264,86.60239813,86.89574122,87.19113279,87.48839096,87.78755272,88.0886564,88.39140851,88.69595431,89.00221413
People using at least basic drinking water services (% of population),St. Kitts and Nevis,KNA,Latin America & Caribbean,98.44989408,98.46235254,98.47481101,98.48726947,98.49972794,98.51218641,98.52464487,98.53710334,98.5495618,98.56202027,98.57447873,98.5869372,98.59939567,98.61185413,98.61185413,98.61185413,98.61185413,98.61185413,98.61185413,98.61185413,98.61185413,98.61185413
People using at least basic drinking water services (% of population),St. Lucia,LCA,Latin America & Caribbean,90.37986951,90.36279872,90.29791383,90.65216601,91.01526723,91.38715139,91.76730359,92.15549535,92.55132894,92.95462298,93.36867604,93.80838075,94.2480829,94.68801477,95.12803809,95.56809484,96.00803519,96.44777687,96.88720419,96.88750593,96.88783817,96.88823302
People using at least basic drinking water services (% of population),St. Vincent and the Grenadines,VCT,Latin America & Caribbean,95.44887477,95.60567007,95.76310385,95.92118827,96.07992372,96.23932911,96.39940637,96.56015211,96.72160008,96.8837377,97.04657827,97.21013112,97.37440284,97.53938344,97.70511484,97.71085581,97.71664216,97.7224529,97.72830585,97.72830585,97.72830585,97.72830585
People using at least basic drinking water services (% of population),Sudan,SDN,Middle East & North Africa,44.64743728,44.66142262,44.67540742,44.68939059,44.70337532,45.81903959,46.93401725,48.04831017,49.16191836,50.27970123,51.40147834,52.52682649,53.65510162,54.78610225,55.91920431,57.05438897,58.19101738,59.32866709,60.46708424,61.60565353,62.74411093,63.88200965
People using at least basic drinking water services (% of population),Suriname,SUR,Latin America & Caribbean,89.06165605,89.52978192,89.99603133,90.45994444,90.92175239,91.35679125,91.79049994,92.22516616,92.66098225,93.09808508,93.53617279,93.97539596,94.41575457,94.85724832,95.30139689,95.74769572,96.19545983,96.6441124,97.09310628,97.54177354,97.98963206,97.99112691
People using at least basic drinking water services (% of population),Sweden,SWE,Europe & Central Asia,99.48075237,99.49321284,99.5058213,99.51837353,99.53085774,99.54326683,99.55607778,99.56919275,99.58214556,99.5949288,99.60753369,99.62057072,99.63388073,99.64682406,99.65941341,99.67167304,99.68359134,99.69518603,99.70645502,99.71740999,99.72807241,99.73844577
People using at least basic drinking water services (% of population),Switzerland,CHE,Europe & Central Asia,99.99999944,100,99.99999805,100,99.99999836,100,100,99.99999908,99.99999793,99.99999722,99.99999763,99.99999916,100,99.9999993,99.99999721,99.99999625,100,100,100,99.99999872,99.9999976,100
People using at least basic drinking water services (% of population),Syrian Arab Republic,SYR,Middle East & North Africa,91.59740617,91.74065218,91.8822809,92.02212678,92.16035152,92.29665878,92.43120994,92.56414172,92.69532272,92.82469445,92.95244335,93.00038436,93.05277167,93.10985329,93.17153556,93.31814307,93.46161774,93.60191914,93.73901986,93.87294349,94.0036368,94.05369268
People using at least basic drinking water services (% of population),Tajikistan,TJK,Europe & Central Asia,56.50622983,57.77505724,59.05005812,60.33123362,61.61817432,62.91171028,64.21141851,65.51729903,66.82934982,68.14757505,69.47196936,70.80222245,72.14545744,73.49980819,74.86490181,76.23949316,77.62285621,79.01396474,80.41159049,81.81511097,81.8524176,81.89407836
People using at least basic drinking water services (% of population),Tanzania,TZA,Sub-Saharan Africa,28.66642176,30.07318389,31.47975127,32.98327891,34.482181,35.98113379,37.47999279,38.97762695,40.47431843,41.96753602,43.45844321,44.94499527,46.42737861,47.90361465,49.37183757,50.83147012,52.28117023,53.72079641,55.14943388,56.56584813,57.97026559,59.36117077
People using at least basic drinking water services (% of population),Thailand,THA,South Asia,94.11536425,94.48788336,94.85497162,95.21627361,95.57161156,95.92398423,96.26284452,96.5944036,96.918519,97.23486254,97.54342532,97.83204847,98.11334619,98.38999593,98.66201207,98.9293594,99.1920331,99.38771075,99.53560655,99.96483136,100,99.99999799
People using at least basic drinking water services (% of population),Timor-Leste,TLS,East Asia & Pacific,48.7395,49.5867,50.6238521,52.14647297,53.66761164,55.17522213,56.68124545,58.18565681,59.68903885,61.70332306,63.73991689,65.79894056,67.87940305,69.9808749,72.10317421,74.2458313,76.408371,78.59011916,80.7910054,82.38411592,83.9742221,85.56091447
People using at least basic drinking water services (% of population),Togo,TGO,Sub-Saharan Africa,45.4372037,46.69803567,47.95016452,49.19293402,50.42624664,51.64951374,52.86314406,54.06703895,55.26154756,56.44477357,57.61843891,58.790723,59.9571387,61.11167344,62.25505684,63.3871896,64.50939745,65.62109299,66.72207307,67.81212905,68.89105921,69.94698197
People using at least basic drinking water services (% of population),Tonga,TON,East Asia & Pacific,98.14278984,98.14273837,98.14268999,98.14264444,98.14259214,98.17976042,98.21695505,98.25420196,98.29150993,98.32888232,98.36633247,98.40384977,98.44122303,98.4783971,98.51550505,98.55253896,98.589508,98.62640902,98.6633452,98.70035345,98.73745963,98.77468859
People using at least basic drinking water services (% of population),Trinidad and Tobago,TTO,Latin America & Caribbean,92.20424493,92.56261929,92.92079751,93.2787796,93.63656555,93.99415538,94.35154906,94.70874661,95.06574803,95.42255331,95.77916246,96.13557547,96.49179235,97.370348,97.75326282,98.13617765,98.51909247,98.87517077,98.87517077,98.87517077,98.87517077,98.87517077
People using at least basic drinking water services (% of population),Tunisia,TUN,Middle East & North Africa,89.05572313,89.39955421,89.71308806,90.02177928,90.32159824,90.59893224,90.87282195,91.14282782,91.4092013,91.67195628,91.93091261,92.04714824,92.579358,93.10709365,93.63084984,94.15151418,94.66853596,95.18153746,95.69022955,96.19409018,96.69266174,96.93899305
People using at least basic drinking water services (% of population),Turkiye,TUR,Europe & Central Asia,93.56416201,93.64893626,93.86090449,94.06871777,94.27248906,94.4720884,94.66775364,94.85942572,95.04726853,95.23118316,95.41132371,95.58771635,95.76048722,95.9293416,96.09453946,96.25616116,96.41432543,96.56908735,96.72060791,96.86896416,97.0142666,97.02029543
People using at least basic drinking water services (% of population),Turkmenistan,TKM,Europe & Central Asia,87.14640186,87.80857917,88.46603406,89.11859539,89.7662627,90.50343391,91.23818987,91.97019022,92.69870211,93.42359137,94.14426134,94.86029562,95.57134283,96.27697729,96.97194753,97.65894272,98.33813041,98.99758141,99.34508137,99.79292325,100,99.99999969
People using at least basic drinking water services (% of population),Tuvalu,TUV,East Asia & Pacific,98.80753367,98.83258578,98.85752029,98.88038457,98.90200596,98.92335766,98.94443982,98.96524507,98.98577609,99.00606864,99.02610432,99.04589636,99.06543091,99.08475633,99.10398101,99.1231344,99.14222992,99.16127889,99.18028333,99.19926608,99.21823583,99.23719479
People using at least basic drinking water services (% of population),Uganda,UGA,Sub-Saharan Africa,26.41692993,27.69130098,28.9911541,30.31588927,31.66535802,33.0370259,34.43261037,35.85003199,37.28950877,38.74943378,40.22995744,41.72988703,43.2488591,44.78487924,46.33873881,47.90880897,49.49353039,51.09211652,52.70309273,54.32668724,55.96110322,57.60557485
People using at least basic drinking water services (% of population),Ukraine,UKR,Europe & Central Asia,98.14353243,98.19418782,98.22672142,98.2255003,97.76142995,97.29496669,96.8250032,96.35197601,95.87591334,95.3968359,94.91676304,94.43524993,93.95227979,93.78815014,93.32207138,93.36158795,93.40063358,93.43928828,93.47633322,93.51157783,93.54498546,93.53463927
People using at least basic drinking water services (% of population),United Arab Emirates,ARE,Middle East & North Africa,99.61583298,99.61388769,99.63479764,99.65596463,99.67737501,99.69903025,99.72091698,99.74304089,99.76541026,99.78799435,99.81079568,99.83380574,99.85701108,99.88040853,99.90398888,99.92774627,99.95167572,99.9757577,100,100,100,100
People using at least basic drinking water services (% of population),United Kingdom,GBR,Europe & Central Asia,100,99.99999771,99.99999743,99.99999644,99.99999768,100,99.99999872,99.99999964,100,100,100,99.9999974,100,99.99999981,99.99999835,100,99.99999722,100,100,99.99999734,100,99.99999864
People using at least basic drinking water services (% of population),United States,USA,North America,98.89697427,98.89697427,98.89697427,98.89697427,98.89697427,98.89697427,98.90381317,98.91061156,98.91737002,98.92408842,99.01064611,99.09636791,99.18111022,99.26488934,99.34764481,99.4293286,99.50989534,99.58934389,99.66759017,99.74463092,99.82042152,99.89493841
People using at least basic drinking water services (% of population),Uruguay,URY,Latin America & Caribbean,96.97932745,97.04557933,97.11410256,97.18096531,97.24568724,97.45729994,97.66039408,97.85507251,98.04187841,98.22094361,98.39292934,98.55794825,98.70838106,98.85257812,98.99355875,99.1313996,99.26625158,99.39807061,99.47859871,99.48723799,99.49575707,99.50424188
People using at least basic drinking water services (% of population),Uzbekistan,UZB,Europe & Central Asia,87.31260017,87.80344919,88.29017142,88.77254115,89.25034858,89.72354528,90.19221919,90.65617904,91.11538219,91.56966792,92.01922503,92.43567794,92.82442052,93.21602188,93.61048357,94.00782163,94.40804398,94.81115707,95.21857311,95.62743615,95.95780935,96.28974264
People using at least basic drinking water services (% of population),Vanuatu,VUT,East Asia & Pacific,83.37709023,83.42441186,83.47206821,83.52039773,83.56907337,83.99689789,84.45656892,84.91485347,85.37188611,85.82763213,86.26307266,86.68646911,87.10964892,87.53246423,87.95490942,88.37698694,88.79881781,89.22027679,89.64255045,90.0654259,90.48902744,90.91301735
People using at least basic drinking water services (% of population),"Venezuela, RB",VEN,Latin America & Caribbean,97.22769791,97.05060305,96.87350819,96.69641333,96.51931847,96.34222361,96.16512875,95.98803389,95.81093903,95.63384417,95.45674931,95.27965445,95.10255959,94.92546473,94.74836987,94.57127501,94.39418015,94.21708529,94.03999043,93.86289557,93.68580071,93.50870585
People using at least basic drinking water services (% of population),Viet Nam,VNM,East Asia & Pacific,80.57967112,81.43855389,82.29115372,83.13653519,83.97499641,84.80584399,85.62918333,86.44479425,87.25232124,88.05180681,88.84423284,89.62773666,90.40222105,91.16709536,91.92255911,92.66830859,93.40408105,94.12940815,95.16878487,95.98905365,96.66702247,97.31751338
People using at least basic drinking water services (% of population),West Bank and Gaza,PSE,Middle East & North Africa,90.64785576,91.05157588,91.4544913,91.85651547,92.25775266,92.65811255,93.05765354,93.45641275,93.85432385,94.25165647,94.64840121,95.04451113,95.43993754,95.75916299,96.07087911,96.37985702,96.6860021,96.98922408,97.28942543,97.58650673,97.88040196,98.17100019
People using at least basic drinking water services (% of population),"Yemen, Rep.",YEM,Middle East & North Africa,40.87906986,41.10933041,41.34313137,42.5965018,43.7698219,44.92921421,46.07582649,47.20912205,48.32899109,49.43532431,50.52801112,51.60659626,52.67101478,53.72152504,54.75738283,55.77886898,56.78561719,57.7775958,58.75449438,59.71657984,60.6635718,61.59520686
People using at least basic drinking water services (% of population),Zambia,ZMB,Sub-Saharan Africa,47.00293097,47.98584221,49.10737086,50.22019967,51.32429906,52.41912758,53.50517666,54.58192733,55.65032194,56.70844024,57.75815589,58.79852012,59.83172629,60.85808425,61.87658337,62.88795693,63.89123229,64.8867121,65.87427046,66.85339838,67.82400402,68.03478318
People using at least basic drinking water services (% of population),Zimbabwe,ZWE,Sub-Saharan Africa,71.86938918,72.01604767,71.70607159,71.21101719,70.68706094,70.16310814,69.63880511,69.11454663,68.58997097,68.06548166,67.54071119,67.01607423,66.4911847,65.9664737,65.45410959,64.95493221,64.46896086,63.99662731,63.53877335,63.0949538,62.66645611,62.25279758
People using safely managed drinking water services (% of population),Afghanistan,AFG,South Asia,11.09332631,11.10522115,12.00773317,12.90992153,13.81868375,14.73385294,15.64842658,16.56252312,17.47601039,18.38888434,19.30113922,20.21288423,21.12399634,22.03446972,22.94430071,23.85358955,24.76222018,25.67141724,26.58131454,27.49173411,28.40250515,29.313843
People using safely managed drinking water services (% of population),Albania,ALB,Europe & Central Asia,49.13832056,49.08119775,48.98476557,48.88544575,50.71767779,52.57833242,54.4670825,56.38384332,58.32847892,60.3009052,62.30063019,64.32740261,66.38085203,68.45983281,70.56326102,70.59196989,70.61650786,70.63694159,70.65335162,70.66585501,70.67453741,70.70579506
People using safely managed drinking water services (% of population),Algeria,DZA,Middle East & North Africa,70.07851733,70.64218503,71.19185837,71.72696432,72.24755177,72.75315105,73.24434661,73.72072126,74.18282384,74.62768772,75.05680781,75.46991698,75.86762297,76.25014268,76.61823194,76.97196064,76.39485926,75.73054179,75.0361304,73.95387749,72.24814733,70.54703078
People using safely managed drinking water services (% of population),Andorra,AND,Europe & Central Asia,90.63999951,90.6400015,90.64000119,90.64000008,90.64000123,90.63999808,90.64000399,90.64000357,90.64000377,90.6400038,90.63999825,90.64000111,90.63999819,90.64000195,90.64000037,90.64000157,90.63999638,90.64000338,90.63999598,90.63999709,90.63999867,90.64000155
People using safely managed drinking water services (% of population),Armenia,ARM,Europe & Central Asia,82.35071935,82.45861869,82.57382492,82.69190567,82.81055945,82.92975586,83.04956632,83.16992433,83.2908923,83.26616462,83.24158935,83.21716934,83.19288903,83.16902261,83.14534804,83.07821072,82.93473086,82.79145838,82.95983804,82.82284776,82.68581879,82.54877772
People using safely managed drinking water services (% of population),Austria,AUT,Europe & Central Asia,96.71923477,96.89049777,97.06175451,97.23301239,97.40427293,97.57553467,97.74679768,97.9180547,98.08931402,98.26057645,98.43183703,98.60309534,98.7743527,98.91264186,98.91103088,98.90942135,98.90780819,98.90620205,98.90447482,98.90261913,98.90064308,98.89854282
People using safely managed drinking water services (% of population),Azerbaijan,AZE,Europe & Central Asia,57.74855478,59.4884134,60.11043413,60.72895972,61.34376705,61.95467734,62.56189412,63.16557867,63.76539141,64.36151041,64.95611473,65.54862721,66.13864431,66.72584786,67.30969812,67.88978273,68.4656824,69.03698468,69.60326589,70.16406507,70.67330997,71.14634824
People using safely managed drinking water services (% of population),Bahrain,BHR,Middle East & North Africa,98.88197973,98.88849678,98.8950135,98.9015299,98.90804596,98.9145617,98.92107712,98.9275922,98.9269989,98.92508029,98.92316168,98.92124307,98.91932445,98.91740584,98.91548723,98.91356862,98.91165001,98.9097314,98.90781279,98.90589417,98.90397556,98.90397556
People using safely managed drinking water services (% of population),Bangladesh,BGD,South Asia,55.31870083,55.32511609,55.30371515,55.27874715,55.25035294,55.21885007,55.18367364,55.14496823,55.10287513,55.05754576,55.00858639,54.95632277,55.30369245,55.66687813,56.04547782,56.44019783,56.85079903,57.27760142,57.72074495,58.18021327,58.65599777,59.1298464
People using safely managed drinking water services (% of population),Belarus,BLR,Europe & Central Asia,81.81270734,81.96306865,82.11218946,82.25975803,83.36190652,84.44519877,85.50994403,86.55644749,87.5852408,88.59596526,89.60049132,90.58957845,91.55891428,92.31100942,92.40422543,92.49670655,92.58800377,92.67831571,92.76654466,92.8526696,92.93711077,93.01940273
People using safely managed drinking water services (% of population),Belgium,BEL,Europe & Central Asia,99.63134718,99.63134884,99.63135285,99.63134694,99.63135371,99.63135284,99.6313486,99.6313479,99.63134577,99.63134903,99.63966468,99.64797617,99.65629425,99.66460612,99.67292409,99.68123686,99.68955964,99.69786905,99.70618599,99.71450454,99.72281209,99.73113433
People using safely managed drinking water services (% of population),Bhutan,BTN,South Asia,22.29280748,22.74600974,23.20096352,23.65746898,24.11556724,24.56424472,24.91852796,25.27158047,25.62332676,25.97302454,26.32106774,30.2420417,34.16600229,38.0903976,42.76109599,47.45906674,52.08909145,56.59074989,60.82677608,65.0083051,69.13715868,72.66556687
People using safely managed drinking water services (% of population),Bosnia and Herzegovina,BIH,Europe & Central Asia,87.3499799,87.47272339,87.59461706,87.71558368,87.83569083,87.95482538,88.07303089,88.1903649,88.3067593,88.42221307,88.53673334,88.65033871,88.70229292,88.7976821,88.81718497,88.82512689,88.83335834,88.84189746,88.8506935,88.72297589,88.13888189,87.5547838
People using safely managed drinking water services (% of population),Brazil,BRA,Latin America & Caribbean,76.03210041,76.59752565,76.98463911,77.26596854,77.54171058,77.81196826,78.0771293,78.33726592,78.59245281,78.8422057,79.08718376,79.32989308,79.56786713,80.38308089,81.19480278,82.00246168,82.74326021,83.60515498,84.40003882,85.1909259,85.92161788,86.64403312
People using safely managed drinking water services (% of population),Bulgaria,BGR,Europe & Central Asia,89.6637321,90.18406389,90.70462791,91.22540227,91.74640085,92.26762503,92.78907568,93.31076496,93.83269675,94.35487304,94.87729717,95.39997294,95.92294022,96.44622729,96.9233874,96.76209216,96.6015635,96.44181386,96.28281311,96.12456449,95.96707641,95.81034352
People using safely managed drinking water services (% of population),Cambodia,KHM,East Asia & Pacific,16.96313439,17.44534964,17.92783506,18.41059194,18.89397713,19.37799407,19.86228634,20.34721673,20.84620506,21.41869061,21.99383152,22.571645,23.15214873,23.73499127,24.3209254,24.90960296,25.50104015,26.0948804,26.69338329,27.29620993,27.90376664,28.46830325
People using safely managed drinking water services (% of population),Canada,CAN,North America,98.16673937,98.17581291,98.17794446,98.18010645,98.1822382,98.24079538,98.29946537,98.35997218,98.41990959,98.47926404,98.53806391,98.59599112,98.6516771,98.70725355,98.76270634,98.8180621,98.87330749,98.92850337,98.98362609,99.03861963,99.03894619,99.03932083
People using safely managed drinking water services (% of population),Central African Republic,CAF,Sub-Saharan Africa,8.530864702,8.39601756,8.261703375,8.12778881,7.994275435,7.863782423,7.736172295,7.61142944,7.489293117,7.369627696,7.252413324,7.137399458,7.024562341,6.91376368,6.804762024,6.697531044,6.592035545,6.487937573,6.385206969,6.283710971,6.183318163,6.083897945
People using safely managed drinking water services (% of population),Chad,TCD,Sub-Saharan Africa,5.52087399,5.554363404,5.586597043,5.6178206,5.647914451,5.676879519,5.704717782,5.731559942,5.757150622,5.781619435,5.807364525,5.834463667,5.863130313,5.893310933,5.925087721,5.958684062,5.994188838,6.0316936,6.071435842,6.113368349,6.157883138,6.204938183
People using safely managed drinking water services (% of population),Chile,CHL,Latin America & Caribbean,92.09302654,92.5939095,93.0706287,93.47617309,93.88457553,94.29474644,94.7076425,95.12258821,95.54008676,95.95955032,96.38097377,96.80474658,97.23040633,97.65809673,98.08776358,98.38247357,98.57763489,98.77023843,98.77136702,98.77136654,98.77137068,98.77136764
People using safely managed drinking water services (% of population),Colombia,COL,South Asia,68.54951802,68.86417082,69.17526162,69.48280618,69.78638244,70.08601245,70.3817299,70.63542333,70.88483527,71.12998845,71.37048336,71.60637291,71.83812373,72.06535749,72.28810151,72.50683793,72.72159971,72.93200625,73.12643789,73.27191936,73.4132311,73.71989554
People using safely managed drinking water services (% of population),"Congo, Dem. Rep.",COD,Sub-Saharan Africa,12.21232678,12.21323742,12.20866138,12.19847076,12.18253294,12.16194769,12.13713268,12.10787412,12.0733618,12.03397975,11.98893091,11.93857248,11.88212147,11.819369,11.75037224,11.67464089,11.59195846,11.50185703,11.40437394,11.29904787,11.18566629,11.38371356
People using safely managed drinking water services (% of population),"Congo, Rep.",COG,Sub-Saharan Africa,27.42229101,27.58308486,27.78180634,27.9804125,29.57639502,31.19525067,32.83665956,34.5007062,36.1879206,37.89809636,39.63144422,41.38690083,42.42858072,43.01324021,43.59852041,44.18409343,44.76963247,45.35481245,45.53563972,45.71646535,45.89689609,46.07653625
People using safely managed drinking water services (% of population),Costa Rica,CRI,Latin America & Caribbean,76.40623538,76.75395869,77.08671436,77.40466267,77.70784952,77.99627923,78.27047621,78.53062087,78.77711895,79.01002406,79.23003996,79.437388,79.63195153,79.8145511,79.98602628,80.14721556,80.29888117,80.4417707,80.52559036,80.52068401,80.51604657,80.51168811
People using safely managed drinking water services (% of population),Cote d'Ivoire,CIV,Sub-Saharan Africa,23.08665542,23.56304859,24.00674223,24.08592992,24.16487083,24.24292253,24.32050975,24.39763103,24.47428522,24.55005122,24.62534545,24.70016678,28.73757098,31.50568131,33.25077942,35.01074784,36.78547555,38.57546438,40.38101372,42.15154508,43.64164062,43.7664579
People using safely managed drinking water services (% of population),Croatia,HRV,Europe & Central Asia,85.11640784,85.16894907,85.21019167,85.25168154,85.29292734,85.33417092,85.37541882,85.41666117,85.41666117,85.41666117,85.41666117,85.41666117,85.41666117,85.41666117,85.41666117,85.41666117,85.41666117,85.41666117,85.41666117,85.41666117,85.41666117,85.41666117
People using safely managed drinking water services (% of population),Cyprus,CYP,Europe & Central Asia,95.85307183,95.85300514,95.85304397,95.8455426,96.10549345,96.36541063,96.62529656,96.88515391,97.14498091,97.40478253,97.6645478,97.92428296,98.18399666,98.44365336,98.70325916,98.96281415,99.22230525,99.48174563,99.7411138,99.76519236,99.76517216,99.76513248
People using safely managed drinking water services (% of population),Czechia,CZE,Europe & Central Asia,96.32185978,96.31792189,96.43582937,96.55407082,96.67268537,96.79166693,96.91102064,97.03072528,97.15082662,97.27128488,97.39212853,97.51333697,97.6355732,97.75822598,97.88044305,97.88072535,97.88100085,97.88131356,97.8816619,97.88204832,97.8824672,97.88292555
People using safely managed drinking water services (% of population),Denmark,DNK,Europe & Central Asia,94.0215447,94.02154501,94.02154563,94.02154279,94.41844933,94.81535324,95.21226417,95.60916882,96.0060749,96.40297241,96.79987922,97.19678637,97.59368716,97.99059382,98.38750014,98.78440964,99.18130904,99.57821742,99.91883113,99.91883035,99.91882406,99.91882718
People using safely managed drinking water services (% of population),Dominican Republic,DOM,Latin America & Caribbean,41.95907183,42.08168014,42.20253376,42.37858908,42.5745983,42.76491723,42.95011735,43.12986327,43.3042056,43.47217862,43.63473829,43.77853347,43.90859449,44.03399259,44.15502209,44.27185541,44.38441654,44.49237681,44.5939614,44.68936087,44.77878551,44.86265823
People using safely managed drinking water services (% of population),Ecuador,ECU,North America,58.20304855,58.7580238,59.26656039,59.74421018,60.22144242,60.69800717,61.17390575,61.64963818,62.12471283,62.59912447,63.07312561,63.5385152,63.99779793,64.4567911,64.91525644,65.37367358,65.83156109,66.18117227,66.39469848,66.60985713,66.8266653,67.04490248
People using safely managed drinking water services (% of population),Estonia,EST,Europe & Central Asia,91.68187904,92.00879032,92.33977379,92.6746855,93.01373115,93.35693069,93.70417764,94.05564074,94.41134106,94.77130578,95.13545713,95.50393288,95.88739995,96.28194228,96.67541958,96.84609675,96.87794315,96.91004806,96.94275048,96.97601045,96.99838838,97.00866426
People using safely managed drinking water services (% of population),Ethiopia,ETH,Sub-Saharan Africa,5.043846347,5.42753511,5.593436658,5.776201485,5.976074928,6.192946534,6.427056812,6.683616939,7.018839912,7.371676315,7.742936504,8.13165334,8.538261222,8.955855426,9.390484613,9.841514787,10.30899722,10.79194711,11.29107585,11.80605257,12.33620328,12.88151333
People using safely managed drinking water services (% of population),Fiji,FJI,East Asia & Pacific,39.23305043,39.3319457,39.43083916,39.53001965,39.62956396,39.72871609,39.82823102,39.92785974,40.0519007,40.18190686,40.31231136,40.44261086,40.57330858,40.70339247,40.83361828,40.96399284,41.09425656,41.22415871,41.35394899,41.48286371,41.61064922,41.73755481
People using safely managed drinking water services (% of population),Finland,FIN,Europe & Central Asia,93.81033034,94.20739619,94.60446583,95.00153791,95.39860614,95.79567353,96.19274092,96.58981157,96.98687483,97.38394507,97.78101136,98.17808147,98.57515443,98.97222085,99.36929047,99.63062605,99.63187158,99.63312866,99.63454783,99.63615198,99.63792536,99.63990231
People using safely managed drinking water services (% of population),France,FRA,Europe & Central Asia,97.35587725,97.35235806,97.34887093,97.34540552,97.46617466,97.58779359,97.7102118,97.83344887,97.95745774,98.08225713,98.20784978,98.33426154,98.46149055,98.5895541,98.71844682,98.84819803,98.97879003,99.11024776,99.2425569,99.37573798,99.50978126,99.64470644
People using safely managed drinking water services (% of population),"Gambia, The",GMB,Sub-Saharan Africa,21.76900004,23.04749776,24.35190611,25.66645531,26.94475542,28.24406096,29.56431851,30.9054783,32.2679711,33.64979422,35.05231894,36.47444947,37.91713504,39.37761372,40.85511397,42.34881259,43.85727512,44.66125551,45.28106359,45.89241164,46.495303,47.089187
People using safely managed drinking water services (% of population),Georgia,GEO,Europe & Central Asia,64.11659382,64.06283184,64.14716569,64.3996928,64.65125211,64.90184353,65.15195523,65.4015857,65.65024859,65.89795072,66.14517508,66.39143652,66.63721939,66.88156751,67.12543946,67.36835529,67.61461817,67.86279832,68.11381489,68.36719636,68.62339333,68.88145941
People using safely managed drinking water services (% of population),Germany,DEU,Europe & Central Asia,99.84289934,99.84290198,99.84290313,99.84290837,99.84934888,99.85582934,99.86233898,99.86888155,99.87545667,99.8784503,99.88152997,99.88470421,99.88771537,99.89072998,99.89375301,99.89677489,99.89984053,99.90294679,99.90611558,99.90934446,99.91265021,99.91604275
People using safely managed drinking water services (% of population),Ghana,GHA,Sub-Saharan Africa,12.09628758,12.33979553,13.27551974,14.41100784,15.80790143,17.23667927,18.69811464,20.19171421,21.71730184,23.27362046,24.86189003,26.48082259,28.12981131,29.8078022,31.51449954,33.24960007,35.01281064,36.80340458,38.62106817,40.46504862,42.33545616,43.59805752
People using safely managed drinking water services (% of population),Greece,GRC,Europe & Central Asia,99.15238951,99.21812229,99.28735977,99.35514628,99.42153381,99.48648553,99.4733442,99.44516658,99.41644592,99.38720798,99.35744989,99.32719967,99.2964455,99.26519667,99.23347101,99.18443382,99.13363639,99.08283228,99.03203613,98.98123734,98.93044159,98.87963707
People using safely managed drinking water services (% of population),Grenada,GRD,Latin America & Caribbean,78.71872508,79.61002488,80.50477839,81.40298562,82.30464658,83.20976125,84.11832965,85.03035176,85.94093169,86.83960644,87.74163632,88.64702132,89.44017351,89.8113018,89.91768,89.91768,89.91768,89.91768,89.91768,89.91768,89.91768,89.91768
People using safely managed drinking water services (% of population),Guatemala,GTM,Latin America & Caribbean,46.81888805,47.29901855,47.78180786,48.26303712,48.74406176,49.2272204,49.71269291,50.20067516,50.69118347,51.18367597,51.67890815,52.17632821,52.67633155,53.18113102,53.69084834,54.20601274,54.72614117,54.98538841,55.24571218,55.50661617,55.76823686,56.03049355
People using safely managed drinking water services (% of population),Guinea-Bissau,GNB,Sub-Saharan Africa,17.77465488,18.0717739,18.3696592,18.6673489,18.96497538,19.2616147,19.55807677,19.85344008,20.1478049,20.44029137,20.73194228,21.02185535,21.31008085,21.59605415,21.87979843,22.16103864,22.4392223,22.71408426,22.98561593,23.25327748,23.51680188,23.77591801
People using safely managed drinking water services (% of population),Honduras,HND,Latin America & Caribbean,41.60141746,41.87106644,42.14838771,43.52074493,44.92496241,46.36073205,47.8287336,49.32891968,50.86167201,52.42657035,54.02439828,55.65461024,57.31810983,59.01392229,60.74301008,62.13795006,62.59683672,63.05179069,63.50249663,63.94898613,64.39129479,64.82911437
People using safely managed drinking water services (% of population),Hungary,HUN,Europe & Central Asia,86.63125007,86.63957157,86.67556378,86.71130063,86.74694577,86.78801895,86.83443607,86.88050689,86.92622299,86.97150089,87.01100287,87.05015089,87.07817829,88.59905443,90.11402468,91.62311446,93.1266726,94.62444145,96.14338385,97.62955066,99.10948171,99.99999885
People using safely managed drinking water services (% of population),Iceland,ISL,Europe & Central Asia,90.15560926,90.69080409,91.22600147,91.76119609,92.29639468,92.8315926,93.36679201,93.9019892,94.43718143,94.97238321,95.50757875,96.042776,96.57797147,97.11316958,97.64836848,98.18356382,98.71876069,99.25395617,99.7891572,99.99999846,100,100
People using safely managed drinking water services (% of population),Indonesia,IDN,South Asia,23.54184443,23.87743949,24.21127618,24.54320624,24.873476,25.20141828,25.52741773,25.85120918,26.17303649,26.49239423,26.80710292,27.10765574,27.40621285,27.70253949,27.9969894,28.28921669,28.57923081,28.8665952,29.15155757,29.43391674,29.71391558,29.99125244
People using safely managed drinking water services (% of population),"Iran, Islamic Rep.",IRN,Middle East & North Africa,90.34097281,90.5700792,90.79442586,91.01405569,91.22889494,91.43885842,91.64402131,91.83838783,92.02550564,92.20852149,92.38761727,92.56272567,92.73255469,92.89769004,93.05933814,93.21732963,93.37181289,93.52265578,93.66971397,93.81299012,93.95266104,94.08863277
People using safely managed drinking water services (% of population),Iraq,IRQ,Middle East & North Africa,50.24093786,50.71764829,51.19349978,51.66849693,52.14264046,52.61592145,53.08806965,53.55965179,54.03037302,54.49998402,54.98614045,55.48044835,55.97190835,56.4605406,56.94658822,57.4300489,57.91293384,58.39519561,58.87657216,59.35663083,59.66446215,59.70278242
People using safely managed drinking water services (% of population),Ireland,IRL,Europe & Central Asia,64.4293758,64.53593927,64.64603886,64.772731,64.89963038,69.56671852,74.17241026,78.70412835,83.19453227,87.6441059,92.05278116,94.93119855,95.02115731,95.11063738,95.19962515,95.28813235,95.37613768,95.46347295,95.55008231,95.70191911,95.85353668,95.99583147
People using safely managed drinking water services (% of population),Israel,ISR,Europe & Central Asia,99.77198628,99.77213841,99.75787558,99.74361366,99.72934096,99.71505516,99.7007595,99.68645681,99.67214892,99.65782683,99.64350664,99.62917923,99.61484376,99.60050985,99.58616303,99.57181602,99.5574612,99.54309754,99.52872333,99.51434274,99.49995773,99.48556442
People using safely managed drinking water services (% of population),Italy,ITA,Europe & Central Asia,94.76837962,94.98710866,95.20593802,95.42486769,95.64389767,95.86302797,96.08225858,96.13227013,95.90065016,95.66889803,95.43701374,95.20499727,94.97284863,94.74056783,94.50815486,94.25135524,93.99455563,93.73775601,93.4809564,93.22415679,92.96735717,92.71055756
People using safely managed drinking water services (% of population),Japan,JPN,East Asia & Pacific,97.85424256,97.85424256,97.85424256,97.85424256,97.85424256,97.90149264,97.94875049,97.99601611,98.04328949,98.09057064,98.13785955,98.18515623,98.23246068,98.2797729,98.32709288,98.37442062,98.42175614,98.46909942,98.51645046,98.56380928,98.61117586,98.6585502
People using safely managed drinking water services (% of population),Jordan,JOR,Middle East & North Africa,53.49446697,53.49705433,53.4996419,53.50226854,53.50484954,53.45551216,55.55523361,57.66395431,59.78104766,61.90627205,64.03882927,66.17831152,68.32413213,70.47597724,72.6332167,74.81073446,76.98949067,79.1695333,81.35081297,83.53325411,85.71683911,85.71292166
People using safely managed drinking water services (% of population),Kazakhstan,KAZ,Europe & Central Asia,63.10208487,63.36984127,64.92973125,66.50293418,68.08937801,69.68897748,71.30165639,72.92733783,74.56594745,76.21740885,77.88132575,79.55826917,81.24783134,82.90749798,84.48870872,86.08145414,87.68541872,89.30042104,89.30981823,89.32126354,89.33464371,89.34996923
People using safely managed drinking water services (% of population),Kiribati,KIR,East Asia & Pacific,10.16914291,10.33283814,10.43968236,10.54668585,10.65373309,10.76070402,10.92348933,11.13099342,11.34081458,11.55259171,11.76645469,11.98240967,12.20046271,12.42010468,12.64172067,12.86518056,13.08850358,13.31110747,13.53319849,13.75472054,13.97534671,14.19515155
People using safely managed drinking water services (% of population),"Korea, Dem. People's Rep.",PRK,East Asia & Pacific,68.99947015,69.0183483,69.03723123,69.05587198,69.03631699,68.82840224,68.62117072,68.41413249,68.20753035,68.02087261,67.84200035,67.66362368,67.48651517,67.31015844,67.13480555,66.96019212,66.79067237,66.6258225,66.46602831,66.31140898,66.38089703,66.45431945
People using safely managed drinking water services (% of population),"Korea, Rep.",KOR,East Asia & Pacific,97.10565076,97.10565076,97.10565076,97.10565076,97.10565076,97.10565076,97.10565076,97.27111912,97.43672824,97.60247813,97.76836879,97.93440021,98.1005724,98.26688535,98.43333907,98.58375641,98.6926964,98.80168207,98.9107134,99.01979041,99.12891308,99.21021813
People using safely managed drinking water services (% of population),Kuwait,KWT,East Asia & Pacific,100,100,100,100,100,100,100,100,100,100,100,100,100,100,100,100,100,100,100,100,100,100
People using safely managed drinking water services (% of population),Kyrgyz Republic,KGZ,Europe & Central Asia,45.65978138,45.65870199,45.94213325,46.22502825,46.50846173,48.28264842,50.08611951,51.91783134,53.77831754,55.66805675,57.59721644,59.56532993,61.57182224,63.35695007,65.13080748,66.93499942,68.75853887,70.52172884,72.30861609,74.11661399,76.33853729,76.4097769
People using safely managed drinking water services (% of population),Lao PDR,LAO,East Asia & Pacific,4.877543053,6.665640431,8.601664401,10.61035599,11.12385167,11.60933291,12.03474632,12.46038053,12.88668391,13.31302847,13.73970917,14.16671351,14.59417819,15.02148961,15.44908619,15.87680813,16.30479083,16.73258156,17.16016894,17.58769597,17.68190382,17.77669824
People using safely managed drinking water services (% of population),Latvia,LVA,Europe & Central Asia,92.38445137,92.36528171,92.39396446,92.43095461,92.49211438,92.55304518,92.63628558,92.89953032,93.1643293,93.43695014,93.71667188,93.99673546,94.27701279,94.55749407,94.8380754,95.11897314,95.40130649,95.6848313,95.96928524,96.25441325,96.53996132,96.8256719
People using safely managed drinking water services (% of population),Lebanon,LBN,Middle East & North Africa,43.47909933,43.70598917,43.93287901,44.15976884,44.38665868,44.61354852,44.84043835,45.06732819,45.29421803,45.52110786,45.7479977,45.97488754,46.20177737,46.42866721,46.65555705,46.88244688,47.10933672,47.33622656,47.5631164,47.7,47.7,47.7
People using safely managed drinking water services (% of population),Lesotho,LSO,Sub-Saharan Africa,8.852616682,9.720050503,10.61042693,11.52381487,12.46159563,13.42244748,14.40821001,15.37061569,16.35462046,17.35902836,18.38571933,19.43452308,20.38280748,21.23009474,22.08924232,22.9609405,23.84411915,24.73946927,25.65078525,26.57769304,27.52168366,27.86573298
People using safely managed drinking water services (% of population),Lithuania,LTU,Europe & Central Asia,68.38195002,68.72295605,69.06122597,69.40066022,71.21374304,73.05330694,74.91871626,76.79845808,78.6924672,80.59156881,82.49667078,84.42500513,86.38263782,88.3536206,90.33797289,92.3355913,93.99288117,94.44230919,94.87325128,94.89748745,94.92379327,94.95175037
People using safely managed drinking water services (% of population),Luxembourg,LUX,Europe & Central Asia,99.83156763,99.83031228,99.82940075,99.82851692,99.82764894,99.82680412,99.82598105,99.82517962,99.82440121,99.82364629,99.8229082,99.82218971,99.77648627,99.72375081,99.67429154,99.62786079,99.58425066,99.5432264,99.50460385,99.51253086,99.52006544,99.52723298
People using safely managed drinking water services (% of population),Madagascar,MDG,Sub-Saharan Africa,6.934227927,7.488780972,8.059689495,8.646786587,9.250258153,9.932615542,10.63589952,11.35999434,12.10538408,12.87110992,13.65762663,14.46476673,15.29256674,16.14083028,16.76300803,17.38623608,18.02669007,18.6844477,19.35982306,20.05256514,20.76353332,21.49212838
People using safely managed drinking water services (% of population),Malawi,MWI,Sub-Saharan Africa,6.930723281,7.301060867,7.680515742,8.069426763,8.467420906,8.874845523,9.29131816,9.717193069,10.15208075,10.60055086,11.06270646,11.53903726,12.02925441,12.53423613,13.05328526,13.58768407,14.13631364,14.70046353,15.28021414,15.87522951,16.48640461,17.11338747
People using safely managed drinking water services (% of population),Malaysia,MYS,South Asia,92.5773021,92.69727662,92.7632829,92.83030945,92.89831049,92.96671584,93.03588266,93.10563016,93.17591974,93.24628848,93.31696499,93.37020979,93.42081121,93.47149872,93.52266553,93.57384096,93.6252759,93.67532013,93.72420661,93.77186255,93.81822007,93.86336693
People using safely managed drinking water services (% of population),Malta,MLT,Europe & Central Asia,99.9999995,99.99999645,100,99.99999828,100,99.99999958,100,100,99.99999655,99.99999954,99.98402312,99.96638639,99.94875472,99.9311181,99.91348976,99.89585035,99.87821912,99.86058505,99.84295232,99.82531973,99.80768555,99.79004774
People using safely managed drinking water services (% of population),Mexico,MEX,Latin America & Caribbean,39.59265692,39.77693456,39.95924035,40.13960474,40.31810507,40.49464516,40.66931808,40.84209348,41.0130993,41.18226454,41.34966524,41.51547744,41.67959172,41.84208399,42.00296104,42.16216394,42.31975779,42.47569959,42.63002405,42.78274366,42.89210182,42.96604199
People using safely managed drinking water services (% of population),Moldova,MDA,Europe & Central Asia,40.35328339,42.26136584,44.2158752,46.21740222,48.26705073,50.45547445,52.77062973,55.11780702,57.49705778,59.90842235,62.35195412,64.82769347,67.33568945,69.87598206,72.44862411,72.77373178,73.10594471,73.44444414,73.7892172,74.13972218,74.49593776,74.85757103
People using safely managed drinking water services (% of population),Monaco,MCO,Europe & Central Asia,100,100,100,100,100,100,100,100,100,100,100,100,100,100,100,100,100,100,100,100,100,100
People using safely managed drinking water services (% of population),Mongolia,MNG,East Asia & Pacific,18.25587461,19.21540609,20.19663506,21.19853984,22.2200838,23.25890736,24.31555375,25.38863373,26.47741453,27.57910854,28.69503183,29.6201552,30.44058474,31.27106329,32.111189,32.96165036,33.82205423,34.69198635,35.57779306,36.47957044,37.39738139,38.33051581
People using safely managed drinking water services (% of population),Montenegro,MNE,Europe & Central Asia,83.86928016,83.86928016,83.86928016,83.86928016,83.86928016,83.86928016,83.86928016,83.98739625,84.0797596,84.17143445,84.2625888,84.35329603,84.44355628,84.53344642,84.62296195,84.71210337,84.80079526,84.88910879,84.95357451,85.01322034,85.07219953,85.09555958
People using safely managed drinking water services (% of population),Morocco,MAR,North America,41.51656608,41.95547059,42.39307899,42.82827347,43.26161737,43.80539622,44.36928277,44.92938856,47.73959084,50.60236122,53.51767054,56.48219463,59.49482149,62.55336412,65.6567411,68.28291293,69.90109036,71.5253187,73.15412325,73.58407581,73.91218021,74.59271296
People using safely managed drinking water services (% of population),Myanmar,MMR,South Asia,27.5142566,28.96122621,30.43430328,31.93373856,33.45945698,35.01138231,36.58909342,38.19284845,39.82256826,41.47782623,43.15923425,44.66844501,45.98442274,47.31608154,48.66385858,50.03127442,51.41780379,52.82257444,54.24494059,55.68369447,56.77102584,57.32547563
People using safely managed drinking water services (% of population),Nepal,NPL,South Asia,26.74106553,27.03768715,27.2995745,27.5605431,27.82055102,28.07955904,28.33753113,28.59453709,28.85042246,29.10514682,29.35867164,29.61105951,29.86265297,28.432566,26.97638653,25.49421894,23.98655481,22.45362657,20.89586542,19.3135408,17.70711799,16.07690087
People using safely managed drinking water services (% of population),Netherlands,NLD,Europe & Central Asia,99.99387045,99.99269095,99.99151039,99.99033291,99.98914933,99.98796931,99.9867866,99.98560976,99.98442789,99.98324397,99.98206416,99.98088388,99.97970387,99.97852067,99.97734124,99.97616035,99.9749763,99.97379893,99.97261799,99.97143833,99.97025768,99.9690763
People using safely managed drinking water services (% of population),New Zealand,NZL,East Asia & Pacific,84.39357124,84.39357098,84.39357109,84.39357099,84.3935701,84.39357155,85.37428378,86.35500038,87.33571206,88.3164308,89.29714186,90.27785929,91.25857262,92.23928534,93.21999889,94.20071358,95.18142969,96.16214562,97.14285716,98.12357498,99.10428802,99.99999623
People using safely managed drinking water services (% of population),Nicaragua,NIC,Latin America & Caribbean,47.84902155,47.9499921,48.05105223,48.15258828,48.25460035,48.35869738,48.48102698,48.60358162,49.63554307,50.65626525,51.66618625,52.66535401,53.65381614,54.63161678,55.08079627,55.16754488,55.2550711,55.31084508,55.37498509,55.44343736,55.51591705,55.51591705
People using safely managed drinking water services (% of population),Nigeria,NGA,Sub-Saharan Africa,12.60080863,12.96581964,13.77743299,14.6139093,15.47549251,16.36227335,17.27470345,18.21312321,19.17787113,20.16864934,21.18622014,22.22879819,23.20163635,23.79167193,24.37981024,24.96588106,25.54921487,26.1300145,26.70781306,27.28233791,27.85349083,28.4210293
People using safely managed drinking water services (% of population),North Macedonia,MKD,Europe & Central Asia,80.47444438,80.45273988,80.43103448,80.40932823,80.38751965,80.37091759,80.35750548,80.34727365,80.34018653,80.33631983,80.33555699,80.33797011,80.34343034,80.35201058,80.36369389,80.37824533,80.3958472,80.41636945,80.3237909,80.35073391,80.38050306,80.41318215
People using safely managed drinking water services (% of population),Norway,NOR,Europe & Central Asia,99.90882863,99.90882733,99.9088251,99.85453912,99.80025805,99.74596641,99.6916845,99.6373982,99.58311012,99.52882622,99.47453997,99.42025158,99.36596664,99.31168056,99.25739104,99.20311052,99.14882228,99.09453739,99.04024635,98.9859634,98.93168066,98.87739581
People using safely managed drinking water services (% of population),Oman,OMN,Middle East & North Africa,83.89832687,83.89374951,83.88917207,83.88459492,83.95737751,84.32566246,84.69061706,85.05204433,85.40998443,85.76402646,86.11466671,86.56857596,87.09616158,87.60553532,88.09871518,88.57535861,89.03638704,89.47486671,89.89310039,90.26776293,90.55716382,90.71065215
People using safely managed drinking water services (% of population),Pakistan,PAK,South Asia,34.82704208,34.93716076,35.04728414,35.157073,35.266694,35.56515754,35.86586773,36.16884172,36.47390993,37.46539155,38.45960002,39.45647773,40.45596758,41.45769464,42.46193936,43.4686383,44.47773044,45.48902311,46.50448507,47.52388316,48.54683424,49.57296604
People using safely managed drinking water services (% of population),Palau,PLW,East Asia & Pacific,65.43092155,66.31455903,67.19252222,68.06477331,69.13790175,70.22562861,71.32814742,72.44461744,73.57509167,74.71842717,75.87468489,77.04290419,78.22348171,79.41483111,80.61708647,81.8297948,83.04817639,84.27134198,85.49877851,86.72964966,87.96424325,89.20143427
People using safely managed drinking water services (% of population),Paraguay,PRY,Latin America & Caribbean,49.8363407,50.79239762,51.7348954,52.56898882,53.37760897,54.17941887,54.97408903,55.76164738,56.54244077,57.31616396,58.08284781,58.84252004,59.59549476,60.33295771,61.06107176,61.78319244,62.49958992,63.20980611,63.91670435,64.01892872,64.08422143,64.15144761
People using safely managed drinking water services (% of population),Peru,PER,Latin America & Caribbean,44.89840823,45.29703425,45.69190553,46.08346228,46.47131756,46.85508898,47.23563705,47.61216638,47.93300661,48.22848321,48.52299246,48.81573783,49.1075284,49.39757328,49.68628516,49.97405182,50.26011225,50.54485337,50.83094059,51.11794794,51.40620953,51.69531259
People using safely managed drinking water services (% of population),Philippines,PHL,East Asia & Pacific,40.57442691,40.68244041,41.82818395,42.9920581,44.17413413,44.53221623,44.66998679,44.80795886,44.94613962,45.08480689,45.23644442,45.45288552,45.66886762,45.88467456,46.09974467,46.31463336,46.52906494,46.74744374,46.97025902,47.19717462,47.42812709,47.66305817
People using safely managed drinking water services (% of population),Poland,POL,Europe & Central Asia,91.95850158,91.95850158,91.95850158,91.95850158,91.95850158,91.95850158,92.34340645,92.72996241,93.11819816,93.50833374,93.23504655,92.95179234,92.65698627,92.35212298,92.03690359,91.71144545,91.37841562,91.0381222,90.69058677,90.3359777,89.61918768,88.90617795
People using safely managed drinking water services (% of population),Portugal,PRT,Europe & Central Asia,93.65893955,93.69343258,93.72778179,93.76341089,93.8003255,93.8382334,93.87748214,93.91784317,93.95939324,94.00189592,94.12394054,94.2445699,94.36371355,94.45235092,94.53890694,94.62334159,94.7056823,94.78596065,94.86413723,94.94031143,95.01444466,95.0865778
People using safely managed drinking water services (% of population),Puerto Rico,PRI,Latin America & Caribbean,75.13195127,75.24593245,75.35991364,75.47389482,75.587876,75.70185719,75.81583837,75.92981956,76.04380074,78.83245449,81.6291143,84.4337802,87.24645216,90.06713019,92.8958143,95.73250448,98.57720073,99.44614594,99.74116581,99.87310759,99.87310759,99.87310759
People using safely managed drinking water services (% of population),Qatar,QAT,Middle East & North Africa,96.34022045,96.34022045,96.34022045,96.34022045,96.34022045,96.34022045,96.34022045,96.34022045,96.34022045,96.68583834,97.03149803,97.37719952,97.7229428,97.57926664,97.42227102,97.26525535,97.10821963,96.95116386,96.79408805,96.63699218,96.64293348,96.64887477
People using safely managed drinking water services (% of population),Romania,ROU,Europe & Central Asia,81.6520248,81.60899841,81.5886188,81.62597968,81.66306011,81.70013555,81.73721151,81.77429289,81.81136789,81.84844689,81.8855244,81.92260255,81.9265652,81.91609138,81.90561814,81.90193926,81.90561962,81.91581047,81.93335718,81.95769797,81.98883162,82.02704009
People using safely managed drinking water services (% of population),Russian Federation,RUS,Europe & Central Asia,74.74427771,74.74308923,74.78977548,74.84738336,74.90872373,74.96994195,75.03103787,75.09200587,75.15285185,75.21328902,75.27388552,75.33436258,75.39867021,75.46647244,75.53827105,75.61345347,75.69223999,75.77457257,75.86011816,75.94882709,76.04064388,76.13550914
People using safely managed drinking water services (% of population),Samoa,WSM,East Asia & Pacific,60.50485636,60.53071538,60.49463052,60.42557589,60.35708958,60.4735583,60.5888864,60.70428164,60.81950694,60.93371008,61.04691444,61.15883033,61.26539598,61.5138418,61.61507775,61.71492977,61.81374157,61.91221194,62.01586019,62.07564277,62.10706167,62.14566323
People using safely managed drinking water services (% of population),San Marino,SMR,Europe & Central Asia,100,100,100,100,100,100,100,100,100,100,100,100,100,100,100,100,100,100,100,100,100,100
People using safely managed drinking water services (% of population),Sao Tome and Principe,STP,Sub-Saharan Africa,25.76330699,26.22144687,26.71531217,27.21922362,27.72803134,28.24063027,28.75745126,29.27836218,29.80321897,30.33127363,30.86295067,31.39777891,31.93587889,32.47220654,33.00734786,33.54096516,34.07302474,34.6035063,35.1323853,35.53752978,35.86637942,36.1882152
People using safely managed drinking water services (% of population),Senegal,SEN,Sub-Saharan Africa,20.02956992,20.26372621,20.4971792,20.77638765,21.0911266,21.40476396,21.71791336,22.03026056,22.34180161,22.65222878,22.96214838,23.27124826,23.57922756,23.88638325,24.19271178,24.50057196,24.80963613,25.12045345,25.43240428,25.74574291,26.06014728,26.37587024
People using safely managed drinking water services (% of population),Serbia,SRB,Europe & Central Asia,74.34194869,74.38126197,74.42054393,74.45965601,74.49903931,74.53808845,74.57711904,74.61626637,74.65523894,74.69418126,74.73294833,74.77184057,74.79855254,74.82104879,74.84368095,74.86615197,74.88875673,74.91404037,74.94200597,74.97263785,75.00594659,75.04207243
People using safely managed drinking water services (% of population),Sierra Leone,SLE,Sub-Saharan Africa,5.193292879,5.306577772,5.487624457,5.674207439,5.866251561,6.069888325,6.283213562,6.501309299,6.724051665,6.951244341,7.18276828,7.418570775,7.65852484,7.902376847,8.150131947,8.40160251,8.656720511,8.915711343,9.178475564,9.444748567,9.714313051,9.986945564
People using safely managed drinking water services (% of population),Singapore,SGP,South Asia,100,100,100,100,100,100,100,100,100,100,100,100,100,100,100,100,100,100,100,100,100,100
People using safely managed drinking water services (% of population),Slovak Republic,SVK,Europe & Central Asia,92.17964523,92.17798765,92.81332673,93.44967058,94.08702074,94.72537889,95.36473848,96.00510318,96.64648849,97.28888108,97.93308972,98.57904127,98.82872383,98.86432557,98.89992774,98.93552848,98.97112982,99.00672814,99.04232671,99.07792664,99.11353327,99.14912807
People using safely managed drinking water services (% of population),Slovenia,SVN,Europe & Central Asia,91.10522951,91.10522951,91.10522951,91.10522951,91.10522951,91.10522951,91.10522951,91.10522951,91.10522951,91.10522951,91.78527307,92.46531664,93.1453602,93.82540377,94.50544733,95.18549089,95.86553446,96.54557802,97.22562159,97.90566515,98.27432091,98.27432091
People using safely managed drinking water services (% of population),Spain,ESP,Europe & Central Asia,99.35200376,99.35276667,99.3870759,99.42211278,99.45735005,99.49275357,99.52834352,99.56412282,99.60008326,99.60359296,99.60646439,99.60932753,99.59834367,99.57171641,99.54493569,99.54764388,99.55036583,99.55311879,99.55587388,99.55867593,99.56148003,99.56429638
People using safely managed drinking water services (% of population),Sri Lanka,LKA,South Asia,44.69059975,44.82000549,44.94892689,45.07835542,45.20779762,45.33675343,45.52626264,45.71533013,45.90495644,46.09464219,46.28387278,46.47367028,46.66352846,46.86227995,47.0706,47.28864635,47.51605689,47.75351269,48.00170885,47.82528978,47.5914243,47.35929945
People using safely managed drinking water services (% of population),Suriname,SUR,Latin America & Caribbean,51.58039616,51.81575272,52.0507335,52.28471522,52.51800817,52.71265801,52.9043193,53.09632557,53.28897268,53.48253614,53.67645604,53.87101485,54.0662107,54.26204811,54.46284467,54.66861422,54.87885481,55.09333162,55.31203323,55.53425035,55.76043447,55.7762567
People using safely managed drinking water services (% of population),Sweden,SWE,Europe & Central Asia,99.3918989,99.40434824,99.41694543,99.42948645,99.44195951,99.45435752,99.46715703,99.48026029,99.49320153,99.50597335,99.52668481,99.54783016,99.56925044,99.59030641,99.61101068,99.63138741,99.65142493,99.67114085,99.69053302,99.70961304,99.72807241,99.73844577
People using safely managed drinking water services (% of population),Switzerland,CHE,Europe & Central Asia,96.69999946,96.70000265,96.69999812,96.70000166,96.69999841,96.70000076,96.70000328,96.69999911,96.699998,96.69999731,96.69999771,96.69999919,96.70000045,96.69999932,96.6999973,96.69999637,96.70000223,96.70000013,96.70000093,96.69999877,96.69999768,96.70000007
People using safely managed drinking water services (% of population),Tajikistan,TJK,Europe & Central Asia,35.99046032,37.02203989,38.07823015,39.15902957,40.26387592,41.39389504,42.54851696,43.72774064,44.93156329,46.1599858,47.41300294,48.52484724,49.36803663,50.20957628,51.04946639,51.88727096,52.72284776,53.55591109,54.38607003,55.21331119,55.23686453,55.26316675
People using safely managed drinking water services (% of population),Tanzania,TZA,Sub-Saharan Africa,1.430446801,1.473421922,1.517356202,1.575070959,2.277909555,3.032213208,3.840234103,5.474573697,7.010434375,7.483666414,7.757742512,8.036019845,8.318958777,8.605993035,8.896537479,9.190617617,9.487833902,9.788417437,10.09217348,10.39867925,10.70838213,11.02063172
People using safely managed drinking water services (% of population),Togo,TGO,Sub-Saharan Africa,7.445968425,7.565111967,7.68563842,7.807324078,7.930175086,8.053966547,8.178931087,8.305074545,8.432630639,8.560682252,8.690156171,13.09969189,15.16383623,15.60484401,16.05057292,16.50109267,16.95745731,17.41952838,17.88740974,18.36120422,18.84101717,19.12943514
People using safely managed drinking water services (% of population),Tonga,TON,East Asia & Pacific,29.24114723,29.24895896,29.25650214,29.26431532,29.27212724,29.29396663,29.31609632,29.34203942,29.37099597,29.39999292,29.42903458,29.45811778,29.47034626,29.47028712,29.46991436,29.46977041,29.46958584,29.46935997,29.47321433,29.48089496,29.49296466,29.50862047
People using safely managed drinking water services (% of population),Tunisia,TUN,Middle East & North Africa,71.81362375,72.11096984,72.40465374,72.69499932,72.97704908,73.23371086,73.48809834,73.73965097,73.98867055,74.23516631,74.478885,74.72037559,75.14003185,75.55633616,75.97001287,76.38257742,76.71289362,76.03083746,75.33632041,74.62857119,73.90692549,74.10628117
People using safely managed drinking water services (% of population),Turkmenistan,TKM,Europe & Central Asia,66.66758831,67.85868877,69.06092229,70.2736879,71.49673693,73.17298741,74.86708399,76.57836946,78.30524532,80.04744662,81.80358304,83.57266953,85.35385798,87.14606911,88.94334853,90.74768271,92.28499388,93.68088244,94.79052683,94.81207151,94.83423669,94.85705606
People using safely managed drinking water services (% of population),Tuvalu,TUV,East Asia & Pacific,7.669800513,7.692657469,7.715567733,7.759010885,7.81300583,7.866956005,7.920964118,7.974977997,8.028998038,8.082770114,8.136395229,8.189874541,8.243206396,8.29608638,8.347595332,8.397683471,8.446299319,8.493390468,8.53905946,8.583255089,8.625977168,8.667275936
People using safely managed drinking water services (% of population),Uganda,UGA,Sub-Saharan Africa,2.29626288,2.735025266,3.277562732,3.840949635,4.425556447,5.030758686,5.657710785,6.305952979,6.976078113,7.667773011,8.381658368,9.117634283,9.876101304,10.65636884,11.45965945,12.28554249,13.13350907,14.0036092,14.89523756,15.80938218,16.74508124,17.70231604
People using safely managed drinking water services (% of population),Ukraine,UKR,Europe & Central Asia,66.5397828,66.55705364,66.62773763,66.73622698,69.34844842,71.95749468,74.5352118,77.09165044,79.62727614,82.14158021,84.61850488,87.09010192,89.55654802,89.55719725,89.01359778,88.84098306,88.6682643,88.49545241,88.32258221,88.14986403,87.9774979,87.76939717
People using safely managed drinking water services (% of population),United Kingdom,GBR,Europe & Central Asia,100,99.99999771,99.99999743,99.99999644,99.99999768,100,99.99817827,99.98605229,99.97392792,99.96180187,99.94967515,99.93754244,99.92542051,99.91329104,99.90116269,99.88903783,99.87690775,99.86478467,99.85265697,99.84052717,99.82840528,99.81627467
People using safely managed drinking water services (% of population),United States,USA,North America,95.35509038,95.35509038,95.35509038,95.35509038,95.35509038,95.35509038,95.36439365,95.37364205,95.38283603,95.39197559,95.5578891,95.7230909,95.88738531,96.05080531,96.21326611,96.37470935,96.53506743,96.6943508,96.85243256,97.0093299,97.16495749,97.31930029
People using safely managed drinking water services (% of population),Uzbekistan,UZB,Europe & Central Asia,53.76748684,55.11487039,56.45624904,57.79080247,59.11776305,60.43691365,61.74850663,63.05182533,64.3466525,65.63235168,66.90956589,68.06669276,69.11726098,70.1788931,71.25162645,72.33551308,73.43059548,74.5369168,75.66172215,76.77455602,77.78847492,78.81259694
People using safely managed drinking water services (% of population),Viet Nam,VNM,East Asia & Pacific,45.63900261,46.20396941,46.76911617,47.33290079,47.89631349,48.4582045,49.01919396,49.57919332,50.137769,50.69551687,51.25601225,51.81473886,52.3719498,52.92625065,53.47887799,54.02942235,54.57748944,55.12145498,55.66160863,56.19791425,56.73034982,57.25798247
People using safely managed drinking water services (% of population),West Bank and Gaza,PSE,Middle East & North Africa,73.13644912,73.4689138,73.80082046,74.13202096,74.46267654,74.79263548,75.12198334,75.45078941,75.77891985,76.106914,76.43480877,76.76252951,77.09004094,77.41732481,77.74435501,78.07105447,78.39740144,78.72343208,79.04901889,79.37424789,79.69894582,80.02319432
People using safely managed drinking water services (% of population),Zimbabwe,ZWE,Sub-Saharan Africa,29.19332723,29.34476286,29.47526302,29.44712795,29.38941136,29.19447394,28.99888125,28.80301797,28.60651526,28.40976583,28.2123945,28.01480021,27.81659934,27.61820017,27.43136929,27.25681769,27.09445356,26.94458843,26.80793849,26.68397765,26.57384603,26.47699533
People with basic handwashing facilities including soap and water (% of population),Afghanistan,AFG,South Asia,36.27068588,36.27068588,36.27068588,36.27068588,36.27068588,36.27068588,36.35306389,36.43625437,36.51984553,36.60384108,37.54378687,38.47599271,39.39999131,40.31572086,41.2231241,42.12242122,43.01322646,43.8983799,44.77753641,45.64958362,46.51349024,47.36894465
People with basic handwashing facilities including soap and water (% of population),Algeria,DZA,Middle East & North Africa,82.91379591,82.91379591,82.91379591,82.91379591,82.91379591,82.91379591,82.91379591,82.91379591,83.02934434,83.14180725,83.25195686,83.35932817,83.52389469,83.68203573,83.83418675,83.98020092,84.12050688,84.25495795,84.38397717,84.50756095,84.62598032,84.73937234
People with basic handwashing facilities including soap and water (% of population),Armenia,ARM,Europe & Central Asia,83.24600978,83.81407216,84.4217744,85.04492049,85.67044133,86.29812671,86.92841757,87.56089698,88.19595698,88.83322921,89.47290193,90.1149814,90.75945374,91.40914803,92.06318714,92.72079766,93.3810039,94.04294056,94.39591691,94.40049873,94.40664487,94.41437094
People with basic handwashing facilities including soap and water (% of population),Azerbaijan,AZE,Europe & Central Asia,89.22884289,89.22884289,89.22884289,89.22884289,89.22884289,89.22884289,89.22884289,89.22884289,89.22884289,89.22884289,89.23638692,89.24444789,89.25304193,89.26218869,89.27185893,89.28205545,89.29277514,89.30402118,89.30402118,89.30402118,89.30402118,89.30402118
People with basic handwashing facilities including soap and water (% of population),Bangladesh,BGD,South Asia,19.96052675,19.96052675,19.96052675,19.96052675,19.96052675,19.96052675,20.18406297,20.41138865,20.64218719,20.87614253,24.42005112,27.93989743,31.43384137,34.90063419,38.34090291,41.75359819,45.13910166,48.49695932,51.82702067,55.12933244,58.40395244,61.65072984
People with basic handwashing facilities including soap and water (% of population),Barbados,BRB,Latin America & Caribbean,88.46935061,88.46935061,88.46935061,88.46935061,88.46935061,88.46935061,88.46935061,88.46935061,88.46935061,88.46935061,88.46935061,88.46935061,88.46935061,88.46935061,88.46935061,88.46935061,88.46935061,88.46935061,88.46935061,88.46935061,88.46935061,88.46935061
People with basic handwashing facilities including soap and water (% of population),Belize,BLZ,Latin America & Caribbean,81.67745661,81.67745661,81.67745661,81.67745661,81.67745661,81.67745661,81.67837606,81.67929485,81.68021348,81.68112798,83.32554124,84.31832304,85.1647634,86.01119864,86.8582652,87.70655857,88.55672768,89.40936886,90.26509055,90.26999416,90.27548384,90.28155612
People with basic handwashing facilities including soap and water (% of population),Benin,BEN,Sub-Saharan Africa,1.6207407,1.87166046,2.170179076,2.700690384,3.233209723,3.767635032,4.304033269,4.842478111,5.382921218,5.925240117,6.469572129,7.015928288,7.564319376,8.114608439,8.667326523,9.222357856,9.779728819,10.33946672,10.90160036,11.46615629,12.03316234,12.08159587
People with basic handwashing facilities including soap and water (% of population),Bhutan,BTN,South Asia,75.79000083,75.79000083,75.79000083,75.79000083,75.79000083,75.95865075,76.07014204,76.18312748,76.29759928,77.75361731,79.18508778,80.59156622,81.97135799,83.32462799,84.65172669,85.95309763,87.22916358,88.48043164,89.70743719,90.91073777,92.09096169,93.24870149
People with basic handwashing facilities including soap and water (% of population),Bolivia,BOL,Latin America & Caribbean,26.67097277,26.67097277,26.67097277,26.67097277,26.67097277,26.67097277,26.67097277,26.67097277,26.67097277,26.67097277,26.67097277,26.7028997,26.73461168,26.76222421,26.78724809,26.81212844,26.8369355,26.86152925,26.88633686,26.91136,26.93652922,26.96183976
People with basic handwashing facilities including soap and water (% of population),Bosnia and Herzegovina,BIH,Europe & Central Asia,97.19482738,97.19482738,97.19482738,97.19482738,97.19482738,97.19482738,97.19482738,97.19482738,97.19482738,97.20295695,97.21109221,97.21925154,97.22743269,97.23559163,97.24377208,97.25226029,97.26105802,97.26105802,97.26105802,97.26105802,97.26105802,97.26105802
People with basic handwashing facilities including soap and water (% of population),Burkina Faso,BFA,Sub-Saharan Africa,7.109202652,7.262780293,7.435451997,7.604411211,7.769940603,7.930865872,8.087451923,8.208002097,8.299646242,8.386603418,8.469100052,8.546988413,8.619958317,8.687878679,8.750765696,8.808328133,8.860433126,8.906550768,8.946726184,8.980982019,9.008969234,9.082437627
People with basic handwashing facilities including soap and water (% of population),Burundi,BDI,Sub-Saharan Africa,5.874839887,5.874839887,5.874839887,5.874839887,5.874839887,5.923064848,5.972516121,6.022989016,6.074892341,6.087436673,6.099128669,6.109665109,6.118762301,6.126879763,6.133361574,6.138466788,6.142083458,6.144099129,6.14440211,6.142880092,6.195175424,6.248694457
People with basic handwashing facilities including soap and water (% of population),Cambodia,KHM,East Asia & Pacific,60.44080613,60.44080613,60.44080613,60.44080613,60.44080613,60.44080613,60.44080613,60.44080613,60.44080613,60.56240097,60.68568906,60.81067121,60.93734588,63.27018069,65.5839564,67.87792659,70.15167768,72.40459501,74.63738971,76.84910032,79.03909801,81.20646675
People with basic handwashing facilities including soap and water (% of population),Central African Republic,CAF,Sub-Saharan Africa,15.76922905,15.76922905,15.76922905,15.76922905,15.76922905,15.77616066,15.78450501,15.79433006,15.80556912,16.22797264,16.65721119,17.09402214,17.53932524,17.99396153,18.45862943,18.93428963,19.42195191,19.92213129,20.43582662,20.96387887,21.50712995,22.06642138
People with basic handwashing facilities including soap and water (% of population),Chad,TCD,Sub-Saharan Africa,14.65938795,14.65938795,14.65938795,14.65938795,14.65938795,14.67012723,14.68086668,14.69193181,14.70267178,15.5800326,16.46151056,17.34618844,18.23340094,19.12193532,20.01087255,20.89949766,21.78683867,22.6719233,23.55393521,24.43171395,25.3045276,26.17119939
People with basic handwashing facilities including soap and water (% of population),China,CHN,East Asia & Pacific,97.03880125,97.03880125,97.03880125,97.03880125,97.03880125,97.03880125,97.03880125,97.03880125,97.03880125,97.03880125,97.03880125,97.03880125,97.03880125,97.03880125,97.03880125,97.03880125,97.03880125,97.03880125,97.07455813,97.10924291,97.14284025,97.17535983
People with basic handwashing facilities including soap and water (% of population),Colombia,COL,South Asia,68.46893114,68.46893114,68.46893114,68.46893114,68.46893114,68.46893114,68.46893114,68.46893114,68.46893114,68.46893114,68.46893114,68.46893114,68.63489987,68.79815774,68.95868796,69.11695203,69.27294526,69.42622063,69.57677777,69.72460811,69.87017904,70.01302136
People with basic handwashing facilities including soap and water (% of population),Comoros,COM,Sub-Saharan Africa,15.54995861,15.54995861,15.54995861,15.54995861,15.54995861,15.54995861,15.54995861,15.54995861,15.54995861,15.55108417,15.55275603,15.55491095,15.55758106,15.56079722,15.56449524,15.56874121,15.5735333,15.57832539,15.58311748,15.58790957,15.59270166,15.59749375
People with basic handwashing facilities including soap and water (% of population),Costa Rica,CRI,Latin America & Caribbean,83.3777407,83.3777407,83.3777407,83.3777407,83.3777407,83.3777407,83.38815529,83.39837444,83.40840039,83.4181744,83.62740842,83.84134987,84.05944871,84.2813438,84.50670013,84.73523858,84.9666694,85.20069095,85.43706039,85.67551777,85.91586561,85.93699637
People with basic handwashing facilities including soap and water (% of population),Cote d'Ivoire,CIV,Sub-Saharan Africa,14.7720644,14.7720644,14.7720644,14.7720644,14.7720644,14.7720644,14.7720644,14.84423552,14.91658,14.98875192,15.06109534,15.70221759,16.34590481,16.99215649,17.64097279,18.29404163,18.95106285,19.61229438,20.27781045,20.94748272,21.62137577,21.71745746
People with basic handwashing facilities including soap and water (% of population),Cuba,CUB,Latin America & Caribbean,82.79432354,82.79432354,82.79432354,82.79432354,82.79432354,82.79432354,82.79432354,82.79432354,82.79432354,82.80651217,82.81870835,82.83089167,82.84308341,84.01482531,85.1844949,86.35379338,87.522481,88.69195134,89.86191274,91.03200476,92.20205681,93.37178034
People with basic handwashing facilities including soap and water (% of population),Dominican Republic,DOM,Latin America & Caribbean,52.78424183,52.78424183,52.78424183,52.78424183,52.78424183,52.78424183,52.78424183,52.78424183,52.78424183,52.98488491,53.18051983,53.35402051,53.51152999,52.93034262,52.348443,51.76585307,51.18226487,50.59701052,50.00734031,49.41316822,48.81444072,48.2114397
People with basic handwashing facilities including soap and water (% of population),Ecuador,ECU,North America,86.97551855,86.97551855,86.97551855,86.97551855,86.97551855,86.97551855,86.97551855,86.97551855,86.97551855,86.97551855,86.97551855,86.99727646,87.01578729,87.03429887,87.05267511,87.07119042,87.08956507,87.10793859,87.12834781,87.15064232,87.17496415,87.20131409
People with basic handwashing facilities including soap and water (% of population),"Egypt, Arab Rep.",EGY,Middle East & North Africa,66.04585646,67.54782461,69.04805147,70.54654588,72.04330554,73.5383324,75.03161959,76.51412547,77.99140432,79.46961853,80.94838381,82.42804941,83.9040111,85.38211761,86.8621401,88.34419815,89.82833898,89.8269699,89.82691908,89.82824051,89.83093199,89.83093199
People with basic handwashing facilities including soap and water (% of population),El Salvador,SLV,Latin America & Caribbean,90.29575102,90.29575102,90.29575102,90.29575102,90.29575102,90.29575102,90.29575102,90.29575102,90.29575102,90.29575102,90.29575102,90.34940525,90.40237572,90.45455265,90.50605516,90.55681861,90.60604248,90.6536086,90.69957921,90.69957921,90.69957921,90.69957921
People with basic handwashing facilities including soap and water (% of population),Eswatini,SWZ,Sub-Saharan Africa,23.68709045,23.68709045,23.68709045,23.68709045,23.68709045,23.6472545,23.60742003,23.58221145,23.64943334,23.71696612,23.78481123,23.85327834,23.89964867,23.94633082,23.99301354,24.04000692,24.08948902,24.14115074,24.19530185,24.25194273,24.3110734,24.3110734
People with basic handwashing facilities including soap and water (% of population),Ethiopia,ETH,Sub-Saharan Africa,7.497472952,7.497472952,7.497472952,7.497472952,7.497472952,7.497472952,7.497472952,7.497472952,7.497472952,7.497472952,7.497472952,7.561661838,7.627240183,7.691274331,7.75654362,7.822892977,7.890476293,7.958985849,8.028883864,8.100170795,8.172692067,8.246602022
People with basic handwashing facilities including soap and water (% of population),"Gambia, The",GMB,Sub-Saharan Africa,12.83587551,12.83587551,12.83587551,12.83587551,12.83587551,12.83587551,12.83587551,12.83587551,12.83587551,12.83587551,12.83587551,12.83587551,12.83587551,12.84715745,12.85832887,12.86937391,12.8802608,12.89100576,12.90159356,12.91202316,12.92229528,12.93239305
People with basic handwashing facilities including soap and water (% of population),Ghana,GHA,Sub-Saharan Africa,40.84998316,40.84998316,40.84998316,40.84998316,40.84998316,40.84998316,40.84998316,40.84998316,40.84998316,40.84998316,40.84998316,40.84998316,40.9289159,41.00737952,41.08538074,41.16291459,41.23998541,41.31647414,41.39238166,41.46759324,41.54222161,41.61615555
People with basic handwashing facilities including soap and water (% of population),Guatemala,GTM,Latin America & Caribbean,76.40238214,76.40238214,76.40238214,76.40238214,76.40238214,76.40238214,76.40238214,76.40238214,76.40238214,76.40238214,76.40238214,76.40238214,76.44213652,76.48348582,76.52643172,76.5712367,76.61750529,76.66550421,76.7152333,76.76641767,76.76641767,76.76641767
People with basic handwashing facilities including soap and water (% of population),Guinea-Bissau,GNB,Sub-Saharan Africa,1.463568095,1.463568095,1.463568095,1.463568095,1.463568095,1.463568095,1.463568095,1.463568095,1.463568095,1.463568095,2.958614989,4.457286745,5.959658242,7.465717991,8.975548057,10.48919041,12.00661919,13.52786047,15.05301802,16.58204984,18.1149849,19.65185008
People with basic handwashing facilities including soap and water (% of population),Guyana,GUY,Latin America & Caribbean,75.88789787,75.88789787,75.88789787,75.88789787,75.88789787,75.88789787,75.88789787,75.88789787,75.88789787,75.89168176,75.89545208,75.89920874,75.89920638,76.66101597,77.42243806,78.18328326,78.94328644,79.70217832,80.45984408,81.21592427,81.97023005,82.7225263
People with basic handwashing facilities including soap and water (% of population),Haiti,HTI,Latin America & Caribbean,24.18315235,24.18315235,24.18315235,24.18315235,24.18315235,24.18315235,24.18315235,24.32358509,24.46502965,24.60647542,24.74849953,24.49545468,24.23750411,23.97408297,23.70561415,23.43182124,23.1510394,22.86274661,22.56721578,22.2645912,22.37304405,22.47907502
People with basic handwashing facilities including soap and water (% of population),Honduras,HND,Latin America & Caribbean,83.46549135,83.46549135,83.46549135,83.46549135,83.46549135,83.46549135,83.46549135,83.51937811,83.57334908,83.62715124,83.68103966,83.83960286,83.98974954,84.1312079,84.26419987,84.38848981,84.50425283,84.61151561,84.71031643,84.80075495,84.88293916,84.9569378
People with basic handwashing facilities including soap and water (% of population),India,IND,South Asia,59.33857962,59.33857962,59.33857962,59.33857962,59.33857962,59.33857962,59.33857962,59.33857962,59.33857962,59.33857962,59.33857962,59.43491763,59.53460088,59.63734533,59.7434301,61.83639136,63.9222864,66.00089544,68.07148665,70.13359887,72.18676937,74.23072608
People with basic handwashing facilities including soap and water (% of population),Indonesia,IDN,South Asia,75.13763198,75.13763198,75.13763198,75.13763198,75.13763198,75.13763198,75.13763198,75.2999752,75.4629299,75.62567964,75.7845585,76.1456457,76.48970228,76.8163932,77.1262517,77.4188183,77.6941682,77.95191026,78.19248125,78.41584428,78.62238806,78.81205632
People with basic handwashing facilities including soap and water (% of population),Iraq,IRQ,Middle East & North Africa,89.47319331,89.47319331,89.47319331,89.47319331,89.47319331,89.47319331,89.48244094,89.49186728,89.50128682,89.51053551,90.24501026,90.98180187,91.71345042,92.43999868,93.16159252,93.87822863,94.59059271,95.29827931,96.00078593,96.69759556,97.38824327,97.38989164
People with basic handwashing facilities including soap and water (% of population),Jamaica,JAM,Latin America & Caribbean,66.54799739,66.54799739,66.54799739,66.54799739,66.54799739,66.54799739,66.54799739,66.54799739,66.55928368,66.57050637,66.58172973,66.59301562,66.60520356,66.61835843,66.63247722,66.64750463,66.64750463,66.64750463,66.64750463,66.64750463,66.64750463,66.64750463
People with basic handwashing facilities including soap and water (% of population),Kenya,KEN,Sub-Saharan Africa,37.08688262,37.08688262,37.08688262,37.08688262,37.08688262,37.08688262,37.08688262,37.08688262,37.08688262,37.08688262,37.08688262,37.08688262,37.12831493,37.1708667,37.21433556,37.25882027,37.30432498,37.35084627,37.39848973,37.44704835,37.49672492,37.54742265
People with basic handwashing facilities including soap and water (% of population),Kyrgyz Republic,KGZ,Europe & Central Asia,83.62369874,83.62369874,83.62369874,83.62369874,83.62369874,83.62369874,83.62369874,83.62349132,83.62328386,83.62318147,83.62544932,85.25760569,86.89080776,88.52410327,90.1568081,91.78814232,93.41736532,95.0436464,96.66621943,98.28426475,98.28426475,98.28426475
People with basic handwashing facilities including soap and water (% of population),Lao PDR,LAO,East Asia & Pacific,54.40382956,54.40382956,54.40382956,54.40382956,54.40382956,54.40382956,54.40382956,54.40382956,54.40382956,54.40382956,54.40382956,54.40382956,54.40382956,54.40382956,54.57450218,54.74684093,54.92112122,55.09651674,55.27301533,55.450908,55.62990343,55.81001562
People with basic handwashing facilities including soap and water (% of population),Lesotho,LSO,Sub-Saharan Africa,5.15691241,5.15691241,5.15691241,5.15691241,5.15691241,5.15691241,5.15691241,5.15691241,5.15691241,5.190465805,5.22455974,5.259126079,5.285725718,5.312528107,5.339600697,5.367010579,5.394622893,5.422505811,5.451063533,5.480228698,5.510136674,5.540652354
People with basic handwashing facilities including soap and water (% of population),Liberia,LBR,Sub-Saharan Africa,1.16857591,1.16857591,1.16857591,1.16857591,1.16857591,1.16857591,1.16857591,1.16857591,1.16857591,1.16857591,1.16857591,1.16857591,1.16857591,1.16857591,1.406157977,1.647175112,1.891756231,2.139975976,2.392002036,2.647928538,2.907872455,3.171951573
People with basic handwashing facilities including soap and water (% of population),Madagascar,MDG,Sub-Saharan Africa,23.70901893,23.78060461,23.85272094,23.77739079,23.70097364,23.70700946,23.7115265,23.71420299,23.71547152,23.71403302,23.71033201,23.70407865,23.69522879,23.68350483,23.66910177,23.65152189,23.6309617,23.60716786,23.58010845,23.54933149,23.51525164,23.47721334
People with basic handwashing facilities including soap and water (% of population),Malawi,MWI,Sub-Saharan Africa,15.48391257,15.46997027,15.45563869,15.4411136,15.42619509,15.41107557,15.39555735,15.37982831,15.36369699,15.34935172,15.33671202,15.32587675,15.31658462,15.30910199,15.30299376,15.29868803,15.29558446,15.29409864,15.29412903,15.29541694,15.29818633,15.30217362
People with basic handwashing facilities including soap and water (% of population),Maldives,MDV,South Asia,95.76719485,95.76719485,95.76719485,95.76719485,95.76719485,95.76719485,95.76719485,95.76719485,95.76719485,95.76719485,95.76719485,95.76719485,95.76719485,95.76719485,95.77605609,95.78495913,95.79389853,95.80286316,95.81186831,95.82091954,95.82999041,95.8390985
People with basic handwashing facilities including soap and water (% of population),Mali,MLI,Sub-Saharan Africa,16.17723688,16.17723688,16.17723688,16.17723688,16.17723688,16.17723688,16.17723688,16.17723688,16.17723688,16.17723688,16.17723688,16.17723688,16.17723688,16.17723688,16.17723688,16.32036907,16.46296119,16.60501289,16.74616437,16.88659587,17.02576725,17.16403804
People with basic handwashing facilities including soap and water (% of population),Marshall Islands,MHL,East Asia & Pacific,84.89182605,84.89182605,84.89182605,84.89182605,84.89182605,84.89182605,84.89182605,84.89182605,84.89182605,84.89182605,84.89182605,84.89182605,84.89182605,84.89182605,84.91897929,84.94544003,84.97128685,84.99645062,85.02105668,85.04498347,85.0683509,85.09115835
People with basic handwashing facilities including soap and water (% of population),Mauritania,MRT,Sub-Saharan Africa,53.71170456,53.71170456,53.71170456,53.71170456,53.71170456,53.71170456,53.71170456,53.71170456,53.71170456,53.71170456,53.9592988,54.20771597,54.45668518,54.70537696,53.1917273,51.69835212,50.22419039,48.7693815,47.33247459,45.91326946,44.51051801,43.12401096
People with basic handwashing facilities including soap and water (% of population),Mexico,MEX,Latin America & Caribbean,90.65382877,90.65382877,90.65382877,90.65382877,90.65382877,90.65382877,90.65382877,90.65382877,90.65382877,90.65382877,90.65383324,90.65382861,90.65383302,90.65382872,91.0190514,91.38427523,91.74949494,92.11471605,92.47993454,92.84515935,93.21037837,93.57559647
People with basic handwashing facilities including soap and water (% of population),Moldova,MDA,Europe & Central Asia,86.99840808,86.99840808,86.99840808,86.99840808,86.99840808,86.99840808,86.99840808,86.99840808,86.99840808,86.9949617,86.99152138,86.98807779,86.98463704,86.98119135,86.97774972,86.97708369,86.9794186,86.9794186,86.9794186,86.9794186,86.9794186,86.9794186
People with basic handwashing facilities including soap and water (% of population),Mongolia,MNG,East Asia & Pacific,59.21830078,59.21830078,59.21830078,59.21830078,59.21830078,59.69196406,60.16112613,60.62487965,61.08322418,63.58890157,66.02750407,68.1934724,70.22753729,72.25741623,74.28284311,76.30437962,78.32173311,80.3347289,82.34580849,84.35348348,86.35624289,86.36594172
People with basic handwashing facilities including soap and water (% of population),Mozambique,MOZ,Sub-Saharan Africa,11.68288613,11.68288613,11.68288613,11.68288613,11.68288613,11.68288613,11.68288613,11.68288613,11.74597742,11.81284354,11.88051893,11.94873293,12.01748682,12.08677989,12.15661155,12.22698369,12.22698369,12.22698369,12.22698369,12.22698369,12.22698369,12.22698369
People with basic handwashing facilities including soap and water (% of population),Myanmar,MMR,South Asia,74.22874542,74.22874542,74.22874542,74.22874542,74.22874542,74.22874542,74.22874542,74.22874542,74.22874542,74.22874542,74.22874542,74.25223688,74.27585335,74.29947036,74.32333083,74.34904997,74.37674847,74.40642131,74.43820085,74.47195493,74.50769075,74.54565074
People with basic handwashing facilities including soap and water (% of population),Nepal,NPL,South Asia,46.36388765,46.36388765,46.36388765,46.36388765,46.36388765,46.36388765,46.46908368,46.57629589,46.68518916,46.79576132,48.23603026,49.66772567,51.09172153,52.50673405,53.91320559,55.31018925,56.69775976,58.07524061,59.44240605,60.79861152,62.14360004,63.47675353
People with basic handwashing facilities including soap and water (% of population),Niger,NER,Sub-Saharan Africa,6.021700656,6.041732529,6.040379349,6.039296264,6.038213525,7.123087003,8.208276277,9.293510866,10.37854185,11.46387187,12.54924669,13.63443564,14.71990687,15.80542268,16.89419967,17.98640163,19.08133529,20.17914138,21.27915026,22.38148194,23.48584636,24.5917837
People with basic handwashing facilities including soap and water (% of population),Nigeria,NGA,Sub-Saharan Africa,29.67697806,29.67697806,29.67697806,29.67697806,29.67697806,29.67697806,29.67697806,29.67697806,29.67697806,29.67697806,29.67697806,29.67697806,29.81172749,29.94525244,30.07755224,30.20862592,30.33801451,30.46602616,30.59235318,30.71684341,30.83949633,30.96015682
People with basic handwashing facilities including soap and water (% of population),Oman,OMN,Middle East & North Africa,97.4,97.4,97.4,97.4,97.4,97.4,97.4,97.4,97.4,97.4,97.4,97.4,97.4,97.4,97.4,97.4,97.4,97.4,97.4,97.4,97.4,97.4
People with basic handwashing facilities including soap and water (% of population),Pakistan,PAK,South Asia,51.92489234,51.92489234,51.92489234,51.92489234,51.92489234,51.92489234,51.92489234,51.92489234,52.01454138,52.10419186,52.19428078,52.28481069,55.28846148,58.27963975,61.25914322,64.22688125,67.18276337,70.12643615,73.06168679,75.98731104,78.90180155,81.80367951
People with basic handwashing facilities including soap and water (% of population),Papua New Guinea,PNG,East Asia & Pacific,29.63121669,29.63121669,29.63121669,29.63121669,29.63121669,29.63121669,29.63121669,29.63121669,29.63121669,29.63121669,29.63121669,29.63121669,29.63121669,29.63121669,29.63121669,29.64027947,29.65462729,29.67426148,29.69955851,29.73014075,29.76601242,29.80792243
People with basic handwashing facilities including soap and water (% of population),Paraguay,PRY,Latin America & Caribbean,79.85441481,79.85441481,79.85441481,79.85441481,79.85441481,79.85441481,79.85441481,79.85441481,79.85441481,79.85441481,79.85441481,79.85441481,79.85441481,79.89246563,79.92881389,79.96502977,80.00124902,80.03719975,80.07459431,80.11317489,80.1530646,80.1530646
People with basic handwashing facilities including soap and water (% of population),Philippines,PHL,East Asia & Pacific,81.58505422,81.58505422,81.58505422,81.58505422,81.58505422,81.58505422,81.58505422,81.58505422,81.58505422,81.58505422,81.58505422,81.58505422,81.59788964,81.61079346,81.6236332,81.63653464,81.64944009,81.66342533,81.6786275,81.69497827,81.71247607,81.73112388
People with basic handwashing facilities including soap and water (% of population),Rwanda,RWA,Sub-Saharan Africa,1.158397579,1.158397579,1.158397579,1.158397579,1.591981735,2.574741801,3.557612702,4.540428024,5.523269112,6.506230976,7.489127762,8.472049965,9.45510331,10.4380806,11.4228588,12.40970778,13.39855802,14.38979724,15.38359095,16.37997866,17.37924673,18.38155918
People with basic handwashing facilities including soap and water (% of population),Sao Tome and Principe,STP,Sub-Saharan Africa,38.65076475,38.65076475,38.65076475,38.65076475,38.65076475,38.65076475,38.65076475,38.65076475,38.65076475,38.46054026,38.27264769,38.0875827,37.90518054,39.82383781,41.83089376,43.92118751,46.08937137,48.33027142,50.63887017,53.01031041,55.43990068,57.92330495
People with basic handwashing facilities including soap and water (% of population),Senegal,SEN,Sub-Saharan Africa,21.05410637,21.05410637,21.05410637,21.05410637,21.05410637,21.05410637,21.05410637,21.05410637,21.05410637,21.05410637,21.05410637,21.05410637,21.15509437,21.25632556,21.35780042,21.46146437,21.56707675,21.67512065,21.78511274,21.89729347,22.01142221,22.12774048
People with basic handwashing facilities including soap and water (% of population),Serbia,SRB,Europe & Central Asia,98.12752312,98.12752312,98.12752312,98.12752312,98.12752312,98.12752312,98.12752312,98.12791342,98.1283055,98.12869288,98.12908313,98.12947588,98.12972248,98.12992037,98.1301201,98.1301201,98.1301201,98.1301201,98.1301201,98.1301201,98.1301201,98.1301201
People with basic handwashing facilities including soap and water (% of population),Sierra Leone,SLE,Sub-Saharan Africa,10.72275494,10.72275494,10.72275494,10.72275494,10.72275494,10.77126885,10.82894363,10.88691949,10.94519568,11.46946009,11.98873863,12.50314165,13.01263063,13.5169307,14.01626332,14.51048438,14.99967339,15.48442554,15.96473225,16.44029952,16.91092904,17.37642189
People with basic handwashing facilities including soap and water (% of population),Solomon Islands,SLB,East Asia & Pacific,37.07173096,37.07173096,37.07173096,37.07173096,37.07173096,37.07173096,37.07173096,37.07173096,37.07173096,37.07173096,37.07173096,37.07173096,37.26699614,37.46268492,37.65837161,37.85448465,38.0501717,38.24586137,38.44155004,38.63639297,38.63639297,38.63639297
People with basic handwashing facilities including soap and water (% of population),Somalia,SOM,Sub-Saharan Africa,24.42779232,24.42779232,24.42779232,24.42779232,24.42779232,24.42779232,24.42779232,24.42779232,24.42779232,24.42779232,24.42779232,24.42779232,24.42779232,24.42779232,24.50009101,24.57290312,24.6463578,24.72032886,24.79494189,24.86994171,24.945455,25.02135525
People with basic handwashing facilities including soap and water (% of population),South Africa,ZAF,Sub-Saharan Africa,43.34615481,43.34615481,43.34615481,43.34615481,43.34615481,43.34615481,43.34615481,43.34615481,43.34615481,43.34615481,43.34615481,43.34615481,43.34615481,43.47679106,43.60692839,43.73631358,43.86494525,43.99257606,44.11920012,44.24482404,44.36969325,44.36969325
People with basic handwashing facilities including soap and water (% of population),St. Lucia,LCA,Latin America & Caribbean,87.3433145,87.3433145,87.3433145,87.3433145,87.3433145,87.3433145,87.3433145,87.3433145,87.3433145,87.3365063,87.33084839,87.3308489,87.33084703,87.33093151,87.3310835,87.33133019,87.33164756,87.33164756,87.33164756,87.33164756,87.33164756,87.33164756
People with basic handwashing facilities including soap and water (% of population),Sudan,SDN,Middle East & North Africa,26.50096308,26.50096308,26.50096308,26.50096308,26.50096308,26.50096308,26.50096308,26.50096308,26.50096308,26.50096308,26.50096308,26.50096308,26.50096308,24.75225407,23.00354506,21.25483605,19.50612704,17.75741802,16.00870901,14.26,12.51129099,10.76258198
People with basic handwashing facilities including soap and water (% of population),Suriname,SUR,Latin America & Caribbean,72.09888003,72.09888003,72.09888003,72.09888003,72.09888003,72.09888003,72.09888003,72.09888003,72.09888003,72.09888003,72.09888003,72.09888003,72.09888003,72.09888003,72.09888003,72.09625338,72.09497914,72.09506109,72.09657057,72.0993564,72.10365568,72.10922544
People with basic handwashing facilities including soap and water (% of population),Syrian Arab Republic,SYR,Middle East & North Africa,84.19975641,84.19975641,84.19975641,84.19975641,84.19975641,84.19975641,84.19975641,84.19975641,84.19975641,84.19975641,84.19975641,84.19975641,84.19975641,84.1306776,84.0613967,84.10636954,84.15127891,84.19605325,84.24062408,84.2849941,84.32902626,84.3727243
People with basic handwashing facilities including soap and water (% of population),Tajikistan,TJK,Europe & Central Asia,72.38524188,72.38524188,72.38524188,72.38524188,72.38524188,72.38524188,72.38524188,72.38568421,72.38612511,72.38656981,72.387013,72.41936692,72.45665437,72.49800956,72.54364672,72.59314728,72.64650756,72.70350374,72.76372939,72.82735396,72.86508272,72.90721507
People with basic handwashing facilities including soap and water (% of population),Tanzania,TZA,Sub-Saharan Africa,27.36787465,27.36787465,27.36787465,27.36787465,27.36787465,27.36787465,27.36787465,27.36787465,27.36787465,27.36787465,27.36787465,27.49150649,27.61712637,27.74419293,27.87216492,28.0010389,28.13045405,28.26059353,28.39127687,28.52213759,28.65354258,28.78494722
People with basic handwashing facilities including soap and water (% of population),Thailand,THA,South Asia,84.7016749,84.7016749,84.7016749,84.7016749,84.7016749,84.7016749,84.7016749,84.7016749,84.7016749,84.7016749,84.7016749,84.73123732,84.7574649,84.78372318,84.8100561,84.83642681,84.86289516,84.88930104,84.91559496,84.94168096,84.9675933,84.99332656
People with basic handwashing facilities including soap and water (% of population),Timor-Leste,TLS,East Asia & Pacific,27.80902909,27.80902909,27.80902909,27.80902909,27.80902909,27.80902909,27.80902909,27.80902909,27.80902909,27.80902909,27.80902909,27.80902909,27.80902909,27.88166775,27.95492928,28.02881118,28.1033127,28.17822949,28.25397283,28.33033748,28.40752954,28.40752954
People with basic handwashing facilities including soap and water (% of population),Togo,TGO,Sub-Saharan Africa,7.41725232,7.41725232,7.41725232,7.41725232,7.41725232,7.490268198,7.563759039,7.63772561,7.712325349,8.548569798,9.386534513,10.22946913,11.07598824,11.92384742,12.77337983,13.6245959,14.47817604,15.33397497,16.19201425,17.05231388,17.14668569,17.24208292
People with basic handwashing facilities including soap and water (% of population),Tonga,TON,East Asia & Pacific,69.56490658,69.56490658,69.56490658,69.56490658,69.56490658,69.56490658,69.56490658,69.56490658,69.56490658,69.56490658,69.56490658,69.56490658,69.56490658,69.56490658,69.56490658,69.56490658,69.55740077,69.54989572,69.54451061,69.54111435,69.53997714,69.54068932
People with basic handwashing facilities including soap and water (% of population),Trinidad and Tobago,TTO,Latin America & Caribbean,90.06344255,90.06344255,90.06344255,90.06344255,90.06344255,90.06344255,90.06344255,90.06344255,90.06344255,90.06344255,90.06344255,90.06344255,90.06344255,90.06344255,90.06344255,90.06344255,90.06344255,90.06344255,90.06344255,90.06344255,90.06344255,90.06344255
People with basic handwashing facilities including soap and water (% of population),Tunisia,TUN,Middle East & North Africa,86.60459293,86.60459293,86.60459293,86.60459293,86.60459293,86.60459293,86.60459293,86.68988374,86.77487672,86.85956867,86.94366448,86.67285503,86.39850235,86.12005754,85.83840007,85.55542225,85.27073666,84.9842421,84.69608731,84.40589989,84.11333932,84.19055452
People with basic handwashing facilities including soap and water (% of population),Turkmenistan,TKM,Europe & Central Asia,70.74569746,72.58037879,74.40922694,76.23202005,78.04875799,79.86175144,81.67054011,83.47459787,85.27290122,87.06518155,88.85059044,90.62851285,92.39840218,94.15961996,95.91144755,97.65336489,97.65336489,97.65336489,97.65336489,97.65336489,97.65336489,97.65336489
People with basic handwashing facilities including soap and water (% of population),Uganda,UGA,Sub-Saharan Africa,1.623716333,2.866215644,4.115692066,5.372372336,6.636568474,7.908154689,9.187796185,10.47543809,11.77151704,13.07603334,14.38945528,15.71189207,17.04371656,18.38471501,19.73571634,21.09665333,22.46739821,23.84813239,25.23865212,26.63969207,28.05083558,29.47221871
People with basic handwashing facilities including soap and water (% of population),Vanuatu,VUT,East Asia & Pacific,26.95717269,26.95717269,26.95717269,26.95717269,26.95717269,26.95717269,26.95717269,26.95717269,27.07026286,27.18449243,27.25128356,27.28885316,31.73548957,36.17613021,40.6107739,45.03942221,49.46230152,53.87912862,58.29159137,62.69865796,67.09973498,71.49367288
People with basic handwashing facilities including soap and water (% of population),Viet Nam,VNM,East Asia & Pacific,84.31646876,84.31646876,84.31646876,84.31646876,84.31646876,84.31646876,84.3788541,84.44216595,84.5062972,84.57145717,84.88437529,85.19838341,85.51359787,85.82959812,86.14681168,86.46513544,86.78447421,87.10430523,87.42474093,87.74577327,88.0674164,88.38934216
People with basic handwashing facilities including soap and water (% of population),West Bank and Gaza,PSE,Middle East & North Africa,94.93441393,94.93441393,94.93441393,94.93441393,94.93441393,94.93441393,94.93441393,94.93441393,94.93441393,94.93441393,94.93441393,94.93441393,94.93441393,94.93441393,94.93441393,94.93246565,94.9304785,94.92844283,94.92638101,94.92426957,94.92214126,94.91996753
People with basic handwashing facilities including soap and water (% of population),"Yemen, Rep.",YEM,Middle East & North Africa,46.98957646,46.98957646,46.98957646,46.98957646,46.98957646,46.98957646,46.98957646,46.98957646,46.98957646,46.98957646,47.18551465,47.38347023,47.58344966,47.78578699,47.98980416,48.19584237,48.40356359,48.61296826,48.61296826,48.61296826,48.61296826,48.61296826
People with basic handwashing facilities including soap and water (% of population),Zambia,ZMB,Sub-Saharan Africa,16.71389893,16.71389893,16.71389893,16.71389893,16.71389893,16.71389893,16.71389893,16.71389893,16.71389893,16.80942727,16.90573443,17.00243272,17.10049419,17.20011663,17.30090796,17.40325984,17.50678036,17.61166618,17.71791661,17.82533632,17.93392668,18.04368654
People with basic handwashing facilities including soap and water (% of population),Zimbabwe,ZWE,Sub-Saharan Africa,42.64874615,42.64874615,42.64874615,42.64874615,42.64874615,42.64874615,42.64874615,42.64874615,42.64874615,42.64874615,42.61307723,42.57760459,42.54212989,42.50685248,42.47745877,42.45413573,42.4366915,42.42513133,42.41964225,42.41983813,42.42611001,42.43806469
"Water productivity, total (constant 2015 US$ GDP per cubic meter of total freshwater withdrawal)",Afghanistan,AFG,South Asia,0.306012602,0.277149573,0.356414354,0.387893859,0.393379136,0.437554491,0.46099605,0.524734837,0.545330594,0.66197969,0.757056136,0.760283881,0.857237464,0.905249145,0.929913051,0.943409015,0.964733023,0.990269537,1.002046101,1.041242171,1.016761519,0.805896981
"Water productivity, total (constant 2015 US$ GDP per cubic meter of total freshwater withdrawal)",Albania,ALB,Europe & Central Asia,3.295907532,3.747336677,4.123057336,4.592167358,5.129733403,5.750666961,6.706002761,7.24781983,7.948631355,8.384440193,8.878085668,9.299616884,9.638440777,9.953505617,10.36269864,12.37701425,10.77319148,11.19310281,13.25939937,11.46286679,15.94770424,17.15982371
"Water productivity, total (constant 2015 US$ GDP per cubic meter of total freshwater withdrawal)",Algeria,DZA,Middle East & North Africa,19.49401364,19.47695047,19.72557689,20.4111722,20.74069125,21.27326262,21.31736121,21.41773655,21.40727614,21.13851761,21.62838864,21.76173495,21.80794031,21.32335888,21.20119332,20.93967563,21.10575471,20.17223094,20.45464218,20.63873396,19.60679726,20.35185556
"Water productivity, total (constant 2015 US$ GDP per cubic meter of total freshwater withdrawal)",Angola,AGO,Sub-Saharan Africa,48.88272204,49.92067121,55.63084116,56.19313752,61.1707223,69.06248156,77.03919818,87.83238985,97.6432678,98.4829999,102.8146525,106.3844319,115.4719039,121.1930899,127.0376985,128.2363901,124.9278276,124.7439177,123.1018365,122.2373256,115.3453227,116.728556
"Water productivity, total (constant 2015 US$ GDP per cubic meter of total freshwater withdrawal)",Antigua and Barbuda,ATG,Latin America & Caribbean,301.3787783,272.1220403,260.8190183,263.1726819,265.4026856,270.0253167,310.4269712,346.2696628,353.4341036,317.7731762,299.2248793,299.8830941,317.0430581,315.1385312,322.1076702,326.7626263,340.1591278,348.5383811,372.7729033,384.3305227,311.7673858,337.3064923
"Water productivity, total (constant 2015 US$ GDP per cubic meter of total freshwater withdrawal)",Argentina,ARG,Latin America & Caribbean,13.02893435,12.18737859,10.6315944,11.3331378,12.10746604,12.91883927,13.68804726,14.63747449,14.94730711,13.80519894,14.92970874,15.54588204,15.38631593,15.75640664,15.36050875,15.7800288,15.45175247,15.88726057,15.47142797,15.1618662,13.66076794,15.08719965
"Water productivity, total (constant 2015 US$ GDP per cubic meter of total freshwater withdrawal)",Armenia,ARM,Europe & Central Asia,2.116207789,2.514211791,2.836228321,2.834046607,2.472266914,2.543568305,2.822282928,3.011839706,3.375428408,3.380780599,4.004472602,3.656129476,3.249039784,3.340357044,3.575560226,3.225347652,3.323206849,3.967723389,4.406278165,4.491272425,4.219447287,4.258043781
"Water productivity, total (constant 2015 US$ GDP per cubic meter of total freshwater withdrawal)",Australia,AUS,East Asia & Pacific,40.29004036,41.34502511,44.43524311,47.40174881,51.18420174,54.77211776,60.05294056,66.79517607,74.54505222,82.32684816,89.59658462,91.47552171,79.165372,67.31171796,71.62080904,146.5614287,130.7148503,117.7776049,118.5011368,141.3681699,171.9795347,133.0892836
"Water productivity, total (constant 2015 US$ GDP per cubic meter of total freshwater withdrawal)",Austria,AUT,Europe & Central Asia,84.98756875,86.79913685,88.82633928,90.11432041,92.70870043,95.15093398,98.56415649,102.6009482,104.4144002,100.9825407,103.1296559,107.3448819,109.2503611,110.2327574,112.3612326,115.1690787,119.0118491,123.1871123,127.7917974,131.6449903,123.3273237,129.2412748
"Water productivity, total (constant 2015 US$ GDP per cubic meter of total freshwater withdrawal)",Azerbaijan,AZE,Europe & Central Asia,1.084480148,1.320000207,1.445176478,1.501999918,1.544514899,1.871703611,2.446130436,3.072590813,3.5669828,4.035067879,4.304484035,4.184437864,4.032639895,4.260168892,4.529147469,4.540699406,4.329926934,4.251958237,4.299066314,4.258491531,4.204593329,4.178849323
"Water productivity, total (constant 2015 US$ GDP per cubic meter of total freshwater withdrawal)",Bahrain,BHR,Middle East & North Africa,56.10534824,60.96843238,67.05095281,76.41211454,83.64504875,91.43053748,99.71437655,110.680532,120.6034618,126.9163028,135.9907316,142.4572917,152.0933101,164.8454657,177.1502513,204.4204769,217.6921953,228.4763083,233.165987,237.9525997,223.8863579,233.625506
"Water productivity, total (constant 2015 US$ GDP per cubic meter of total freshwater withdrawal)",Bangladesh,BGD,South Asia,3.610627137,3.610627137,3.610627137,3.610627137,3.610627137,3.610627137,3.610627137,3.610627137,3.610627137,3.792787782,4.004113883,4.262954985,4.540961838,4.814037376,5.105819038,5.440384973,5.827385573,6.21142485,6.666064665,7.191478226,7.439441657,7.955640643
"Water productivity, total (constant 2015 US$ GDP per cubic meter of total freshwater withdrawal)",Barbados,BRB,Latin America & Caribbean,62.60867464,61.12768884,61.60900922,62.94930137,63.83789285,76.79144092,81.45310039,83.14666013,83.67336184,79.47523838,77.71270772,77.14429012,76.90258846,76.12557866,76.18831031,75.54368214,76.8973723,76.9961439,76.09215905,76.58872538,65.05878069,64.89290299
"Water productivity, total (constant 2015 US$ GDP per cubic meter of total freshwater withdrawal)",Belarus,BLR,Europe & Central Asia,14.20814676,15.0948132,16.08917708,17.47898052,19.77492344,21.96600846,24.61861532,27.2500934,30.6185647,31.29355176,34.40712411,36.58455639,37.48583487,38.14362291,37.36662027,38.98818311,37.89847563,40.38798239,41.86967772,43.47619478,44.1592474,42.15699241
"Water productivity, total (constant 2015 US$ GDP per cubic meter of total freshwater withdrawal)",Belgium,BEL,Europe & Central Asia,48.82419996,52.11957503,56.14692511,57.72845644,60.86155336,63.41098389,65.91766086,69.28777928,70.56264133,70.68201985,73.195285,87.39594309,83.98201256,92.45484298,99.72496635,115.4343434,111.267079,107.7909256,115.5250871,117.670807,111.3941744,118.3034582
"Water productivity, total (constant 2015 US$ GDP per cubic meter of total freshwater withdrawal)",Belize,BLZ,Latin America & Caribbean,13.49984565,14.17402359,14.9390132,16.38311616,17.16636681,17.54738099,18.33902185,18.95397479,18.63514686,18.56259623,18.7693902,18.72349082,19.42333293,20.2885115,21.10631007,21.71336634,21.72521134,21.33136507,21.56826508,22.48872032,19.36213376,22.79817096
"Water productivity, total (constant 2015 US$ GDP per cubic meter of total freshwater withdrawal)",Benin,BEN,Sub-Saharan Africa,46.63995169,50.39262212,52.73236713,54.54824667,56.96456193,57.94045862,60.22547898,63.83078654,66.9563102,68.50922264,69.95755195,72.03092094,75.4964894,80.9257694,86.07077013,87.60123844,90.52683372,95.66111918,102.0677869,109.0754413,113.2735286,121.3787612
"Water productivity, total (constant 2015 US$ GDP per cubic meter of total freshwater withdrawal)",Bhutan,BTN,South Asia,4.098525371,4.098525371,4.098525371,4.098525371,4.098525371,4.098525371,4.098525371,4.098525371,4.098525371,4.412779493,4.939306777,5.358617296,5.635380239,5.733229623,6.070405758,6.474743427,7.023539012,7.170109403,7.421197444,7.848298378,7.04632806,7.357872112
"Water productivity, total (constant 2015 US$ GDP per cubic meter of total freshwater withdrawal)",Bolivia,BOL,Latin America & Caribbean,8.807191986,8.887437216,9.039650586,9.215250257,9.528509356,9.876430528,10.27443428,10.6653226,11.24380293,11.62125734,12.03382742,12.59036124,13.1627882,13.9807639,14.66431816,15.29373936,15.8603933,16.43767467,17.04109823,17.32697314,15.77804927,16.77443755
"Water productivity, total (constant 2015 US$ GDP per cubic meter of total freshwater withdrawal)",Bosnia and Herzegovina,BIH,Europe & Central Asia,28.7154857,29.26964834,30.58561575,31.60846764,33.46590751,34.79767782,36.51769589,37.74374834,39.56488331,34.98400214,34.84110223,36.15526912,34.70300363,35.67332785,38.1324418,39.19796624,40.36277342,43.61598352,58.18881675,61.14273464,60.16017319,63.48462133
"Water productivity, total (constant 2015 US$ GDP per cubic meter of total freshwater withdrawal)",Botswana,BWA,Sub-Saharan Africa,43.77312402,43.81710294,46.4071108,48.48137294,49.71897118,51.90711626,56.16496621,59.33017905,61.16886793,52.4392975,57.66199826,61.51435123,62.29371771,70.3868137,75.68195749,72.01037171,72.05942108,78.25063738,77.13173787,80.25736532,67.12808877,70.88716663
"Water productivity, total (constant 2015 US$ GDP per cubic meter of total freshwater withdrawal)",Brazil,BRA,Latin America & Caribbean,21.14452149,21.31683674,21.84386727,21.96918931,23.10505337,23.71268848,24.5162408,24.25316834,23.88375447,22.4394742,22.77829548,24.4876627,25.83522302,27.58080477,28.73586635,28.22129983,26.28824057,26.89149104,27.03363677,26.98225412,26.19521637,27.39386599
"Water productivity, total (constant 2015 US$ GDP per cubic meter of total freshwater withdrawal)",Brunei Darussalam,BRN,East Asia & Pacific,133.0873166,135.0384572,140.3879234,145.4186249,145.5706432,145.5649293,151.5307807,145.8277327,140.1394146,137.4764099,141.2451392,146.5339312,147.8719843,144.7300252,141.1003594,140.5467049,137.0640731,138.8852798,138.9580155,144.3340846,145.9702174,143.6481779
"Water productivity, total (constant 2015 US$ GDP per cubic meter of total freshwater withdrawal)",Bulgaria,BGR,Europe & Central Asia,4.95763522,5.411293022,5.072288071,5.401367138,5.822209773,6.30892165,6.82112695,7.365801909,7.545725782,7.656250657,7.984458034,7.608775148,8.565047211,8.902736755,9.141063599,9.026183197,9.201948717,9.50642906,10.16749596,10.55856601,10.91559929,11.76490003
"Water productivity, total (constant 2015 US$ GDP per cubic meter of total freshwater withdrawal)",Burkina Faso,BFA,Sub-Saharan Africa,7.882450897,7.984794111,7.936698142,8.16808841,8.16380007,8.502219384,9.033877165,9.405294095,9.950800376,10.24553819,11.1109052,11.84673185,12.61116265,13.34167494,13.91894862,14.46474244,15.32654843,16.27732923,17.35237669,18.37429372,18.74375898,20.04504912
"Water productivity, total (constant 2015 US$ GDP per cubic meter of total freshwater withdrawal)",Burundi,BDI,Sub-Saharan Africa,6.789641043,6.967447155,7.317622794,7.26839258,7.662462361,7.775036271,8.19596174,8.478882124,8.891101324,9.230096377,9.703061283,10.09434693,10.5432129,11.06238072,11.53149759,11.08176918,11.01527846,11.07035499,11.24858056,11.45246843,11.48993597,11.84612398
"Water productivity, total (constant 2015 US$ GDP per cubic meter of total freshwater withdrawal)",Cabo Verde,CPV,Sub-Saharan Africa,43.8125746,43.8125746,38.81390309,34.9091254,33.84380862,29.88477476,27.48614549,27.56857902,26.1346431,23.10009485,21.33493542,20.28442861,18.89540424,17.63142424,16.55015077,15.64407291,15.33949128,15.13384428,14.85755807,14.40706517,8.10207528,10.45648522
"Water productivity, total (constant 2015 US$ GDP per cubic meter of total freshwater withdrawal)",Cambodia,KHM,East Asia & Pacific,5.91439975,5.91439975,5.91439975,5.91439975,5.91439975,5.91439975,5.91439975,6.52940613,7.017568434,7.303518804,7.674312497,8.233513413,8.863398314,9.559839815,10.32465766,11.06875933,11.94380022,12.90826677,14.04112514,15.15556224,14.61667259,15.06830481
"Water productivity, total (constant 2015 US$ GDP per cubic meter of total freshwater withdrawal)",Cameroon,CMR,Sub-Saharan Africa,17.76548788,18.07729227,18.43268383,18.98162915,19.85364195,19.84103359,20.59689429,21.48824322,22.10015917,22.67017792,23.32739198,24.11567385,25.23125979,26.49169473,28.00697149,29.5941134,30.93644149,32.0319555,33.29898406,34.45614373,34.54570659,35.69913849
"Water productivity, total (constant 2015 US$ GDP per cubic meter of total freshwater withdrawal)",Canada,CAN,North America,27.77059566,28.34630433,29.25333475,29.83986783,30.82276133,31.87462201,32.77966135,33.51739168,34.91580792,34.99886937,37.63121803,40.55466048,40.3154007,40.32353999,42.36288981,43.5630791,43.69570463,44.69661226,45.92262399,46.79902601,44.44118183,46.79076796
"Water productivity, total (constant 2015 US$ GDP per cubic meter of total freshwater withdrawal)",Central African Republic,CAF,Sub-Saharan Africa,25.31496019,25.95127053,26.39677717,24.52239029,25.5327582,25.31687756,26.52476742,27.74690532,28.31686309,30.74850587,32.17241335,33.52192234,35.21604026,22.40022695,22.41838693,23.39069951,24.50183184,25.61109794,26.58161605,27.40564615,27.65229696,27.92409692
"Water productivity, total (constant 2015 US$ GDP per cubic meter of total freshwater withdrawal)",Chad,TCD,Sub-Saharan Africa,4.020389572,4.26458268,4.406327266,5.019580855,6.660946921,7.761435529,7.811749967,8.067311335,8.313581465,8.66422302,9.838233978,9.846386903,10.72099971,11.33209684,12.11400983,12.44928633,11.67051785,11.32172155,11.5905035,11.96686824,11.77539754,11.63772112
"Water productivity, total (constant 2015 US$ GDP per cubic meter of total freshwater withdrawal)",Chile,CHL,Latin America & Caribbean,4.535557528,4.510806868,4.494093153,4.553853116,4.700320837,4.818486704,4.954446024,5.209324659,5.406726432,5.346277218,5.659122703,6.011340659,6.381359116,6.592486909,6.710667091,6.855076788,6.97524894,7.069951572,7.352044724,7.398683709,6.94414744,7.73119413
"Water productivity, total (constant 2015 US$ GDP per cubic meter of total freshwater withdrawal)",China,CHN,East Asia & Pacific,5.028340731,5.441168615,5.931262306,6.519088325,7.170103403,7.9778821,8.77267601,10.00876858,10.83371299,11.70765588,12.87274351,13.90855906,14.90708656,15.95819213,17.41477392,18.69140355,19.56748688,21.20065369,22.7579941,23.74338947,25.71139474,27.88361406
"Water productivity, total (constant 2015 US$ GDP per cubic meter of total freshwater withdrawal)",Colombia,COL,South Asia,20.270697,19.35403097,18.70007615,18.37730203,18.3601353,18.30374927,18.62089513,18.98874254,18.76971005,16.20220365,14.76031425,13.99232542,13.05638417,12.45589602,11.91336479,11.30738888,10.70703491,11.01783521,11.47510041,11.53982955,10.42685475,11.26870641
"Water productivity, total (constant 2015 US$ GDP per cubic meter of total freshwater withdrawal)",Comoros,COM,Sub-Saharan Africa,64.52536372,66.03068051,67.56585743,68.98735634,70.31167889,72.30680644,74.22073541,74.81453272,77.78063806,80.30130688,83.33490295,86.78789023,89.53768631,93.53666082,95.50715798,96.60296009,99.81060975,103.6191459,107.3934227,109.2843849,109.0706718,111.2522619
"Water productivity, total (constant 2015 US$ GDP per cubic meter of total freshwater withdrawal)","Congo, Dem. Rep.",COD,Sub-Saharan Africa,28.2966316,26.78964339,26.69966478,27.31759876,28.28409316,29.14548357,30.6963088,32.61773742,34.64848326,35.63771964,38.1708404,40.79496006,43.68605765,47.39149012,51.87960077,55.46768066,56.79857158,58.91542462,62.34496283,65.07849573,66.20788276,70.31287346
"Water productivity, total (constant 2015 US$ GDP per cubic meter of total freshwater withdrawal)","Congo, Rep.",COG,Sub-Saharan Africa,143.4154255,147.5630753,152.9822739,154.2264238,159.5883084,171.965593,185.6991751,173.4170413,184.3533719,205.8071063,226.2463564,231.2371685,254.2386838,252.4273998,269.2038899,270.3216058,246.8435163,233.0331801,227.6633551,230.2233701,215.7934935,217.9839493
"Water productivity, total (constant 2015 US$ GDP per cubic meter of total freshwater withdrawal)",Costa Rica,CRI,Latin America & Caribbean,21.94324896,21.94324896,21.94324896,21.94324896,21.94324896,21.94324896,21.94324896,21.94324896,21.94324896,21.94324896,21.94324896,21.94324896,21.94324896,21.32516341,19.84671893,17.67113423,20.12342026,25.10666763,20.58604399,20.51619729,19.65230546,19.29950353
"Water productivity, total (constant 2015 US$ GDP per cubic meter of total freshwater withdrawal)",Cote d'Ivoire,CIV,Sub-Saharan Africa,21.58295867,20.70536272,19.7539587,18.46645246,18.70286625,18.54678391,19.61366659,20.42734595,22.06134645,23.56667898,25.98827261,25.40760582,28.26919415,32.42889919,36.78131806,39.42771529,42.25577054,45.38724531,47.58541589,50.78380856,51.13915738,54.75128437
"Water productivity, total (constant 2015 US$ GDP per cubic meter of total freshwater withdrawal)",Croatia,HRV,Europe & Central Asia,75.47891832,75.47891832,75.47891832,74.65525816,78.44060074,80.69505178,82.26724021,84.21516179,84.30233453,75.51727558,75.25119823,77.28188928,76.88893461,79.70393654,85.95642743,82.15488106,82.89293886,80.62738685,83.87100495,86.04751024,80.57417744,89.79678117
"Water productivity, total (constant 2015 US$ GDP per cubic meter of total freshwater withdrawal)",Cuba,CUB,Latin America & Caribbean,8.724348397,8.994207081,9.113549364,9.450077059,9.985763809,11.09364273,12.42022741,14.21288049,12.73079099,12.23623101,12.60667393,12.31889499,12.09216596,11.86619305,11.99050052,12.52267893,12.58690063,12.81469732,13.10276512,13.08139618,11.64910305,11.79514709
"Water productivity, total (constant 2015 US$ GDP per cubic meter of total freshwater withdrawal)",Cyprus,CYP,Europe & Central Asia,96.49017267,107.7006611,98.12632116,101.4852269,107.4233876,113.5283386,119.8284943,126.950458,134.5314319,114.7973599,107.7167076,98.41695828,82.18304894,94.77365551,88.71473822,85.81585525,97.33042639,103.8807707,115.1956456,124.9829835,105.772568,115.8122901
"Water productivity, total (constant 2015 US$ GDP per cubic meter of total freshwater withdrawal)",Czechia,CZE,Europe & Central Asia,60.0594149,65.37918217,70.43405931,72.2929576,75.23512304,79.52527278,84.25951976,88.32930207,89.79780922,87.28925026,89.47503974,94.14932346,95.78928821,106.7787037,109.1959623,118.1923116,118.6618074,125.1683652,131.9490257,144.2761704,150.6247987,158.6681395
"Water productivity, total (constant 2015 US$ GDP per cubic meter of total freshwater withdrawal)",Denmark,DNK,Europe & Central Asia,346.5783079,376.0386542,408.2926337,415.2197455,432.1495762,448.0177262,494.0927834,532.1212299,422.8551745,423.9305007,351.2100273,332.4681798,395.0611779,289.207345,298.7662202,371.7158442,350.6582464,357.8247964,295.2575168,351.1956706,334.0505631,358.7103971
"Water productivity, total (constant 2015 US$ GDP per cubic meter of total freshwater withdrawal)",Djibouti,DJI,Sub-Saharan Africa,110.8413415,110.8413415,110.8413415,110.8413415,110.8413415,110.8413415,110.8413415,110.8413415,110.8413415,110.8413415,110.8413415,110.8413415,110.8413415,110.8413415,118.6684508,127.5995677,136.6890365,144.1496492,151.0319544,159.4068735,161.505247,168.8090759
"Water productivity, total (constant 2015 US$ GDP per cubic meter of total freshwater withdrawal)",Dominica,DMA,Latin America & Caribbean,25.7387379,25.72230507,24.99487857,26.58283747,27.39379752,26.66327106,27.01391301,27.84046063,28.92725223,27.75528266,27.15028492,27.08959027,26.80271145,26.53470024,27.79610326,27.03685185,27.78405526,25.94503014,26.86545198,28.34371903,23.63749688,25.26625028
"Water productivity, total (constant 2015 US$ GDP per cubic meter of total freshwater withdrawal)",Dominican Republic,DOM,Latin America & Caribbean,7.329756034,7.333368495,7.486891274,7.220197229,7.243038524,7.755516788,7.97377601,8.093602799,7.91751249,7.596082563,7.840749001,8.086432833,8.306170963,8.711113833,9.325287751,9.971252184,10.63525784,11.13157391,11.90883913,12.51049369,11.66975857,13.1018702
"Water productivity, total (constant 2015 US$ GDP per cubic meter of total freshwater withdrawal)",Ecuador,ECU,North America,5.355956113,5.516513866,5.722012042,5.820336161,6.14831613,6.408417915,6.686615795,6.813823886,7.261146019,7.340366064,7.636119534,8.283775223,8.762843533,9.394752908,9.791781291,9.803501281,9.736057677,10.31733915,10.42508266,10.44232612,9.476923004,10.40740689
"Water productivity, total (constant 2015 US$ GDP per cubic meter of total freshwater withdrawal)","Egypt, Arab Rep.",EGY,Middle East & North Africa,3.150678104,3.168879779,3.15451198,3.167287177,3.210150781,3.267723974,3.404093284,3.556473604,3.72026266,3.803586687,3.90848632,4.09680576,4.15035731,4.200394243,5.198843571,5.408318174,5.666660636,4.620040155,4.866339514,5.136523213,5.318878254,5.493903709
"Water productivity, total (constant 2015 US$ GDP per cubic meter of total freshwater withdrawal)",El Salvador,SLV,Latin America & Caribbean,12.80814583,11.66249914,10.7946868,10.07001459,9.394261549,8.969694207,9.35870972,9.531621447,9.736970984,9.531640819,9.736970984,10.10440386,10.39618874,10.62313258,10.80684902,11.06621341,11.34719147,11.60223311,11.88213052,12.17175407,11.21102519,12.54567102
"Water productivity, total (constant 2015 US$ GDP per cubic meter of total freshwater withdrawal)",Equatorial Guinea,GNQ,Sub-Saharan Africa,155.1694749,246.7099044,287.0213719,318.7427782,428.9327529,488.6334539,526.2822589,606.7093133,714.6981661,724.2991088,659.6613824,702.6971872,761.1115038,729.6532545,732.6817993,665.9341859,607.2226496,572.8082543,537.0848151,507.6427634,483.3211882,487.4790552
"Water productivity, total (constant 2015 US$ GDP per cubic meter of total freshwater withdrawal)",Eritrea,ERI,Sub-Saharan Africa,4.593707715,4.533657962,4.274420837,3.8360403,3.609879982,3.702814521,3.666926209,3.719246727,3.355391703,3.485463514,3.561941218,3.871110595,3.871110595,3.871110595,3.871110595,3.871110595,3.871110595,3.871110595,3.871110595,3.871110595,3.871110595,3.871110595
"Water productivity, total (constant 2015 US$ GDP per cubic meter of total freshwater withdrawal)",Estonia,EST,Europe & Central Asia,10.00257037,10.53115975,11.19822788,11.37221076,11.49977,11.9589923,12.49560328,12.82522123,13.91190199,13.82438488,10.59537406,11.20667462,13.34916047,12.67443545,13.30876387,14.43151885,13.72210054,14.22324041,16.3665843,27.13239169,31.09189365,28.42437091
"Water productivity, total (constant 2015 US$ GDP per cubic meter of total freshwater withdrawal)",Eswatini,SWZ,Sub-Saharan Africa,2.277881897,2.290477789,2.37898982,2.459148838,2.535798288,2.674827933,2.835108086,2.960855777,2.985184061,3.03190365,3.146926645,3.217645317,3.391289752,3.5222347,3.582707519,3.631249442,3.75939616,3.852067478,3.881696481,4.074310974,3.956683051,4.091184104
"Water productivity, total (constant 2015 US$ GDP per cubic meter of total freshwater withdrawal)",Ethiopia,ETH,Sub-Saharan Africa,3.432480814,3.432480814,3.432480814,2.950723244,2.988520221,3.015379816,3.241367026,3.506867049,3.774701999,3.993703141,4.37404319,4.735622205,5.013834607,5.406428448,5.816243722,6.268479356,6.699748972,7.341847898,7.842279102,8.498214047,9.013165952,9.521646478
"Water productivity, total (constant 2015 US$ GDP per cubic meter of total freshwater withdrawal)",Fiji,FJI,East Asia & Pacific,40.76802038,41.26016778,42.25208214,42.3479853,44.25372492,44.22756901,45.0468776,44.66368439,45.12496834,44.49951926,45.81433429,47.05367756,47.71775288,49.97681603,52.77727436,55.15288471,56.50173234,59.52647627,61.79583447,61.43621585,50.96830329,48.48052203
"Water productivity, total (constant 2015 US$ GDP per cubic meter of total freshwater withdrawal)",Finland,FIN,Europe & Central Asia,66.77999935,56.78488755,49.28790967,43.90530553,40.52617636,37.43936169,35.36745647,39.83364291,43.14286542,42.85780715,48.09541477,53.98177093,58.81709354,65.17713893,73.63527754,85.54424969,104.0038088,107.4394396,89.30667384,84.47794165,82.37356554,84.62624654
"Water productivity, total (constant 2015 US$ GDP per cubic meter of total freshwater withdrawal)",France,FRA,Europe & Central Asia,61.95475325,63.46637325,64.48602876,64.38445545,65.50111871,66.01053806,70.38624653,75.02685423,81.44006053,79.66705884,80.9544171,78.61437801,84.60484511,88.11086438,88.53365415,86.87165502,93.18692576,93.32810822,94.94551199,99.49748472,97.84475128,104.5787576
"Water productivity, total (constant 2015 US$ GDP per cubic meter of total freshwater withdrawal)",Gabon,GAB,Sub-Saharan Africa,80.54340893,79.76997264,77.23061985,76.70972533,75.0928362,75.01832294,72.91287492,77.29355921,74.73635541,74.83376014,80.13938941,85.82267723,90.32929203,95.42268892,99.54014401,103.4012061,105.5637825,106.0627213,106.9514385,111.1447999,109.102224,110.7037981
"Water productivity, total (constant 2015 US$ GDP per cubic meter of total freshwater withdrawal)","Gambia, The",GMB,Sub-Saharan Africa,10.61023517,10.956853,10.35287579,10.81131529,11.31497811,10.80745806,10.74741388,11.0744845,11.76729379,12.55166915,13.29326391,12.2124625,12.85258718,13.2218123,13.03573083,13.5647304,13.8283419,14.49522907,15.543943,16.5110954,16.60875643,17.48170748
"Water productivity, total (constant 2015 US$ GDP per cubic meter of total freshwater withdrawal)",Georgia,GEO,Europe & Central Asia,3.322944796,3.520375922,3.753702142,4.214859405,4.508884216,4.997228527,5.458006509,6.13312642,6.270161178,6.140129246,6.632215102,7.279563134,7.892011648,8.442409782,8.944392269,9.411893245,9.916600998,12.04898075,13.60497933,11.77428207,10.48932221,11.92854695
"Water productivity, total (constant 2015 US$ GDP per cubic meter of total freshwater withdrawal)",Germany,DEU,Europe & Central Asia,64.26236138,65.5497858,65.7946185,67.74980352,70.8450943,73.61540599,77.6184992,98.37511121,82.3781639,76.2050309,95.47567449,89.72972227,97.59250373,130.1583836,107.5730324,114.7562087,143.2773981,129.6380194,135.113527,142.418659,136.5864191,141.5991405
"Water productivity, total (constant 2015 US$ GDP per cubic meter of total freshwater withdrawal)",Ghana,GHA,Sub-Saharan Africa,20.42973723,20.67581525,21.04065975,21.57015131,22.21149985,22.95109568,23.84131195,24.30181597,25.92529901,26.57992854,28.05893147,31.24925032,33.31914403,35.16419866,35.54868802,34.34610268,35.25659594,38.12256756,40.48619637,43.12094685,43.34256336,45.54283405
"Water productivity, total (constant 2015 US$ GDP per cubic meter of total freshwater withdrawal)",Greece,GRC,Europe & Central Asia,21.57770433,22.30847471,23.0745707,24.0583381,24.9899642,24.9295604,26.56865664,27.53440415,27.3270184,25.98943791,24.31550019,21.73839113,19.92733664,19.49418598,19.66645737,19.63740146,19.18957287,19.47610221,19.9017863,20.36907242,18.4830943,19.8823576
"Water productivity, total (constant 2015 US$ GDP per cubic meter of total freshwater withdrawal)",Grenada,GRD,Latin America & Caribbean,89.57490207,89.57490207,89.57490207,89.57490207,89.57490207,89.57490207,82.24918311,83.64136182,81.04994023,72.7732587,69.71489833,67.73482201,64.63999407,63.95082742,66.42829346,70.70974521,73.35400964,76.60995621,79.95125379,80.49213341,69.41913467,72.67314145
"Water productivity, total (constant 2015 US$ GDP per cubic meter of total freshwater withdrawal)",Guatemala,GTM,Latin America & Caribbean,15.61245038,15.61245038,15.0965007,14.48638229,14.03736473,13.67047919,13.62502792,14.48854387,14.96572754,15.03709881,15.47079512,16.11498462,16.59435845,17.20748999,17.97218699,18.70763958,19.20859323,19.80018937,20.47475676,21.29741159,20.91713524,22.59746471
"Water productivity, total (constant 2015 US$ GDP per cubic meter of total freshwater withdrawal)",Guinea,GIN,Sub-Saharan Africa,8.955812421,9.633451357,10.05426582,10.10329748,10.26259821,10.4919326,10.185414,10.45504044,10.47807177,9.985251531,10.10011595,10.30674539,10.55983543,10.62928909,10.68424627,10.76300345,11.58303747,12.4173523,12.84620138,13.56776152,14.2060692,14.99909926
"Water productivity, total (constant 2015 US$ GDP per cubic meter of total freshwater withdrawal)",Guinea-Bissau,GNB,Sub-Saharan Africa,4.029446831,4.222295014,4.376574973,4.364060986,4.415203047,4.704830261,4.830284792,4.953931701,5.178076063,5.304832831,5.602187974,6.055127206,5.951410774,6.145192988,6.204464957,6.585052382,6.93449453,7.266586892,7.539916186,7.95841589,8.077416048,8.576816566
"Water productivity, total (constant 2015 US$ GDP per cubic meter of total freshwater withdrawal)",Guyana,GUY,Latin America & Caribbean,1.753334407,1.810256643,1.848234046,1.854247165,1.901560188,1.882781751,2.009832589,2.18804855,2.261817912,2.381327845,2.52055958,2.651534196,2.791437907,2.893419862,2.942217227,2.962442164,3.075235853,3.190080276,3.331748962,3.510092155,5.036267998,6.046544772
"Water productivity, total (constant 2015 US$ GDP per cubic meter of total freshwater withdrawal)",Haiti,HTI,Latin America & Caribbean,8.298352508,8.197830324,8.212477573,8.425534198,8.243875947,8.425576843,8.502989768,8.829442619,8.989672795,9.441638223,8.908042949,9.362194002,9.409231949,9.816160918,10.09972748,10.24112366,10.42674076,10.68848024,10.86674389,10.67949935,10.32648792,10.14079289
"Water productivity, total (constant 2015 US$ GDP per cubic meter of total freshwater withdrawal)",Honduras,HND,Latin America & Caribbean,8.161610649,8.161610649,8.161610649,8.161610649,8.670266951,9.194870056,9.798719567,10.40509639,10.84539846,10.58167873,10.97649601,11.39752045,11.86808848,12.19939326,12.57246053,13.05525307,13.56349044,14.22035861,14.76713065,15.1451152,13.78734317,15.51976205
"Water productivity, total (constant 2015 US$ GDP per cubic meter of total freshwater withdrawal)",Hungary,HUN,Europe & Central Asia,15.67012308,16.42594214,17.32949743,18.20835521,19.30458464,20.33025964,21.34098284,21.6133986,22.05008186,17.64007889,21.05724806,22.0456256,22.51995218,22.0568793,30.76713147,31.06058734,32.31352684,28.16294659,28.57548648,33.02296607,30.12686459,32.25418897
"Water productivity, total (constant 2015 US$ GDP per cubic meter of total freshwater withdrawal)",Iceland,ISL,Europe & Central Asia,72.75905943,75.21778371,75.18022555,76.79110351,82.78265219,79.92840965,77.94676452,78.07723746,74.137227,63.91798885,58.24652475,56.01681577,53.66164959,56.66350059,60.9043095,62.67338289,71.62092562,66.9055192,70.17664577,71.48275803,66.52153073,70.01671149
"Water productivity, total (constant 2015 US$ GDP per cubic meter of total freshwater withdrawal)",India,IND,South Asia,1.311492686,1.341656824,1.359947909,1.433148598,1.621749513,1.739923345,1.869148178,2.000608177,2.050406994,2.1988626,2.372043138,2.496369419,2.632581009,2.800700434,3.00823871,3.248785112,3.517014736,3.756009372,3.998416634,4.153212812,3.913251609,4.292429744
"Water productivity, total (constant 2015 US$ GDP per cubic meter of total freshwater withdrawal)",Indonesia,IDN,South Asia,3.48735219,3.408712885,3.370281044,3.350955579,3.348448195,3.374997572,3.40290313,3.465291623,3.5241728,3.543105307,3.621980592,3.705976075,3.79191699,3.867288113,3.92807632,3.989135678,4.061273483,4.267171353,4.487967239,4.713231226,4.615878878,4.786799593
"Water productivity, total (constant 2015 US$ GDP per cubic meter of total freshwater withdrawal)","Iran, Islamic Rep.",IRN,Middle East & North Africa,2.915991927,2.947421387,3.145166073,3.374123832,3.48254526,3.593631631,3.773305856,4.081048135,4.091285712,4.13250073,4.372100572,4.48777402,4.319609436,4.253865878,4.465911524,4.402277423,4.790341992,4.922483828,4.832008202,4.683637139,4.839615766,5.068034873
"Water productivity, total (constant 2015 US$ GDP per cubic meter of total freshwater withdrawal)",Iraq,IRQ,Middle East & North Africa,1.544358285,1.617158672,1.528767676,0.998140863,1.579563662,1.658632895,1.811489843,1.910397968,2.142695565,2.298603646,2.541579993,2.844817881,3.379432289,3.798696497,4.065156224,4.778080018,4.927755723,4.326558098,5.697229757,3.563626236,3.940481964,4.246337957
"Water productivity, total (constant 2015 US$ GDP per cubic meter of total freshwater withdrawal)",Ireland,IRL,Europe & Central Asia,167.2223101,182.5421178,200.6575419,214.8710011,238.8943589,263.4418062,289.0633599,318.799602,298.9754081,278.6801767,257.998365,240.7007265,221.5350449,210.4131517,214.8907652,251.2252245,239.4851122,249.0465897,253.8629398,247.4138064,264.0931639,299.8378928
"Water productivity, total (constant 2015 US$ GDP per cubic meter of total freshwater withdrawal)",Israel,ISR,Europe & Central Asia,114.4145673,117.1463053,119.6533693,108.9480913,138.2377184,145.4144502,154.981593,165.8842348,172.9862236,176.60516,188.3865908,204.7961205,216.4539497,232.8795109,249.8965351,264.1558946,263.505765,274.3089149,308.3346804,305.7098021,274.7919012,250.5865536
"Water productivity, total (constant 2015 US$ GDP per cubic meter of total freshwater withdrawal)",Italy,ITA,Europe & Central Asia,41.21551153,43.65563946,45.52008066,47.44341138,50.23026514,52.97514317,56.44046066,60.06360874,37.08917903,55.9985122,56.67338955,56.88603326,54.9334972,53.82762411,53.84542412,54.34103972,55.16177342,56.19857172,56.81739762,56.79148338,52.06274298,56.71249887
"Water productivity, total (constant 2015 US$ GDP per cubic meter of total freshwater withdrawal)",Jamaica,JAM,Latin America & Caribbean,11.32355244,11.18375939,11.12400005,11.25254655,11.13189123,10.97193747,11.0351114,10.94598102,10.62257833,9.946125781,9.598227206,9.566209999,9.318451462,9.184066595,9.070568753,17.09510477,10.65486407,10.87397976,11.19693467,11.41787596,11.25219105,10.49970631
"Water productivity, total (constant 2015 US$ GDP per cubic meter of total freshwater withdrawal)",Japan,JPN,East Asia & Pacific,44.10127815,45.77807886,47.41063287,48.33303685,49.59011233,50.69040759,51.59632657,52.57714323,52.4173974,49.89813504,52.08234234,52.23494943,53.09595109,54.30713344,54.61578127,55.61903994,56.19118856,57.42076188,57.93632126,58.21852742,55.80413587,57.23234241
"Water productivity, total (constant 2015 US$ GDP per cubic meter of total freshwater withdrawal)",Jordan,JOR,Middle East & North Africa,24.65383903,27.71683886,27.71008599,28.68630927,28.83339768,28.89922946,29.50751103,31.40635984,33.819167,38.19332276,37.7646431,43.52626643,41.80047763,40.41602602,38.81949479,44.44484898,43.55523773,44.47021147,44.5330409,44.40650928,43.19764983,46.31996144
"Water productivity, total (constant 2015 US$ GDP per cubic meter of total freshwater withdrawal)",Kazakhstan,KAZ,Europe & Central Asia,3.151396508,3.606026681,3.705061198,3.926167503,4.179302336,4.370249268,5.648732358,5.728067207,6.593497852,6.341157281,6.155375488,7.171065725,7.712030271,7.761116163,7.894366592,8.512853403,8.618431676,8.644087346,8.581098085,8.977161958,8.372148347,8.732150725
"Water productivity, total (constant 2015 US$ GDP per cubic meter of total freshwater withdrawal)",Kenya,KEN,Sub-Saharan Africa,23.48250926,20.96503528,18.49542964,16.95875256,16.89041316,16.99743863,17.23926573,17.58620436,16.86347017,16.69780507,17.3240926,18.20901437,19.03855968,19.75915985,20.74851351,21.7765363,18.12375593,18.8193381,19.88224423,20.89905378,20.8420482,22.42406168
"Water productivity, total (constant 2015 US$ GDP per cubic meter of total freshwater withdrawal)","Korea, Rep.",KOR,East Asia & Pacific,28.86638386,29.47310454,30.9383436,31.90149078,33.54842139,34.98228354,36.82386519,38.95948308,40.13332642,40.45146289,43.20411412,44.79647423,45.87272341,47.32446145,48.84000546,50.21197165,51.69165906,53.32492719,54.87529814,56.10668768,55.70865822,58.10676823
"Water productivity, total (constant 2015 US$ GDP per cubic meter of total freshwater withdrawal)",Kuwait,KWT,East Asia & Pacific,160.2231747,153.9942213,152.399438,170.4386438,179.4942329,190.0428897,195.9412613,199.4963826,196.6916661,176.0967134,165.8631666,175.6431163,181.1151498,177.3578449,172.740389,168.5577461,164.9488306,145.9302616,149.9336111,153.3278335,145.9413746,149.2408261
"Water productivity, total (constant 2015 US$ GDP per cubic meter of total freshwater withdrawal)",Kyrgyz Republic,KGZ,Europe & Central Asia,0.349077702,0.382668728,0.398892589,0.445922038,0.499467817,0.522928453,0.566822171,0.61524508,0.666935609,0.686185335,0.682949515,0.723627861,0.722989982,0.801907732,0.834176809,0.866508046,0.904078587,0.946931344,0.982516173,1.027718064,0.95424673,1.00679717
"Water productivity, total (constant 2015 US$ GDP per cubic meter of total freshwater withdrawal)",Lao PDR,LAO,East Asia & Pacific,1.930206902,1.930206902,1.930206902,1.930206902,1.930206902,1.930206902,1.855890008,1.791244311,1.75108436,1.721702491,1.721508833,1.724243297,1.736016218,1.755987026,1.776572538,1.83775543,2.015603287,2.254603134,2.395469836,2.51589718,2.528552944,2.592483638
"Water productivity, total (constant 2015 US$ GDP per cubic meter of total freshwater withdrawal)",Latvia,LVA,Europe & Central Asia,51.61965392,59.70281094,70.3278019,78.69555016,88.38978419,102.0287261,119.1879019,136.4291045,119.0170501,57.8962454,80.03686527,61.48722645,98.11786816,105.3530208,150.6480075,149.0920536,145.3626735,154.2373004,158.9264464,164.2275478,156.2712883,167.1278191
"Water productivity, total (constant 2015 US$ GDP per cubic meter of total freshwater withdrawal)",Lebanon,LBN,Middle East & North Africa,20.37791738,21.57968287,22.76959775,23.9893876,26.13093434,28.58569623,27.24853111,28.064554,28.93776323,30.24655846,31.05053183,29.84993139,29.24307355,29.05975753,28.55640451,27.55482221,27.98317553,28.23587157,27.70370847,25.78801789,20.26940793,18.85029831
"Water productivity, total (constant 2015 US$ GDP per cubic meter of total freshwater withdrawal)",Lesotho,LSO,Sub-Saharan Africa,33.18185603,34.36365499,34.61239152,36.19063944,36.80312048,38.07876161,39.68952949,41.35169289,43.63572043,43.08863419,45.35926335,47.45323471,50.45896234,51.36345213,52.24204961,53.87412613,55.81839341,54.06671458,53.26618487,52.51087366,48.22810844,49.32130012
"Water productivity, total (constant 2015 US$ GDP per cubic meter of total freshwater withdrawal)",Liberia,LBR,Sub-Saharan Africa,16.89825538,16.99924075,17.24964168,11.78952456,11.84267296,12.21003092,13.19219481,14.45010691,15.48266692,16.30333195,17.29780671,18.71635974,20.21251081,21.9684298,22.12251485,22.11840781,21.77447573,22.30907306,22.56731733,22.01051445,21.35405277,22.41891806
"Water productivity, total (constant 2015 US$ GDP per cubic meter of total freshwater withdrawal)",Libya,LBY,Middle East & North Africa,13.36575406,12.78672417,12.34133035,13.60102038,13.86328435,15.14174798,15.74243845,16.3346252,15.93783845,14.89824334,15.30734175,7.440243659,13.6110058,11.16130221,8.589425012,8.517045686,8.390061549,11.11614375,11.99891762,10.65550886,7.516897105,9.646694324
"Water productivity, total (constant 2015 US$ GDP per cubic meter of total freshwater withdrawal)",Lithuania,LTU,Europe & Central Asia,7.370717192,8.594945424,9.523090925,10.94633337,12.14052634,13.64380044,14.95827697,16.96908128,21.25345646,23.22707964,32.54602888,57.22054485,69.69804755,87.04834726,112.9658741,108.8029199,138.5219096,172.2704981,184.0187906,192.6259964,192.7084673,205.0032998
"Water productivity, total (constant 2015 US$ GDP per cubic meter of total freshwater withdrawal)",Luxembourg,LUX,Europe & Central Asia,679.3981936,716.9357835,758.0847085,797.3622169,852.3844927,896.5012246,976.0885633,1084.40102,1111.98471,1107.56029,1134.723308,1178.766409,1243.886768,1328.004064,1276.920658,1340.883576,1420.316713,1401.155872,1238.922712,1350.050627,1379.747614,1478.65347
"Water productivity, total (constant 2015 US$ GDP per cubic meter of total freshwater withdrawal)",Madagascar,MDG,Sub-Saharan Africa,0.575098936,0.608690826,0.532465413,0.583800939,0.613687594,0.642033817,0.676694067,0.715337116,0.763355068,0.732983394,0.737522319,0.749163571,0.771721995,0.789474505,0.815836662,0.841391098,0.874989073,0.909405085,0.938454726,0.979852142,0.909913514,0.962139053
"Water productivity, total (constant 2015 US$ GDP per cubic meter of total freshwater withdrawal)",Malawi,MWI,Sub-Saharan Africa,3.831566382,3.49700782,3.421204632,3.599565467,3.777090789,3.882557176,4.065037354,4.455280935,4.795652654,5.195039875,5.552150338,5.826019592,5.936713964,6.257910968,6.609935356,6.795013546,6.964888885,7.24348444,7.558834223,7.990959562,8.054375532,8.421517497
"Water productivity, total (constant 2015 US$ GDP per cubic meter of total freshwater withdrawal)",Malaysia,MYS,South Asia,26.28826679,26.24265141,27.46850646,28.86141479,30.61157047,32.0277773,33.59194742,35.47202164,36.94198724,36.14572325,38.57804386,40.3589833,42.29588478,43.9998538,46.34838863,48.40270912,48.04104359,49.65876375,52.06378087,54.3614531,51.395032,53.09895696
"Water productivity, total (constant 2015 US$ GDP per cubic meter of total freshwater withdrawal)",Maldives,MDV,South Asia,375.1052109,371.7091768,403.6368602,464.8620307,498.1109722,504.0288781,606.3864707,624.9058709,672.0513831,1015.338437,3055.610244,715.9472685,732.8704541,783.9020313,845.054972,878.618153,936.3630121,1002.419106,1089.308857,1168.810275,784.1685026,1078.293406
"Water productivity, total (constant 2015 US$ GDP per cubic meter of total freshwater withdrawal)",Mali,MLI,Sub-Saharan Africa,1.296675852,1.420500903,1.458689714,1.585282878,1.603540142,1.701487042,1.773710824,1.835677484,1.923297034,2.015736887,2.122851841,2.19106191,2.172728537,2.22259414,2.380057909,2.526950324,2.674835017,2.816747214,2.950443679,3.090771525,3.052586575,3.145770247
"Water productivity, total (constant 2015 US$ GDP per cubic meter of total freshwater withdrawal)",Malta,MLT,Europe & Central Asia,216.5613162,204.805311,200.9592448,205.0066247,205.6033623,205.1234228,206.6716326,213.7775818,229.440232,255.4999186,210.3005364,227.9951084,225.5109675,208.5021477,229.8988728,271.3108862,281.7002585,289.8776373,334.459352,365.2206142,348.4850292,412.1474783
"Water productivity, total (constant 2015 US$ GDP per cubic meter of total freshwater withdrawal)",Mauritania,MRT,Sub-Saharan Africa,2.132073,2.203271023,2.33096197,2.605915875,2.859410115,3.09238192,3.659314442,3.587247071,3.575370441,3.578869867,3.672644471,3.825895965,3.996914019,4.162818454,4.340771586,4.574146192,4.631822024,4.922262539,5.157161456,5.319148149,5.299964249,5.339327899
"Water productivity, total (constant 2015 US$ GDP per cubic meter of total freshwater withdrawal)",Mauritius,MUS,Sub-Saharan Africa,11.03408501,10.7292152,10.29384952,10.32728289,11.03316499,11.50554738,12.22457515,13.99147741,12.12724755,15.18579867,15.72609662,18.25918018,18.54037268,18.3439168,18.677302,19.61975661,20.11462718,21.24947135,22.81140161,23.31315638,19.52805604,20.29304688
"Water productivity, total (constant 2015 US$ GDP per cubic meter of total freshwater withdrawal)",Mexico,MEX,Latin America & Caribbean,13.86262533,13.677728,12.98119918,12.71308597,13.07882124,13.17994385,13.66972773,13.66102972,13.59442576,13.2606834,13.3972421,13.88480412,13.81332279,14.11529466,13.90992616,14.1640727,14.2624488,14.32049334,14.43853213,14.29958342,13.07616112,13.80601746
"Water productivity, total (constant 2015 US$ GDP per cubic meter of total freshwater withdrawal)",Moldova,MDA,Europe & Central Asia,2.831940815,4.782125092,5.202753289,5.558973279,6.054426545,6.508508544,6.8049429,7.009091202,7.291133874,7.012132084,7.633542128,8.115821514,8.039484607,8.881501873,9.347826996,9.282937139,9.67965354,10.11985203,10.57004642,10.91943583,9.932873089,11.31652229
"Water productivity, total (constant 2015 US$ GDP per cubic meter of total freshwater withdrawal)",Monaco,MCO,Europe & Central Asia,651.5693189,677.1090716,695.8537104,658.0393497,760.1156007,747.3466956,804.946569,937.9092251,999.4284799,921.5683436,940.6007539,1006.653096,1016.842624,1114.226642,1194.30642,1252.951306,1290.645639,1249.265175,1320.44707,1414.474647,1227.210866,1500.047031
"Water productivity, total (constant 2015 US$ GDP per cubic meter of total freshwater withdrawal)",Mongolia,MNG,East Asia & Pacific,7.817302432,7.908590694,8.141745393,8.566062105,9.320069851,10.2223438,10.50515199,11.50361075,12.44355104,12.20393631,13.47557469,16.4320103,19.21804945,22.38031813,25.23109221,27.04816711,25.50390127,26.94152466,29.02811358,30.6543394,29.25719064,29.73606343
"Water productivity, total (constant 2015 US$ GDP per cubic meter of total freshwater withdrawal)",Montenegro,MNE,Europe & Central Asia,20.60315893,20.60315893,20.60315893,20.60315893,20.60315893,20.60315893,20.60315893,21.07544717,23.79614251,22.41713297,23.0300916,23.77360683,23.12606352,23.94680287,24.37394165,25.20031123,25.94353905,27.16715707,28.54667509,29.7065108,25.15936675,28.44101976
"Water productivity, total (constant 2015 US$ GDP per cubic meter of total freshwater withdrawal)",Morocco,MAR,North America,4.45721525,4.413786132,4.236430028,4.664766935,5.065995308,5.437250089,6.105578266,6.59087949,7.282890972,7.916361036,8.604114704,9.079461517,9.357505834,9.743242143,10.00818468,10.44299857,10.49742596,11.02837508,11.3664655,11.69506715,10.85557097,11.74081444
"Water productivity, total (constant 2015 US$ GDP per cubic meter of total freshwater withdrawal)",Mozambique,MOZ,Sub-Saharan Africa,5.984964437,6.509069249,6.787423418,6.936281366,7.169402152,7.29535772,7.746366584,8.065310912,8.346203514,8.568832645,8.868157825,9.225257155,9.681956664,10.03533872,10.519928,11.00406366,11.52092346,11.82486931,12.23695796,12.52058788,12.3678965,12.66193529
"Water productivity, total (constant 2015 US$ GDP per cubic meter of total freshwater withdrawal)",Myanmar,MMR,South Asia,0.406951739,0.453116333,0.507605898,0.577878843,0.656266153,0.745314579,0.842772669,0.943833208,1.040626185,1.150412343,1.261248123,1.33177059,1.429424938,1.549868298,1.676491104,1.793725449,1.898882118,2.01539958,2.141742203,2.28264978,2.076107703,1.826634868
"Water productivity, total (constant 2015 US$ GDP per cubic meter of total freshwater withdrawal)",Namibia,NAM,Sub-Saharan Africa,19.10433613,19.72051961,21.09167408,21.98591768,24.68349042,25.30780073,27.09786585,28.55411712,29.31074755,29.39749884,31.17288714,32.76000423,34.41821149,36.35069756,38.56537078,40.2098655,40.2234542,39.81025954,40.2322242,39.89461462,36.66259151,37.98384868
"Water productivity, total (constant 2015 US$ GDP per cubic meter of total freshwater withdrawal)",Nepal,NPL,South Asia,1.404691997,1.474132079,1.47792749,1.538342271,1.612591597,1.670994812,1.72721735,1.786142411,1.89517996,1.98108996,2.076507467,2.14756158,2.247855754,2.327096112,2.466989095,2.565077896,2.5761876,2.807459158,3.021454254,3.222594138,3.146230883,3.29845024
"Water productivity, total (constant 2015 US$ GDP per cubic meter of total freshwater withdrawal)",Netherlands,NLD,Europe & Central Asia,76.79549047,74.33554628,69.38818177,64.98246838,62.28124236,59.92204501,63.72209401,68.05070755,70.98355742,64.18660118,67.88942484,74.11091187,69.75796275,70.2612106,80.04581872,92.2296606,99.02907979,103.1619579,103.2232467,101.6617916,98.87558292,109.8398894
"Water productivity, total (constant 2015 US$ GDP per cubic meter of total freshwater withdrawal)",New Zealand,NZL,East Asia & Pacific,35.07753631,33.76076233,33.06137384,32.51769286,31.9054499,31.18630354,30.4036565,30.87021481,30.04574071,29.60115026,29.60585462,24.71642511,21.3631733,19.00654363,17.38664685,18.03587046,18.71191106,19.34760754,20.02467649,20.49765177,20.41055593,21.33847034
"Water productivity, total (constant 2015 US$ GDP per cubic meter of total freshwater withdrawal)",Nicaragua,NIC,Latin America & Caribbean,5.282325529,5.2440056,5.219460299,5.286906251,5.501825991,5.670292187,5.863045839,6.116374286,6.28132158,6.133818942,6.467362639,6.944318424,7.536440488,8.061414407,8.614738043,9.210095476,9.829149013,10.50126731,10.36654678,10.29275536,10.10709456,11.14975166
"Water productivity, total (constant 2015 US$ GDP per cubic meter of total freshwater withdrawal)",Niger,NER,Sub-Saharan Africa,5.37474139,5.576828828,5.66582363,5.611107787,5.463799034,5.694791204,5.693055057,5.55911867,5.685973594,5.518422511,5.716558365,5.594354705,5.924309163,5.98729953,6.137207241,5.62525003,5.860696221,6.799736034,4.740979802,4.727456624,4.895311641,4.963042995
"Water productivity, total (constant 2015 US$ GDP per cubic meter of total freshwater withdrawal)",Nigeria,NGA,Sub-Saharan Africa,17.43913897,18.02740232,20.30311156,21.29524858,22.74385246,23.67765098,24.72729278,25.95902944,27.30266856,29.06453279,30.93778577,32.57993999,33.95809139,36.22354955,38.50915362,39.53068335,38.89152401,39.2049456,39.95876157,40.84122256,40.10842766,41.57125684
"Water productivity, total (constant 2015 US$ GDP per cubic meter of total freshwater withdrawal)",North Macedonia,MKD,Europe & Central Asia,9.6145603,9.733176407,10.3372271,8.283690956,7.130199467,6.340439977,9.02974507,14.89586158,10.83636738,8.240690825,9.811494143,11.83984224,14.35792827,18.90332941,14.29874974,11.6922893,9.916593356,6.544514846,4.998145361,6.994519025,6.730323885,7.101807794
"Water productivity, total (constant 2015 US$ GDP per cubic meter of total freshwater withdrawal)",Norway,NOR,Europe & Central Asia,126.6186082,121.0508933,123.4432873,123.4202663,117.8367165,124.0967432,118.5066909,118.4535719,122.7461543,124.2495453,126.8744785,129.9915912,135.3283711,135.606482,137.1403655,143.056507,148.2994007,149.5393835,150.9010867,152.7098222,150.8780229,159.2573838
"Water productivity, total (constant 2015 US$ GDP per cubic meter of total freshwater withdrawal)",Oman,OMN,Middle East & North Africa,34.90209773,37.34260559,37.48001238,38.8364989,38.16854234,37.85164983,38.27500574,38.86277224,40.99571014,42.11009387,41.86193285,41.8241901,44.247584,45.28414386,45.86932925,48.1706201,50.6015138,50.75537154,51.40864591,50.82842839,49.11056956,50.3786904
"Water productivity, total (constant 2015 US$ GDP per cubic meter of total freshwater withdrawal)",Pakistan,PAK,South Asia,0.94200391,0.969234145,0.987139551,1.032932742,1.105826273,1.177834831,1.238703419,1.283068801,1.29918102,1.347306068,1.351374561,1.432433848,1.40981978,1.506505497,1.477001937,1.523431135,1.600253851,1.66951568,1.838698233,2.050940604,1.891524176,1.445829817
"Water productivity, total (constant 2015 US$ GDP per cubic meter of total freshwater withdrawal)",Panama,PAN,Latin America & Caribbean,35.43329588,35.45329588,35.45329588,35.45329588,35.45329588,35.45329588,35.45329588,35.45329588,35.45329588,35.45329588,37.43329588,39.6264487,41.21331762,41.6819495,44.10750461,44.56789427,48.14057441,50.90579763,52.90038761,54.54192255,44.8218811,52.20275625
"Water productivity, total (constant 2015 US$ GDP per cubic meter of total freshwater withdrawal)",Papua New Guinea,PNG,East Asia & Pacific,40.59110269,37.23037018,34.36430079,32.64300762,31.33146296,31.2680418,32.95962538,35.53548248,35.43013475,37.83953325,41.67209299,42.1336296,44.09584312,45.78248546,51.98316027,55.40279778,58.44417489,60.50994902,60.34097361,63.04455972,61.04766614,60.73549679
"Water productivity, total (constant 2015 US$ GDP per cubic meter of total freshwater withdrawal)",Paraguay,PRY,Latin America & Caribbean,42.41516995,31.37072052,25.00780876,21.69221136,19.31722682,17.24279787,16.04897124,15.21600479,14.72250806,13.55055732,13.97523464,13.78885264,12.78197244,13.84199119,14.57578817,15.00681634,15.64731114,16.39995915,16.92545489,16.85743909,16.71924427,17.39081239
"Water productivity, total (constant 2015 US$ GDP per cubic meter of total freshwater withdrawal)",Peru,PER,Latin America & Caribbean,9.12055282,9.12055282,9.12055282,9.12055282,9.12055282,9.12055282,9.12055282,9.12055282,10.12055282,8.702664881,8.204466899,7.72162803,7.351369353,7.054804005,6.605869569,6.283923498,6.05576263,5.786153431,5.632813324,5.577627642,4.967808516,5.631270745
"Water productivity, total (constant 2015 US$ GDP per cubic meter of total freshwater withdrawal)",Philippines,PHL,East Asia & Pacific,2.394493527,2.394493527,2.394493527,2.394493527,2.394493527,2.394493527,2.394493527,2.469037008,2.54529054,2.611694398,2.745449131,2.824712955,3.012758095,3.208556426,3.412841396,3.546827214,3.769430448,3.825127387,4.051519209,4.607554842,4.098329002,4.258393337
"Water productivity, total (constant 2015 US$ GDP per cubic meter of total freshwater withdrawal)",Poland,POL,Europe & Central Asia,23.30920333,24.0215048,24.92686634,25.67324998,26.84575682,27.58228499,29.14696112,30.95536709,34.18968313,34.62657027,37.82719799,36.33846678,38.30287677,39.35410126,43.23977799,45.94698685,48.07128116,51.59620502,57.57176663,64.32386236,65.31914128,65.32181213
"Water productivity, total (constant 2015 US$ GDP per cubic meter of total freshwater withdrawal)",Portugal,PRT,Europe & Central Asia,18.16066257,18.92782901,19.51022629,19.78135,20.6180532,21.28981149,22.68436419,23.03125888,23.27455057,22.7148005,23.28183058,23.05481436,22.28834367,22.23734153,22.57440135,23.11093045,23.75813705,34.04339092,35.22902658,36.19630457,33.22653096,35.07351325
"Water productivity, total (constant 2015 US$ GDP per cubic meter of total freshwater withdrawal)",Puerto Rico,PRI,Latin America & Caribbean,116.275793,119.6490224,116.9904391,113.5224515,119.8396298,114.1173228,112.0912894,110.3781463,107.9626563,105.4473433,104.6274646,107.2733156,110.4516695,113.4688623,115.6428063,118.1434286,116.6504567,113.2848363,108.3440008,110.1592654,105.5536449,105.9602616
"Water productivity, total (constant 2015 US$ GDP per cubic meter of total freshwater withdrawal)",Qatar,QAT,Middle East & North Africa,205.5560048,200.5727298,200.9103019,196.3748663,221.3590214,229.8087371,284.5091741,329.4968306,380.6855059,418.6307403,491.9112573,548.1373483,564.3818595,585.8577803,612.4583655,646.9598223,664.6570102,656.7981254,664.9087429,669.4849172,645.667295,656.1713123
"Water productivity, total (constant 2015 US$ GDP per cubic meter of total freshwater withdrawal)",Romania,ROU,Europe & Central Asia,10.62682619,11.91212874,12.36755515,13.71929434,18.09318382,22.08066943,27.34423851,22.70303447,23.66123472,23.47435988,24.94055955,24.58711144,25.48034364,25.80617281,27.45003238,27.51510151,28.70607561,29.22899743,32.74399661,31.2208909,28.43503129,28.2258931
"Water productivity, total (constant 2015 US$ GDP per cubic meter of total freshwater withdrawal)",Russian Federation,RUS,Europe & Central Asia,10.28238305,12.39026209,13.05807925,14.10424499,15.22069687,15.16657392,17.75996662,19.40085139,20.5497034,19.07770385,17.9435339,21.0847507,21.20211193,22.63532957,19.64300454,21.83667813,21.08540071,21.59704474,22.06288612,22.54784506,21.94950316,23.181812
"Water productivity, total (constant 2015 US$ GDP per cubic meter of total freshwater withdrawal)",Rwanda,RWA,Sub-Saharan Africa,18.25437028,17.4365717,17.6299313,16.28030426,15.95399962,16.03921196,15.94422228,15.74577647,16.16949236,15.96342281,16.00134251,16.2034004,16.57559211,16.4001872,16.50114101,17.07001296,17.2328729,17.0986338,17.75241713,18.318829,17.70080896,19.62275709
"Water productivity, total (constant 2015 US$ GDP per cubic meter of total freshwater withdrawal)",Sao Tome and Principe,STP,Sub-Saharan Africa,7.98321032,7.582495213,7.26726663,7.336258764,7.11351253,7.13124598,7.326111011,7.18791927,7.249010213,7.127501866,6.898281436,6.726913989,6.633300142,6.691161818,6.746836723,6.594609377,6.686048136,6.961043936,7.265807355,7.412163728,7.606722611,7.751197011
"Water productivity, total (constant 2015 US$ GDP per cubic meter of total freshwater withdrawal)",Saudi Arabia,SAU,Middle East & North Africa,17.97729732,17.76007017,17.32290987,18.6138798,19.94229435,20.54500091,20.13418079,20.73826634,22.20280622,22.13766952,23.43649341,26.21961295,27.85903596,28.75253645,29.83277918,29.39815864,30.57376284,30.00108608,30.38219303,30.71570862,29.6156148,31.11863994
"Water productivity, total (constant 2015 US$ GDP per cubic meter of total freshwater withdrawal)",Senegal,SEN,Sub-Saharan Africa,6.572830586,5.720945874,4.911621114,5.147183851,5.345787185,5.53469401,5.621845934,5.738381245,5.905484731,6.023811965,6.183037053,6.220543141,6.423436272,6.531835408,6.889620095,7.277142855,7.686043973,8.20530226,7.127263636,7.368903292,7.467799411,7.956492286
"Water productivity, total (constant 2015 US$ GDP per cubic meter of total freshwater withdrawal)",Serbia,SRB,Europe & Central Asia,9.600529328,9.600529328,9.600529328,9.600529328,9.600529328,9.600529328,9.600529328,10.12972212,8.987526986,8.812159937,9.389771143,8.740193301,9.387146436,8.816787112,10.36064779,8.807295934,9.034648456,8.095806074,8.197042718,8.493952512,8.892884859,10.10153611
"Water productivity, total (constant 2015 US$ GDP per cubic meter of total freshwater withdrawal)",Seychelles,SYC,Sub-Saharan Africa,83.11879419,81.53999105,82.84402995,78.26571357,76.03478542,82.88229703,90.67831244,98.72697972,96.03573531,93.65464838,97.87391396,107.1815111,110.5155833,111.9011559,116.448474,126.8287013,142.1972037,152.0858279,159.5980659,168.3987693,148.6289882,149.4498388
"Water productivity, total (constant 2015 US$ GDP per cubic meter of total freshwater withdrawal)",Sierra Leone,SLE,Sub-Saharan Africa,15.20759032,13.89970571,17.1730377,18.3698053,19.12076715,19.51500942,20.35085882,21.97415837,23.16865012,23.91223209,25.49940469,27.03187583,31.14119355,37.70545015,39.42453721,31.34602608,33.33547305,34.5868211,35.78798772,37.75729667,37.28406596,39.48265241
"Water productivity, total (constant 2015 US$ GDP per cubic meter of total freshwater withdrawal)",Singapore,SGP,South Asia,74.61829798,70.59367591,71.1924117,71.41627738,75.45923313,78.71717404,93.54498913,112.0924918,126.4664818,142.8330879,187.5765035,233.5007919,285.9228937,362.1718356,459.4158132,606.8936853,625.8366333,667.8351201,706.8971849,709.5755392,674.319995,739.6667737
"Water productivity, total (constant 2015 US$ GDP per cubic meter of total freshwater withdrawal)",Slovak Republic,SVK,Europe & Central Asia,41.38579306,44.04578735,47.61143866,52.94756043,59.39883015,67.60980186,83.75739109,107.5937005,117.4978765,117.3222318,131.0039623,136.0825436,123.2181623,129.5161709,151.598638,155.4716679,163.7233666,168.1272068,174.8938587,178.201807,174.7203945,181.0491605
"Water productivity, total (constant 2015 US$ GDP per cubic meter of total freshwater withdrawal)",Slovenia,SVN,Europe & Central Asia,37.92902761,37.92902761,37.92902761,38.79001319,40.19312372,41.37463065,43.54122493,46.35549246,43.0991936,43.93849591,45.25281094,49.57777777,44.10227418,35.12440626,42.54941417,47.61367701,49.59478231,49.69129306,50.26973731,52.96883179,47.81652329,55.8363554
"Water productivity, total (constant 2015 US$ GDP per cubic meter of total freshwater withdrawal)",Somalia,SOM,Sub-Saharan Africa,0.626069657,0.670035283,0.720569884,0.774916366,0.830015355,0.889032055,0.94669797,1.010073264,1.077691123,1.14983556,1.226809599,1.308936551,1.39656137,1.549614601,1.688739091,1.865418156,1.996647954,2.290869907,2.337931587,2.403962102,2.337793501,2.418639728
"Water productivity, total (constant 2015 US$ GDP per cubic meter of total freshwater withdrawal)",South Africa,ZAF,Sub-Saharan Africa,17.41081993,17.58692717,17.9427084,18.17782022,18.70794959,19.39134562,20.16688993,20.92995538,21.27939316,20.64766062,20.97058915,21.32957152,21.53658542,23.61865308,20.77257061,18.58037462,18.32093745,18.21750535,18.25618945,17.9741782,16.60794282,16.9469127
"Water productivity, total (constant 2015 US$ GDP per cubic meter of total freshwater withdrawal)",Spain,ESP,Europe & Central Asia,27.0866834,28.38328797,29.41097502,29.7366652,30.12668681,30.66045855,32.9843419,35.35127844,35.82322908,33.19445003,34.27912157,34.00149076,31.51748954,35.29321571,35.27482444,38.27879332,39.75934028,42.4428689,44.47181821,45.64587451,40.92464567,43.65969874
"Water productivity, total (constant 2015 US$ GDP per cubic meter of total freshwater withdrawal)",Sri Lanka,LKA,South Asia,2.903608732,2.861577777,2.977990248,3.158033164,3.333309994,3.54490106,3.816734421,4.076151223,4.318685814,4.471520307,4.829955916,5.248688123,5.701764402,5.932785432,6.311177234,6.576622539,6.908980373,7.355347574,7.5252623,7.508670309,7.161430721,7.462746236
"Water productivity, total (constant 2015 US$ GDP per cubic meter of total freshwater withdrawal)",St. Kitts and Nevis,KNA,Latin America & Caribbean,68.50817668,68.50817668,68.50817668,68.50817668,68.50817668,68.50817668,68.50817668,68.50817668,68.50817668,68.50817668,68.50817668,68.50817668,68.50817668,72.43183238,77.91996771,78.46083789,81.54646976,81.72663947,83.36405353,85.72431278,72.56181453,72.90987785
"Water productivity, total (constant 2015 US$ GDP per cubic meter of total freshwater withdrawal)",St. Lucia,LCA,Latin America & Caribbean,39.68106718,39.68106718,39.68106718,39.68106718,39.68106718,39.68106718,39.68106718,39.68106718,41.64501095,40.46691542,40.60046375,42.35722259,42.31115651,41.46280751,42.09340471,42.1358888,43.58034792,45.05396279,46.35430921,46.02943086,34.8161297,38.85461748
"Water productivity, total (constant 2015 US$ GDP per cubic meter of total freshwater withdrawal)",St. Vincent and the Grenadines,VCT,Latin America & Caribbean,58.95991008,60.29989575,65.42704624,70.42735856,73.98486764,73.83858351,80.70404733,85.21847281,87.48607235,88.2638011,86.30194903,87.84567758,91.06707956,95.67186013,96.86800174,99.56399437,103.6918496,105.1941688,108.5347269,109.252931,105.1678044,105.9605562
"Water productivity, total (constant 2015 US$ GDP per cubic meter of total freshwater withdrawal)",Sudan,SDN,Middle East & North Africa,1.765977354,1.765977354,1.765977354,1.765977354,1.765977354,1.765977354,1.765977354,1.765977354,1.765977354,1.765977354,1.765977354,1.765977354,1.765977354,1.800504765,1.884433126,1.920429132,1.987022743,2.001115827,1.947467301,1.905046574,1.835897178,1.801593063
"Water productivity, total (constant 2015 US$ GDP per cubic meter of total freshwater withdrawal)",Suriname,SUR,Latin America & Caribbean,4.359729753,4.604808607,4.799210714,5.173104744,5.692651838,6.034654287,6.477739261,6.808848111,7.090966388,7.30466677,7.682232223,8.131594231,8.350362556,8.595315569,8.617276861,8.323165524,7.91435989,8.038301759,8.436058721,8.53455728,7.171145392,6.996500333
"Water productivity, total (constant 2015 US$ GDP per cubic meter of total freshwater withdrawal)",Sweden,SWE,Europe & Central Asia,137.1780432,139.6682356,142.8494187,146.3567217,153.338109,158.5197516,165.9636731,171.348424,168.5066051,160.1470202,168.1180205,177.584505,181.1810381,187.8443084,197.1069076,211.2413742,214.2563934,216.2181825,218.3820915,221.9847935,215.6408939,228.4445904
"Water productivity, total (constant 2015 US$ GDP per cubic meter of total freshwater withdrawal)",Switzerland,CHE,Europe & Central Asia,209.0882535,213.0570833,213.5791935,217.9547859,228.6022657,239.9904077,255.3126568,271.3365372,285.437532,285.5142708,301.9579462,315.1116735,327.7309018,387.9119903,400.7554189,406.8886038,415.7730854,421.4392392,433.4942802,438.4447083,429.0543748,452.1885063
"Water productivity, total (constant 2015 US$ GDP per cubic meter of total freshwater withdrawal)",Syrian Arab Republic,SYR,Middle East & North Africa,1.378084386,1.349364441,1.333703479,1.619240071,1.772151053,1.877673855,1.97242495,2.084352014,2.177661632,2.313767103,2.441688667,2.519343409,1.86175331,1.372110557,1.230641295,1.179203053,1.103668132,1.095685501,1.11095033,1.124511758,1.116672174,1.137377687
"Water productivity, total (constant 2015 US$ GDP per cubic meter of total freshwater withdrawal)",Tajikistan,TJK,Europe & Central Asia,0.219313357,0.244006622,0.274565026,0.309583016,0.346952503,0.376238984,0.409253675,0.444595317,0.483466018,0.506276355,0.543463414,0.588348993,0.637575601,0.69032313,0.742612078,0.793818642,1.010648104,1.185522493,1.042528141,1.032230301,1.077648445,1.178947394
"Water productivity, total (constant 2015 US$ GDP per cubic meter of total freshwater withdrawal)",Tanzania,TZA,Sub-Saharan Africa,4.340250029,4.152941044,4.050857951,4.321163189,4.645415265,4.992721342,5.318856953,5.678865658,6.001789632,6.318030245,6.718373712,7.233817785,7.559350694,8.071994532,8.615438486,9.146203668,9.774284102,10.43524828,11.0058562,11.64419586,11.87614412,12.38935794
"Water productivity, total (constant 2015 US$ GDP per cubic meter of total freshwater withdrawal)",Thailand,THA,South Asia,5.574400307,5.574400307,5.574400307,5.574400307,5.574400307,5.574400307,5.574400307,5.574400307,5.670597669,5.631435488,6.054547229,6.105413423,6.547616074,6.723582966,6.789774546,7.002569289,7.243118588,7.545712979,7.864358651,8.03065506,7.544797339,7.663113475
"Water productivity, total (constant 2015 US$ GDP per cubic meter of total freshwater withdrawal)",Timor-Leste,TLS,East Asia & Pacific,0.757425635,0.757425635,0.757425635,0.757425635,0.757425635,0.780031606,0.747924782,0.824702167,0.918675369,1.01189294,1.106317849,1.172238237,1.229216305,1.267375688,1.324059046,1.356896246,1.397737881,1.353256058,1.346943089,1.673076857,2.203872899,2.322069393
"Water productivity, total (constant 2015 US$ GDP per cubic meter of total freshwater withdrawal)",Togo,TGO,Sub-Saharan Africa,20.58640463,20.79677918,21.63518237,20.86662314,18.84814845,16.51825413,16.95600968,16.75675616,17.43299939,18.3837645,19.46001491,20.59322066,21.89114864,23.16614733,24.47115206,25.80924231,26.89707493,27.97514554,29.31657063,30.75980368,31.37258665,33.25207945
"Water productivity, total (constant 2015 US$ GDP per cubic meter of total freshwater withdrawal)",Trinidad and Tobago,TTO,Latin America & Caribbean,42.14497733,43.05173471,45.58594981,51.19652896,54.25530568,63.18124837,70.49207673,72.79094408,74.20223363,69.96035523,71.29727492,70.12886299,75.35123381,78.01247917,81.01879575,80.38890706,74.33792355,70.76908738,70.34272851,70.59685738,64.18816158,63.52225677
"Water productivity, total (constant 2015 US$ GDP per cubic meter of total freshwater withdrawal)",Tunisia,TUN,Middle East & North Africa,10.75851998,10.33608075,10.41715394,10.8493824,11.46534943,11.80305976,12.35741568,13.11830932,13.60384561,13.54828478,13.49862941,12.80723645,12.93786541,12.85784834,12.87211287,12.63161361,12.42379119,13.4222816,12.84656485,13.00829689,11.61851435,12.16880446
"Water productivity, total (constant 2015 US$ GDP per cubic meter of total freshwater withdrawal)",Turkiye,TUR,Europe & Central Asia,9.852987857,9.527074656,10.41113168,11.31206741,12.19383181,13.05245675,13.71387742,14.23519358,14.18349521,12.55118473,13.07855691,14.01367894,14.16867892,15.15202123,15.67714068,16.09223255,14.9813066,16.33012036,16.18760231,16.00158798,15.99473591,19.37971684
"Water productivity, total (constant 2015 US$ GDP per cubic meter of total freshwater withdrawal)",Turkmenistan,TKM,Europe & Central Asia,0.416238917,0.424277459,0.415755614,0.419857498,0.420680313,0.475511931,0.527691322,0.585519294,0.670982686,0.711268768,0.776003668,0.889272664,0.987090805,1.086793818,1.197654313,1.274354489,1.352148169,1.403183747,1.599738281,1.649699034,1.84442436,1.958778671
"Water productivity, total (constant 2015 US$ GDP per cubic meter of total freshwater withdrawal)",Uganda,UGA,Sub-Saharan Africa,37.07772347,37.19685576,38.65808147,36.52296311,35.05906169,33.85137742,34.34421187,34.34158624,34.64178526,36.9979523,39.08375316,42.75436461,44.39504438,45.98745281,48.33571348,50.84330256,53.274121,54.94234977,58.40587362,62.16647891,64.00120219,66.26465613
"Water productivity, total (constant 2015 US$ GDP per cubic meter of total freshwater withdrawal)",Ukraine,UKR,Europe & Central Asia,3.820370287,4.306830742,4.707520021,5.357104064,6.232700471,6.697955613,7.226362573,7.844904837,8.046243736,6.850058588,7.151202192,8.077908543,8.71090504,9.43903979,9.256907589,9.993519353,10.00032357,8.916745692,9.227794091,9.621000263,10.37301423,10.73042895
"Water productivity, total (constant 2015 US$ GDP per cubic meter of total freshwater withdrawal)",United Arab Emirates,ARE,Middle East & North Africa,85.87296317,88.66653143,92.51582062,102.5680739,99.0976326,92.92578524,103.0069632,107.2748268,111.7372313,106.8814959,109.632751,117.5715758,120.8833784,128.2445526,134.9146135,145.5173335,155.1680451,161.0394504,159.5021511,165.0987497,161.0006956,173.9288221
"Water productivity, total (constant 2015 US$ GDP per cubic meter of total freshwater withdrawal)",United Kingdom,GBR,Europe & Central Asia,183.6123586,187.1550955,189.3283384,194.086938,197.6332504,201.7916744,205.3393888,320.7278679,326.2924748,313.696363,321.3619127,349.5077075,340.0895505,362.7725459,393.1698327,358.8126398,354.4574301,363.8736091,368.9867257,374.9808234,336.3693522,365.2162227
"Water productivity, total (constant 2015 US$ GDP per cubic meter of total freshwater withdrawal)",United States,USA,North America,28.97081229,29.17985105,29.61364199,30.37765047,31.48046094,32.50903103,34.27066652,35.8769291,36.8879903,36.93537352,39.02339199,39.14591097,39.56423006,39.92574523,40.45637156,41.16826974,41.91730643,42.9474755,44.22151454,45.36412123,44.38288207,47.07028907
"Water productivity, total (constant 2015 US$ GDP per cubic meter of total freshwater withdrawal)",Uruguay,URY,Latin America & Caribbean,9.902432445,9.521770073,8.785546124,8.856294714,9.299477903,9.993231242,10.40281155,11.0833126,11.87866715,12.3827377,13.34901345,14.03810728,14.5348006,15.20885759,15.70144074,15.75965246,16.02595878,16.3048708,16.33173758,16.48335343,15.26685857,16.11598488
"Water productivity, total (constant 2015 US$ GDP per cubic meter of total freshwater withdrawal)",Uzbekistan,UZB,Europe & Central Asia,0.589604223,0.610032055,0.648079782,0.690543813,0.758870804,0.830515882,0.889786679,0.971230858,1.055840655,1.13753253,1.220408575,1.308457116,1.39735491,1.495009428,1.593200248,1.563225694,1.673869059,1.61838477,1.799199791,2.029238986,2.184443322,2.774965234
"Water productivity, total (constant 2015 US$ GDP per cubic meter of total freshwater withdrawal)",Viet Nam,VNM,East Asia & Pacific,1.302334198,1.344727161,1.391237492,1.451493038,1.520924545,1.594746744,1.706027451,1.827658755,1.931136612,2.035377388,2.166114661,2.305031252,2.431912728,2.566969264,2.731826271,2.922703188,3.118232292,3.33464355,3.583574919,3.847299612,3.957540643,4.058605487
"Water productivity, total (constant 2015 US$ GDP per cubic meter of total freshwater withdrawal)",West Bank and Gaza,PSE,Middle East & North Africa,25.33538972,23.86984655,17.45617469,18.8937668,20.62342437,21.42181373,21.93483514,23.78452819,26.7484844,30.47469919,40.92466765,45.50917947,44.04272044,44.61772487,49.07504554,47.98214286,54.2088382,53.565625,52.10610611,48.02487864,39.83371169,44.8676822
"Water productivity, total (constant 2015 US$ GDP per cubic meter of total freshwater withdrawal)","Yemen, Rep.",YEM,Middle East & North Africa,12.26307342,12.59478585,12.95331961,13.29944269,13.68593756,14.304479,14.75798954,15.25067439,15.80695333,16.41808643,17.68265785,15.43432614,15.80366805,16.56596099,16.53470264,11.90588766,10.78969595,10.24246463,10.3195338,10.53624402,9.640663273,9.544256639
"Water productivity, total (constant 2015 US$ GDP per cubic meter of total freshwater withdrawal)",Zambia,ZMB,Sub-Saharan Africa,5.019638873,5.342261672,5.642472656,6.034340913,6.458699609,6.926025214,7.473437084,8.097651152,8.727154116,9.531828131,10.51343708,11.0989569,11.94218695,12.54616747,13.13499464,13.51858575,14.02622221,14.52076755,15.10660703,15.32433947,14.89754818,15.82639869
"Water productivity, total (constant 2015 US$ GDP per cubic meter of total freshwater withdrawal)",Zimbabwe,ZWE,Sub-Saharan Africa,5.211719801,5.024126715,4.360661705,3.732287047,3.628535512,3.534932848,3.529800573,3.521827878,2.917434437,3.288370775,4.018423122,4.634737977,5.398923755,5.606955012,5.726621539,5.880153343,5.920922814,6.278785903,5.837430425,4.867750648,3.871767905,4.199629866
People using at least basic sanitation services (% of population),Afghanistan,AFG,South Asia,20.97091936,20.98234866,22.54133877,24.10033283,25.66623994,27.23918874,28.81226623,30.46653361,32.12870461,33.79895774,35.47747099,37.16457222,38.86030503,40.56485238,42.27840265,44.00130864,45.73360216,47.4776158,49.23414442,51.00348109,52.64900094,54.29858974
People using at least basic sanitation services (% of population),Albania,ALB,Europe & Central Asia,89.4886714,90.03095429,90.60551479,91.16545867,91.71065118,92.32297454,92.92140923,93.50574565,94.07581306,94.6311526,95.17216121,95.69849544,96.21027081,96.70656216,97.18802213,97.65496388,98.10790301,98.54729767,98.97364603,99.18306888,99.29879311,99.29903344
People using at least basic sanitation services (% of population),Algeria,DZA,Middle East & North Africa,84.48083033,84.75992765,85.03280736,85.29916446,85.55907097,85.81226093,86.0591315,86.29944001,86.53356808,86.75948537,86.97813321,87.18923758,87.0935397,86.98687657,86.86984244,86.74252069,86.60548295,86.45882378,86.30309419,86.13850435,85.96546957,85.78430125
People using at least basic sanitation services (% of population),Andorra,AND,Europe & Central Asia,99.99999946,100,100,100,100,99.99999788,100,100,100,100,99.99999807,100,99.999998,100,100,100,99.999996,100,99.99999557,99.99999679,99.99999853,100
People using at least basic sanitation services (% of population),Angola,AGO,Sub-Saharan Africa,27.55752433,28.9892229,30.42246887,31.8560606,33.29039089,34.72263784,35.99128294,37.25930501,38.52751036,39.79427078,41.06079232,42.32666545,43.59147249,44.85479222,46.11702997,47.37448261,48.62794133,49.87698296,51.120744,51.39362268,51.66032942,51.92168436
People using at least basic sanitation services (% of population),Antigua and Barbuda,ATG,Latin America & Caribbean,97.33826238,97.33826238,97.33826238,97.33826238,97.33826238,97.33826238,97.33826238,97.33826238,97.33826238,97.33826238,97.35362111,97.36778304,97.37247152,97.37713372,97.38176359,97.38639924,97.39047808,97.39399996,97.39701847,97.3994801,97.40141592,97.40281762
People using at least basic sanitation services (% of population),Argentina,ARG,Latin America & Caribbean,87.66692697,88.13593921,88.60339403,89.06956261,89.53506766,89.99973282,90.46378607,90.92703667,91.38971478,91.8516329,92.3128298,92.77075369,93.22680071,93.62312645,94.02112387,94.42040814,94.82095566,94.82095566,94.82095566,94.82095566,94.82095566,94.82095566
People using at least basic sanitation services (% of population),Armenia,ARM,Europe & Central Asia,86.95989603,87.32601365,87.71255377,88.10732255,88.50268897,88.89849801,89.29506453,89.69206914,90.08983207,90.48802819,90.88681627,91.28620183,91.68616981,92.09077423,92.50009683,92.9144017,93.24653978,93.46772559,93.6932569,93.85787165,93.93673877,93.95624553
People using at least basic sanitation services (% of population),Australia,AUS,East Asia & Pacific,99.99075567,99.99125403,99.99175238,99.99225074,99.99274909,99.99324745,99.99374581,99.99424416,99.99474252,99.99524087,99.99573923,99.99623759,99.99673594,99.9972343,99.99773265,99.99823101,99.99872937,99.99922772,99.99972608,100,100,100
People using at least basic sanitation services (% of population),Austria,AUT,Europe & Central Asia,99.99997923,99.9999918,99.99999804,99.99837542,99.99653051,99.99470446,99.99289733,99.99110198,99.98932676,99.98757244,99.98583424,99.98411154,99.98230788,99.98045265,99.97858804,99.9767048,99.97481421,99.97291068,99.97281427,99.97270989,99.97260576,99.97248981
People using at least basic sanitation services (% of population),Azerbaijan,AZE,Europe & Central Asia,62.27634489,64.17507526,66.0659783,67.94942929,69.82522368,72.27812322,74.74571482,77.22815626,79.72526465,82.23721928,84.7653165,87.30902512,89.86794481,92.44169859,94.3420185,96.11961728,96.12181204,96.12411662,96.12652126,96.12902945,96.12902945,96.12902945
People using at least basic sanitation services (% of population),"Bahamas, The",BHS,Latin America & Caribbean,87.60182734,88.11921007,88.6379844,89.15815034,89.67970787,90.20265699,90.72699772,91.25273005,91.77985398,92.3083695,92.83827663,93.36957535,93.90226567,94.24503789,94.58781011,94.93058233,94.93058233,94.93058233,94.93058233,94.93058233,94.93058233,94.93058233
People using at least basic sanitation services (% of population),Bahrain,BHR,Middle East & North Africa,99.93384942,99.93873367,99.94361791,99.94850216,99.9533864,99.95827065,99.9631549,99.96803914,99.97292339,99.97780764,99.98269188,99.98757613,99.99246037,99.99734462,100,100,100,100,100,100,100,100
People using at least basic sanitation services (% of population),Bangladesh,BGD,South Asia,24.51319035,26.07059753,27.6554494,29.23186766,30.79929845,32.44318376,34.08752509,35.73090119,37.37191663,39.00921249,40.64186732,42.2683391,43.88689272,45.49616346,47.09553667,48.68381585,50.26029221,51.82403595,53.37426479,54.91023996,56.43123343,57.93662462
People using at least basic sanitation services (% of population),Barbados,BRB,Latin America & Caribbean,88.85349022,89.35361906,89.85374789,90.35387673,90.85400556,91.3541344,91.85426323,92.35439207,92.85452091,93.35464974,93.85477858,94.35490741,94.85503625,95.35516509,95.85529392,96.35542276,96.85555159,97.2793785,97.2834998,98.09246231,98.09246231,98.09246231
People using at least basic sanitation services (% of population),Belarus,BLR,Europe & Central Asia,92.06886118,92.04609055,92.02350908,92.00115801,92.42999166,92.86298298,93.30007531,93.7412082,94.18629223,94.63535299,95.08718198,95.5429893,96.00319986,96.46774457,96.93652469,97.40946235,97.88646917,98.36745456,98.85226765,99.34076143,99.48877547,99.53949135
People using at least basic sanitation services (% of population),Belgium,BEL,Europe & Central Asia,99.48463151,99.48479771,99.48496592,99.48512396,99.48529437,99.48545686,99.4856157,99.48577782,99.48593823,99.48610378,99.48612238,99.48612823,99.48614028,99.48614577,99.486157,99.48616271,99.48617804,99.48617972,99.48618864,99.48619883,99.4861978,99.48621112
People using at least basic sanitation services (% of population),Belize,BLZ,Latin America & Caribbean,82.43798579,82.7632638,83.08856923,83.4138995,83.73926266,84.05505254,84.37042731,84.68538086,84.99991381,85.31401934,85.62770833,85.94223792,86.25785411,86.5747586,86.89304502,87.21298071,87.53477702,87.85852178,88.18441608,88.19850365,88.21427669,88.23173187
People using at least basic sanitation services (% of population),Benin,BEN,Sub-Saharan Africa,8.605667005,9.004247526,9.425228797,9.87676966,10.34006776,10.81469422,11.30074001,11.79830153,12.30711786,12.82673584,13.35743186,13.89912041,14.4517136,15.01474407,15.58945707,16.17540036,16.77249285,17.38065393,17.99980309,18.62985459,19.27072233,19.38161441
People using at least basic sanitation services (% of population),Bhutan,BTN,South Asia,46.90494201,47.26014571,49.15474215,51.01652707,52.8441983,54.62419308,56.26958234,57.88900697,59.48189388,61.06873095,62.62895809,64.1622239,65.6661457,67.14088799,68.58685065,70.00457822,71.39454115,72.75728816,74.09344932,75.40367028,76.68856434,77.94885785
People using at least basic sanitation services (% of population),Bolivia,BOL,Latin America & Caribbean,34.88118744,36.0196772,37.14125142,38.25613891,39.36770227,40.47531433,41.57996792,43.17284449,44.78865322,46.42625463,48.08580987,49.76746552,51.47074167,53.17831138,54.89681429,56.63695114,58.39890856,60.18193844,61.98778542,63.81630982,65.6670621,67.53988761
People using at least basic sanitation services (% of population),Bosnia and Herzegovina,BIH,Europe & Central Asia,95.07844577,95.08796419,95.09813964,95.10886003,95.12024656,95.13578737,95.15162932,95.16789508,95.1844591,95.20132008,95.21848594,95.23601535,95.25390786,95.2720381,95.29053216,95.31293608,95.33615104,95.36023804,95.38505927,95.38505927,95.38505927,95.38505927
People using at least basic sanitation services (% of population),Botswana,BWA,Sub-Saharan Africa,51.91611282,53.33123719,54.63513733,55.93062533,57.23543988,58.54846517,59.87078179,61.60233232,63.34245787,65.08690318,66.83740831,68.59231799,70.14985971,71.68014479,73.21769479,74.76206579,76.01731292,77.2692232,78.51389742,79.75168887,80.02623868,80.29222882
People using at least basic sanitation services (% of population),Brazil,BRA,Latin America & Caribbean,73.12879883,74.03790788,74.92798348,75.81264027,76.69153716,77.56479142,78.43291105,79.29597804,80.15407898,81.00652688,81.8542072,82.70057619,83.54222414,84.37851422,85.21064144,86.03795942,86.86024329,87.67795928,88.4905439,89.29879593,90.07847648,90.81098524
People using at least basic sanitation services (% of population),Brunei Darussalam,BRN,East Asia & Pacific,72.71484658,73.93148198,75.14811738,76.36475278,77.58138818,78.79802358,80.01465899,81.23129439,82.44792979,83.66456519,84.88120059,86.09783599,87.31447139,88.53110679,89.7477422,90.9643776,92.181013,93.3976484,94.6142838,95.8309192,97.0475546,98.26419
People using at least basic sanitation services (% of population),Bulgaria,BGR,Europe & Central Asia,85.82710897,85.83529085,85.84626481,85.85714406,85.8679922,85.87874972,85.88941445,85.90001878,85.9105609,85.92101474,85.93140252,85.94170215,85.95202617,85.96238661,85.97274563,85.98313615,85.99352652,86.00394543,86.01433739,86.02472374,86.03511445,86.04550718
People using at least basic sanitation services (% of population),Burkina Faso,BFA,Sub-Saharan Africa,10.18789908,10.50630528,11.39374259,12.26865743,13.13172995,13.98059955,14.8159147,15.57078549,16.25967759,16.93363022,17.59316794,18.23802447,18.86758293,19.48160809,20.08018671,20.662738,21.22902336,21.7779199,22.30956858,22.82406925,23.32068255,24.04111945
People using at least basic sanitation services (% of population),Burundi,BDI,Sub-Saharan Africa,45.21474293,45.42355951,45.63436784,45.84729244,45.86863675,45.88705696,45.90238911,45.91453003,45.92326371,45.92854445,45.93007139,45.92771137,45.92132486,45.910616,45.89550745,45.8757132,45.85101986,45.82120398,45.78603709,45.74527639,45.72750995,45.70933139
People using at least basic sanitation services (% of population),Cabo Verde,CPV,Sub-Saharan Africa,36.82795301,39.19105633,41.537509,43.8664099,46.17847329,48.47260154,50.74980122,53.00934923,55.25220014,57.47692736,59.68185255,61.80065517,63.95306926,66.09924418,68.238884,70.37170752,72.49692801,74.61425644,76.7237253,78.82495648,80.91814583,83.00309009
People using at least basic sanitation services (% of population),Cambodia,KHM,East Asia & Pacific,10.18632417,11.39351074,14.23041964,17.09172235,19.97784917,22.88867564,25.82359069,28.78298387,31.78360664,34.89560329,38.02616817,41.17481735,44.34105938,47.52401722,50.72395873,53.93998008,57.17156055,60.41785967,63.68016872,66.95741642,70.2490978,73.55414221
People using at least basic sanitation services (% of population),Cameroon,CMR,Sub-Saharan Africa,38.29631919,38.33013034,38.36740331,38.59076542,38.81609736,39.04253582,39.27077068,39.50087116,39.73290932,39.96663319,40.20242957,40.44003965,40.67952792,40.92061447,41.16335571,41.40780378,41.65401211,41.90133205,42.15050117,42.40085801,42.65279948,42.90563215
People using at least basic sanitation services (% of population),Canada,CAN,North America,99.86668211,99.86883637,99.86934234,99.8698579,99.87036393,99.86396336,99.84301416,99.76075947,99.67827445,99.59555793,99.51262012,99.4293799,99.34555389,99.26167894,99.17775068,99.09377561,99.00975125,98.92567651,98.84154159,98.75732715,98.67300539,98.58856609
People using at least basic sanitation services (% of population),Central African Republic,CAF,Sub-Saharan Africa,20.59396733,20.54728152,20.50059311,20.45360564,20.40631887,19.97214899,19.5450444,19.12489225,18.71102964,18.30308518,17.90095141,17.50401194,17.11216046,16.72504164,16.34208269,15.96318747,15.58824206,15.2164875,14.84783543,14.48198243,14.11863467,13.75750675
People using at least basic sanitation services (% of population),Chad,TCD,Sub-Saharan Africa,9.692674302,9.775113768,9.857710031,9.940810512,10.02424456,10.10801121,10.19211109,10.27674563,10.36151726,10.48358506,10.6144009,10.7545445,10.90485537,11.06571519,11.23774965,11.42187892,11.61879115,11.82919278,12.05411974,12.2940189,12.55032072,12.82351803
People using at least basic sanitation services (% of population),Chile,CHL,Latin America & Caribbean,92.24385187,92.79446521,93.3238349,93.80313608,94.28066477,94.75578787,95.22913363,95.70033935,96.16973226,96.63701718,97.10223653,97.56563311,98.02700418,98.48645368,98.94398882,99.36589061,99.66652028,100,100,100,100,100
People using at least basic sanitation services (% of population),China,CHN,East Asia & Pacific,56.82011128,57.56845859,59.71908923,61.84361334,63.94062119,66.00741527,68.03234944,70.02097954,71.97962564,73.90605609,75.80104756,77.65125341,79.46466821,81.24679824,82.99847884,84.71931403,86.40947667,88.06830892,89.69421794,91.28813654,92.85149701,94.3857566
People using at least basic sanitation services (% of population),Colombia,COL,South Asia,75.42370274,76.32096905,77.2165817,78.11051448,79.00256049,79.89270825,80.78095818,81.66712334,82.55140832,83.43380129,84.31414216,85.19246018,86.06892026,86.94339901,87.81590173,88.68661194,89.55554423,90.42257963,91.28775148,92.15109154,93.01277004,93.87267778
People using at least basic sanitation services (% of population),Comoros,COM,Sub-Saharan Africa,29.20368884,30.43603226,31.05183186,31.620129,32.14131694,32.61810807,33.05023704,33.4374468,33.77930677,34.07573248,34.32661544,34.53138136,34.68992696,34.80212455,34.86742973,35.8152661,35.83489065,35.85662415,35.88046275,35.90667575,35.90667575,35.90667575
People using at least basic sanitation services (% of population),"Congo, Dem. Rep.",COD,Sub-Saharan Africa,23.74773016,23.29257694,22.84098023,22.39297447,21.94859554,21.50794757,21.08913785,20.67880669,20.27692646,19.88358641,19.49872689,19.1224517,18.75466762,18.39536273,18.04459471,17.70228269,17.36840196,17.04283668,16.72563449,16.41666246,16.11586476,16.14617128
People using at least basic sanitation services (% of population),"Congo, Rep.",COG,Sub-Saharan Africa,11.92011105,11.96847166,12.29425655,12.62367747,13.08152524,13.55111038,14.03253525,14.52604203,15.03203941,15.55068989,16.08231097,16.62675369,17.18433198,17.75520843,18.33936,18.93692778,19.54805319,20.17287862,20.26857129,20.36426311,20.45974594,20.55481021
People using at least basic sanitation services (% of population),Costa Rica,CRI,Latin America & Caribbean,93.68805689,93.92662118,94.15828546,94.38307836,94.60089685,94.81155434,95.01538553,95.2123538,95.40266518,95.66655947,95.92203238,96.16903828,96.40673197,96.63559552,96.85615906,97.06901719,97.27468168,97.47361003,97.66630823,97.8532217,98.03480939,98.21146649
People using at least basic sanitation services (% of population),Cote d'Ivoire,CIV,Sub-Saharan Africa,20.683503,21.28551907,21.88798036,22.49057473,23.09361378,23.8184614,24.55141845,25.2923606,26.04116231,26.79708141,27.56060504,28.33160636,29.10965451,29.89462286,30.68638608,31.48751871,32.29725777,33.1157409,33.94280096,34.77796746,35.62106846,36.29103796
People using at least basic sanitation services (% of population),Croatia,HRV,Europe & Central Asia,98.46738969,98.46868155,98.27854425,98.0890793,97.9002675,97.7121132,97.52462436,97.33779143,97.15162338,96.96611123,96.7812677,96.59705412,96.41401373,96.23222276,96.05182217,96.07763289,96.10400734,96.13095293,96.14062906,96.15083016,96.16158664,96.17281675
People using at least basic sanitation services (% of population),Cuba,CUB,Latin America & Caribbean,82.56155389,82.7544309,82.94571403,83.12766638,83.30087976,83.78778029,84.27533004,84.76352065,85.25232167,85.74164629,86.23158544,86.72210594,87.21321725,87.7018477,88.19082885,88.68107223,89.17244706,89.66559109,90.1602608,90.65619033,91.15319628,91.65102777
People using at least basic sanitation services (% of population),Cyprus,CYP,Europe & Central Asia,99.73974542,99.73949781,99.73964868,99.71941994,99.69899758,99.67837433,99.65755187,99.6365329,99.61531544,99.59390082,99.57227994,99.55045394,99.52843519,99.50632629,99.48415771,99.46199351,99.43985814,99.41780897,99.39585847,99.39581599,99.39596029,99.39628037
People using at least basic sanitation services (% of population),Czechia,CZE,Europe & Central Asia,99.11294817,99.11313215,99.11502816,99.11692459,99.11882354,99.12071849,99.12261475,99.12451276,99.12641134,99.12831246,99.13020739,99.13210734,99.13386713,99.13549875,99.13663002,99.13695229,99.13726437,99.13755407,99.13735342,99.13713453,99.13689651,99.13663696
People using at least basic sanitation services (% of population),Denmark,DNK,Europe & Central Asia,99.59724005,99.59724018,99.59724043,99.59723698,99.59723761,99.59723513,99.59724019,99.59723886,99.59723902,99.59723042,99.59723157,99.59723296,99.59722775,99.59722869,99.5972294,99.59723331,99.59722705,99.59722982,99.59723317,99.5972319,99.59722514,99.59722775
People using at least basic sanitation services (% of population),Djibouti,DJI,Sub-Saharan Africa,47.05178857,47.07314551,47.09450905,47.11586737,47.13722801,48.44527902,49.74985413,51.0504745,52.34713017,53.63930751,54.93258958,56.2271823,57.52276881,58.82006282,60.11818141,61.4189057,62.72079449,64.02454432,65.33030737,66.63823975,66.72263764,66.81163052
People using at least basic sanitation services (% of population),Dominica,DMA,Latin America & Caribbean,64.04257286,65.29825378,66.55393471,67.80961563,69.06529656,70.32097748,71.57665841,72.83233933,74.08802026,75.34370118,76.59938211,77.85506303,79.11074396,80.36642488,80.36642488,80.36642488,80.36642488,80.36642488,80.36642488,80.36642488,80.36642488,80.36642488
People using at least basic sanitation services (% of population),Dominican Republic,DOM,Latin America & Caribbean,76.96366118,77.47311843,77.98203531,78.54379187,79.12547083,79.70302925,80.27696805,80.84694393,81.41297054,81.97410707,82.53122348,83.07167014,83.6001474,84.12519771,84.64707334,85.16591746,85.68164103,86.19390435,86.7010104,87.20310838,87.70038943,88.19322412
People using at least basic sanitation services (% of population),Ecuador,ECU,North America,70.27698361,71.20586469,72.08153792,72.92340988,73.76065138,74.86402846,75.9674946,77.07143214,78.17546396,79.27959863,80.3840122,81.48383027,82.58129918,83.68006816,84.78001351,85.88137355,86.98390926,88.08773407,89.1306416,90.00324066,90.87412578,91.74269119
People using at least basic sanitation services (% of population),"Egypt, Arab Rep.",EGY,Middle East & North Africa,91.23170161,91.54472944,91.85809954,92.17182356,92.48589781,92.80032425,93.11509337,93.42796518,93.73994902,94.05248381,94.36546538,94.67900027,94.99132715,95.30428556,95.61778591,95.9318699,96.24657842,96.56299039,96.88100077,97.20055826,97.52156106,97.52465032
People using at least basic sanitation services (% of population),El Salvador,SLV,Latin America & Caribbean,80.5686084,80.66126106,80.75357494,81.13275726,81.50455379,81.86852299,82.22536148,82.58306011,82.98288977,83.37324152,83.75477437,84.12800768,84.49297645,84.84975057,85.19896072,85.54079273,85.87373083,86.19785824,86.51366119,86.82160581,87.12198564,87.39150657
People using at least basic sanitation services (% of population),Equatorial Guinea,GNQ,Sub-Saharan Africa,54.79053291,55.77696542,56.74700324,57.69923532,58.63358871,59.5483761,60.44433648,61.32078029,62.17771489,63.0143173,63.83119237,64.62836915,65.40607077,66.04694302,66.11511187,66.18252264,66.24854175,66.31279236,66.31279236,66.31279236,66.31279236,66.31279236
People using at least basic sanitation services (% of population),Eritrea,ERI,Sub-Saharan Africa,8.285300442,8.640479422,8.986295821,9.322085856,9.647447254,9.961535471,10.26441759,10.55507879,10.83377369,11.02204107,11.20194498,11.37353998,11.53651693,11.63627005,11.7366811,11.83791229,11.93996562,11.93996562,11.93996562,11.93996562,11.93996562,11.93996562
People using at least basic sanitation services (% of population),Estonia,EST,Europe & Central Asia,99.68320718,99.68700396,99.68935298,99.65066103,99.59543938,99.54039756,99.4855363,99.43085753,99.37635859,99.32204474,99.26790997,99.2139572,99.16028526,99.10659369,99.05268459,99.05797028,99.0630772,99.06798781,99.07268394,99.07715838,99.08075169,99.07052961
People using at least basic sanitation services (% of population),Eswatini,SWZ,Sub-Saharan Africa,48.73026677,49.24983812,49.98034561,50.72876041,51.49476861,52.27890539,53.08087502,53.90525195,54.7677997,55.63363159,56.50258328,57.37449488,58.25000751,59.13126931,60.01820014,60.91064876,61.80776516,62.70905641,63.61382434,64.52143144,64.48911553,64.45544122
People using at least basic sanitation services (% of population),Ethiopia,ETH,Sub-Saharan Africa,2.79389711,3.095311576,3.396840636,3.698052196,4.009248293,4.316440325,4.619832461,4.921632627,5.244818111,5.565305397,5.883673488,6.199784303,6.514089993,6.823890591,7.132008178,7.438454383,7.743550738,8.047157517,8.349923038,8.652039161,8.953537513,9.254780256
People using at least basic sanitation services (% of population),Fiji,FJI,East Asia & Pacific,87.59057892,87.64520782,87.6998341,88.33728411,88.96894192,89.5944364,89.94934464,90.29461668,90.63914387,90.97450491,91.29852181,91.61110018,91.91244178,92.20237497,92.4811611,92.74886503,93.00551309,93.2511727,93.48596195,93.70994117,93.62155936,93.33286119
People using at least basic sanitation services (% of population),Finland,FIN,Europe & Central Asia,99.44820205,99.44818562,99.44817655,99.44817005,99.44815959,99.44814834,99.44813719,99.44812948,99.4481142,99.44810618,99.44808013,99.4480446,99.448013,99.44799102,99.44798777,99.44798237,99.44797366,99.44797644,99.44796598,99.44796506,99.44795784,99.44795371
People using at least basic sanitation services (% of population),France,FRA,Europe & Central Asia,98.66302676,98.66225719,98.6614874,98.66072864,98.65997318,98.65922632,98.65848057,98.65774272,98.65699618,98.65624408,98.6554789,98.65471635,98.65394211,98.65316972,98.65238199,98.65159851,98.65080213,98.65001297,98.64921189,98.64841455,98.64760635,98.64680212
People using at least basic sanitation services (% of population),Gabon,GAB,Sub-Saharan Africa,33.98142093,34.9372077,35.90372817,36.88093178,37.86879853,38.86723636,39.87635359,40.89603935,41.9263968,42.96714515,44.01846085,45.08019469,46.15245751,47.23489956,48.326711,48.61943651,48.91162415,49.20330859,49.49442905,49.78482468,49.82416568,49.86126712
People using at least basic sanitation services (% of population),"Gambia, The",GMB,Sub-Saharan Africa,51.06270514,49.91397625,48.78795311,47.72431455,46.69542596,46.57834141,46.48625995,46.41852785,46.37449614,46.35348956,46.35477512,46.37754043,46.42120397,46.48443498,46.5660269,46.66467535,46.77876496,46.90721614,47.04853001,47.20140933,47.36457564,47.5364175
People using at least basic sanitation services (% of population),Georgia,GEO,Europe & Central Asia,90.03890275,89.6780578,89.33506426,89.02039606,88.82007261,88.62561315,88.43710636,88.2545461,88.07781423,87.90689343,87.74190018,87.58268761,87.42938428,87.28168096,87.13986178,87.00375226,86.87499008,86.75321049,86.63891453,86.53207834,86.43305775,86.34158816
People using at least basic sanitation services (% of population),Germany,DEU,Europe & Central Asia,99.21811125,99.2187293,99.21934286,99.21995748,99.2205649,99.22117504,99.22177475,99.22237358,99.22296598,99.22356186,99.22414733,99.22473156,99.22476235,99.22479177,99.22482477,99.22485185,99.22492692,99.22503642,99.22519294,99.22538408,99.22561717,99.22589221
People using at least basic sanitation services (% of population),Ghana,GHA,Sub-Saharan Africa,6.245732443,6.348528864,7.232515038,8.136392977,9.059945347,10.00244064,10.9638542,11.94375159,12.94180004,13.95732765,14.99044195,16.04046404,17.10693488,18.18926487,19.28710578,20.40010794,21.5279301,22.67010856,23.82630738,24.99607292,26.1791986,27.37524341
People using at least basic sanitation services (% of population),Greece,GRC,Europe & Central Asia,97.6134233,97.70860332,97.80939901,97.9087391,98.00669866,98.10320836,98.19830988,98.29207017,98.38447481,98.47552359,98.56524502,98.65369384,98.74088137,98.82679624,98.91146814,98.97597278,98.9796054,98.9831888,98.98674812,98.99026224,98.99374749,98.99718129
People using at least basic sanitation services (% of population),Grenada,GRD,Latin America & Caribbean,89.73011457,90.02493591,90.31554999,90.60195683,90.88415641,91.16214873,91.43593381,91.70551163,91.97088219,92.2320455,92.48900156,92.15729842,91.82559528,91.49389213,91.49389213,91.49389213,91.49389213,91.49389213,91.49389213,91.49389213,91.49389213,91.49389213
People using at least basic sanitation services (% of population),Guatemala,GTM,Latin America & Caribbean,61.3329226,61.7927999,62.24205208,62.67260939,63.08791148,63.49274616,63.88754265,64.27271338,64.64834013,65.01363469,65.36988289,65.71631091,66.05359301,66.38480579,66.70987976,67.02927229,67.34213158,67.64893296,67.94962484,68.24366871,68.5313078,69.07803382
People using at least basic sanitation services (% of population),Guinea,GIN,Sub-Saharan Africa,9.162306472,9.88629181,10.61144209,11.33794534,12.20687433,13.09503514,14.00263357,14.92948777,15.87560672,16.84100012,17.82588818,18.83007475,19.85356929,20.89638058,21.95851723,23.04295369,24.14983885,25.279316,26.43153509,27.60639759,28.80453377,30.02584807
People using at least basic sanitation services (% of population),Guinea-Bissau,GNB,Sub-Saharan Africa,4.161126931,4.645211051,5.138831098,5.641792882,6.549819328,7.665623893,8.796755091,9.943093954,11.10501181,12.28235728,13.47606346,14.68599057,15.91255808,17.15579877,18.41614304,19.69383803,20.98890377,22.3015667,23.63229986,24.98110645,26.34822365,27.73388843
People using at least basic sanitation services (% of population),Guyana,GUY,Latin America & Caribbean,78.1306827,78.63058936,79.1312913,79.62289381,80.19835943,80.77585647,81.35544441,81.93704144,82.5206307,83.10626821,83.69387637,84.2834443,84.88809926,85.4934097,86.10007926,86.70796184,87.31699148,87.92711094,88.53806773,89.14988982,89.7624267,90.37556909
People using at least basic sanitation services (% of population),Haiti,HTI,Latin America & Caribbean,16.74954126,17.83749736,18.93770841,20.04966739,21.05166795,22.04753804,23.05187496,24.0645348,25.08643357,26.11670291,27.1564388,28.20566105,29.26474888,30.33332496,31.41232421,32.50172772,33.59935058,34.70445484,35.81744607,36.93852759,37.12173543,37.30085203
People using at least basic sanitation services (% of population),Honduras,HND,Latin America & Caribbean,64.25636959,65.25661845,66.27616714,67.28619403,68.28506842,69.27194748,70.24775458,71.21225923,72.16579132,73.1079946,74.03954372,74.96012313,75.87036157,76.76984513,77.65917772,78.53789534,79.40647793,80.26502174,81.11363332,81.95255318,82.7820271,83.6021801
People using at least basic sanitation services (% of population),Hungary,HUN,Europe & Central Asia,98.04373068,98.04295804,98.03960516,98.0362846,98.03296766,98.02914395,98.02482415,98.0205422,98.01628813,98.01207436,98.00840313,98.00476042,98.00215396,97.99991063,97.99768027,97.99545569,97.9931816,97.99087746,97.98852031,97.98613537,97.98370596,97.98123614
People using at least basic sanitation services (% of population),Iceland,ISL,Europe & Central Asia,98.79800853,98.79717959,98.79636903,98.794945,98.79332345,98.79172708,98.79014521,98.78859998,98.78707559,98.78557418,98.7847545,98.78458597,98.78441563,98.7839882,98.78354862,98.78311846,98.78266383,98.78216881,98.78165335,98.78110238,98.78054821,98.77995186
People using at least basic sanitation services (% of population),India,IND,South Asia,14.08576181,16.72348555,19.5366221,22.36876586,25.22008398,28.08953667,30.9773053,33.88350114,36.80784258,39.74941111,42.70831536,45.68459284,48.6803119,51.69445375,54.72651883,57.77572014,60.84125721,63.83038915,66.74811677,69.66314609,72.57510232,75.48373765
People using at least basic sanitation services (% of population),Indonesia,IDN,South Asia,40.2172599,42.30640523,44.41497167,46.54166322,48.68620111,50.84598187,53.02108426,55.20996249,57.41229491,59.62602995,61.84569687,64.05154844,66.26970889,68.49901045,70.73941798,72.98959355,75.24889882,77.51605862,79.79092186,82.07270072,84.36120567,86.65563517
People using at least basic sanitation services (% of population),"Iran, Islamic Rep.",IRN,Middle East & North Africa,78.21828917,78.97314683,79.71555039,80.4456315,81.16330664,81.86849995,82.56140328,83.23211285,83.88697679,84.53137698,85.16566794,85.78980635,86.40189179,87.00300863,87.59507855,88.17791714,88.75181604,89.31666149,89.69885621,90.02108734,90.26677051,90.316227
People using at least basic sanitation services (% of population),Iraq,IRQ,Middle East & North Africa,70.5047684,71.07586873,71.64556988,72.21387464,72.78078576,74.44506991,76.12195612,77.81173502,79.5141817,81.22912095,82.96584942,84.71906555,86.48264722,88.25648366,90.04056459,91.8347524,93.6396653,95.45491955,96.9997439,97.86485327,98.49326812,98.4959695
People using at least basic sanitation services (% of population),Ireland,IRL,Europe & Central Asia,90.54517711,90.48185225,90.41756043,90.35135834,90.28431084,90.21656136,90.14872536,90.08318207,90.01710776,89.95045785,89.88328367,89.81553618,89.74720904,89.67836621,89.60894988,89.53902174,89.46846412,89.39660335,89.3232584,89.30739082,89.29065065,89.27316773
People using at least basic sanitation services (% of population),Israel,ISR,Europe & Central Asia,100,100,99.99999701,100,100,100,99.99999949,99.99999987,100,100,100,99.99565621,99.98845748,99.98139389,99.97445788,99.96766802,99.96102243,99.95453053,99.94819366,99.9420153,99.93601527,99.93018145
People using at least basic sanitation services (% of population),Italy,ITA,Europe & Central Asia,99.88592623,99.88592044,99.88590023,99.8858756,99.88585214,99.88582805,99.88580148,99.8857795,99.88575254,99.88573269,99.88570624,99.8856858,99.88563795,99.88557373,99.88552008,99.8854581,99.88540074,99.88533958,99.88528605,99.88522401,99.88515873,99.88509676
People using at least basic sanitation services (% of population),Jamaica,JAM,Latin America & Caribbean,82.7209247,82.82578219,82.92912581,83.03157554,83.27473231,83.51652431,83.7569572,83.99602414,84.23371166,84.47002434,84.7049498,84.93844746,85.16995248,85.39915621,85.62576492,85.84955057,86.07016487,86.28739166,86.49974018,86.63160414,86.60642583,86.58008765
People using at least basic sanitation services (% of population),Japan,JPN,East Asia & Pacific,100,99.99956048,99.99661421,99.99366795,99.99072169,99.98777542,99.98482916,99.9818829,99.97893663,99.97599037,99.97304411,99.97009784,99.96715158,99.96420532,99.96125905,99.95831279,99.95536653,99.95242026,99.949474,99.94652774,99.94358148,99.94063521
People using at least basic sanitation services (% of population),Jordan,JOR,Middle East & North Africa,98.7373908,98.7059482,98.65138189,98.5730567,98.4947554,98.40640973,98.31512249,98.22612817,98.13920454,98.05408553,97.97060132,97.88854105,97.8077286,97.72794651,97.64908999,97.56281752,97.47696327,97.39147269,97.30631935,97.22148863,97.13694641,97.14098702
People using at least basic sanitation services (% of population),Kazakhstan,KAZ,Europe & Central Asia,96.80301723,96.80272968,96.86236859,96.92186223,96.98122361,97.05065709,97.1199558,97.18912513,97.25816481,97.3270808,97.39587127,97.46451823,97.53303826,97.60142673,97.66969698,97.73782538,97.80582125,97.87370401,97.87189344,97.86969488,97.86711602,97.86416761
People using at least basic sanitation services (% of population),Kenya,KEN,Sub-Saharan Africa,28.05316611,28.36560564,28.73359449,29.10331499,29.47480316,29.84804796,30.22313991,30.60012103,30.97903464,31.35985998,31.74269809,32.12776051,32.51507537,32.90477207,33.29684696,33.6913972,34.08849426,34.488204,34.89064174,35.29579479,35.70381994,36.11475567
People using at least basic sanitation services (% of population),Kiribati,KIR,East Asia & Pacific,32.79977118,33.69725562,34.45813212,35.21906192,35.97977599,36.7400261,37.61166314,38.56280067,39.1671986,39.74501968,40.29627386,40.82073056,41.31815652,41.78764573,42.22958076,42.64361357,43.02757693,43.38135465,43.70568109,44.00101048,44.26763231,44.50615694
People using at least basic sanitation services (% of population),"Korea, Dem. People's Rep.",PRK,East Asia & Pacific,75.19542528,75.19542528,75.19542528,75.20582143,75.21635087,75.22674687,75.23727808,75.92378084,76.61398347,77.31903528,78.03240826,78.75000118,79.47227866,80.19895131,80.93017795,81.66581088,82.40860768,83.15841094,83.91557443,84.61949068,84.66546601,84.71404126
People using at least basic sanitation services (% of population),"Korea, Rep.",KOR,East Asia & Pacific,100,100,100,100,100,100,100,100,99.99051463,99.97810517,99.96569572,99.95328626,99.94087681,99.92846735,99.9160579,99.90364844,99.89123899,99.87882953,99.86642008,99.85401062,99.84160117,99.82919171
People using at least basic sanitation services (% of population),Kuwait,KWT,East Asia & Pacific,100,100,100,100,100,100,100,100,100,100,100,100,100,100,100,100,100,100,100,100,100,100
People using at least basic sanitation services (% of population),Kyrgyz Republic,KGZ,Europe & Central Asia,92.29962114,92.29962302,92.56701697,92.83442571,93.10183571,93.46720047,93.83309362,94.19954158,94.56653217,94.93404139,95.30140055,95.6683765,96.03471361,96.40026212,96.76477251,97.12802309,97.43364371,97.54907428,97.66373037,97.77771402,97.89104421,97.87835831
People using at least basic sanitation services (% of population),Lao PDR,LAO,East Asia & Pacific,28.31481771,31.32641746,34.32827701,37.31721073,40.29335131,43.16434863,45.84714871,48.51451401,51.16776698,53.80535229,56.42819403,59.03639388,61.63042202,64.20894901,66.77320981,69.32300186,71.8588126,74.379835,76.88627889,78.94809243,79.13543962,79.32395782
People using at least basic sanitation services (% of population),Latvia,LVA,Europe & Central Asia,87.53536305,87.50956927,87.92898689,88.26265496,88.54481585,88.8241775,89.07558709,89.31974847,89.5634889,89.8144012,90.07175719,90.32742789,90.58125698,90.83323737,91.08323809,91.51933565,91.95677496,92.39535934,92.40345754,92.41312527,92.42436632,92.43718112
People using at least basic sanitation services (% of population),Lebanon,LBN,Middle East & North Africa,76.92372952,76.92372952,76.92372952,78.23290783,79.54208615,80.85126446,82.16044277,83.46962108,84.7787994,86.08797771,87.39715602,88.70633434,90.01551265,91.32469096,92.63386927,93.94304759,95.2522259,96.56140421,97.87058253,99.06737938,99.2,99.2
People using at least basic sanitation services (% of population),Lesotho,LSO,Sub-Saharan Africa,8.050812526,10.41388693,12.76715569,15.06599036,17.34001754,19.58856867,21.81184801,24.00107645,26.16652221,28.30787625,30.4253043,32.518659,34.58343075,36.62644066,38.64773002,40.64730717,42.62515397,44.58129608,46.5155954,48.42792471,50.31807507,50.29886812
People using at least basic sanitation services (% of population),Liberia,LBR,Sub-Saharan Africa,12.05342627,12.35388969,12.65739059,12.96353235,13.27252934,13.58417523,14.04297773,14.5085074,14.98049869,15.46138788,15.9511988,16.45017999,16.9578914,17.47480848,18.00047564,18.53513254,19.07878268,19.63094444,20.192091,20.76197361,21.34057675,21.92788787
People using at least basic sanitation services (% of population),Libya,LBY,Middle East & North Africa,90.30506861,90.41988321,90.53469781,90.64951241,90.76432701,90.87914161,90.9939562,91.1087708,91.2235854,91.3384,91.4532146,91.5680292,91.6828438,91.79765839,91.91247299,92.02728759,92.10428565,92.10514499,92.10600221,92.10600221,92.10600221,92.10600221
People using at least basic sanitation services (% of population),Lithuania,LTU,Europe & Central Asia,84.63923292,85.06391923,85.48361304,85.90489866,86.32776851,86.77068176,87.23197992,87.69204737,88.15087399,88.64641808,89.12840068,89.62511981,90.14627794,90.66590228,91.18417025,91.70106704,92.21837599,92.73568381,93.25246556,93.76832523,94.28305548,94.79595855
People using at least basic sanitation services (% of population),Luxembourg,LUX,Europe & Central Asia,97.71136121,97.7021657,97.69530981,97.68866436,97.6814351,97.67410713,97.66694601,97.65996142,97.65313125,97.646499,97.6400127,97.63368473,97.62758816,97.62175608,97.61614236,97.61073993,97.60554441,97.60054414,97.59732689,97.59426285,97.59135158,97.58857291
People using at least basic sanitation services (% of population),Madagascar,MDG,Sub-Saharan Africa,3.824522747,4.276235274,4.72902494,5.183444876,5.638794974,6.121174296,6.606260401,7.094046054,7.584774248,8.078091859,8.574232641,9.073173573,9.574977226,10.07961081,10.58722962,11.09769849,11.61117086,12.12760312,12.64704536,13.16933715,13.69473897,14.22296692
People using at least basic sanitation services (% of population),Malawi,MWI,Sub-Saharan Africa,9.351191683,9.353027456,9.354806073,9.356700918,9.358538092,11.64301756,13.91951873,16.18818768,18.44886569,20.70300131,22.95022073,25.19025157,27.42260338,29.64706199,31.86305957,34.07040349,36.2684898,38.45706697,40.63567367,42.80383781,44.96114989,47.10712573
People using at least basic sanitation services (% of population),Malaysia,MYS,South Asia,93.10424036,93.28163483,93.45575252,93.62669042,93.79448649,93.95906035,94.12057127,94.27903772,94.43452009,94.58699472,94.73658274,94.88071212,95.02210645,95.16126897,95.29830454,95.43319702,95.56602391,95.69193988,95.81884771,95.88023365,95.93880556,95.99469789
People using at least basic sanitation services (% of population),Maldives,MDV,South Asia,74.85341458,76.26215418,77.65151251,79.01984957,80.3664466,81.68922835,82.94542377,84.0726027,85.33349244,86.58907527,87.83941977,89.08443083,90.32412361,91.55806361,92.78649863,93.97349261,95.06128905,96.13976183,97.20885134,98.26842792,99.15534209,99.70015787
People using at least basic sanitation services (% of population),Mali,MLI,Sub-Saharan Africa,15.41019082,16.69419144,18.01212708,19.36291153,20.74646984,22.16093209,23.60695597,25.08291171,26.5889044,28.12306443,29.6838044,31.27028444,32.88168545,34.517191,36.17623653,37.85781199,39.56137893,41.28640184,43.03193857,44.79769672,46.58258955,48.38654613
People using at least basic sanitation services (% of population),Malta,MLT,Europe & Central Asia,99.9653615,99.96525607,99.96516283,99.96506328,99.96497292,99.9648827,99.96483205,99.9648044,99.96477317,99.96474917,99.96472325,99.96469467,99.96467078,99.96464267,99.96462286,99.96459235,99.96457039,99.96454559,99.96452214,99.96449882,99.96447392,99.96444537
People using at least basic sanitation services (% of population),Marshall Islands,MHL,East Asia & Pacific,85.86435675,85.86435675,86.02958297,86.19320361,86.35522969,86.51533458,86.66102475,86.6800967,86.27042006,85.85379206,85.43102776,85.00232777,84.56643397,84.12303111,83.67295494,83.21613951,82.75311807,82.28383601,81.80905467,81.32845188,81.37832816,81.4221057
People using at least basic sanitation services (% of population),Mauritania,MRT,Sub-Saharan Africa,17.99971738,19.15245741,20.41867526,21.69421742,22.9791704,24.27261924,25.84267755,27.44807305,29.09013307,30.76760464,32.4828471,34.23641228,36.02881561,37.85967919,39.72631909,41.62832028,43.56515241,45.53804715,47.54589405,49.5893945,51.66773518,53.78155649
People using at least basic sanitation services (% of population),Mauritius,MUS,Sub-Saharan Africa,90.07934069,90.48839477,90.89882376,91.31066471,91.72392832,92.13864037,92.55474737,92.97230404,93.39127684,93.81170441,94.23356643,94.65686812,95.07448456,95.47877202,95.47362964,95.46850579,95.46355084,95.45875842,95.45875842,95.45875842,95.45875842,95.45875842
People using at least basic sanitation services (% of population),Mexico,MEX,Latin America & Caribbean,77.74751589,78.5114853,79.26575349,80.01050601,80.74615766,81.47235485,82.18954866,82.89767592,83.59735659,84.28832973,84.97098277,85.64617135,86.31344735,86.97323056,87.62559751,88.27034031,88.90782386,89.5378932,90.16077047,90.77655807,91.38533557,91.98713112
People using at least basic sanitation services (% of population),"Micronesia, Fed. Sts.",FSM,East Asia & Pacific,25.04842975,29.13627168,33.22411362,37.31195555,41.39979749,45.48763942,49.57548136,53.6633233,57.75116523,61.83900717,65.9268491,70.01469104,74.10253297,78.19037491,82.27821685,86.36605878,90.45390072,90.45390072,90.45390072,90.45390072,90.45390072,90.45390072
People using at least basic sanitation services (% of population),Moldova,MDA,Europe & Central Asia,71.59461817,71.95209364,72.31432203,72.68129873,73.20565258,73.78451382,74.41341279,75.04617024,75.68280332,76.32330815,76.96770056,77.61597809,78.26815106,78.92421787,79.58419198,80.2520182,80.92734158,81.60915734,82.29693135,82.9898264,83.68727236,84.38853488
People using at least basic sanitation services (% of population),Monaco,MCO,Europe & Central Asia,100,100,100,100,100,100,100,100,100,100,100,100,100,100,100,100,100,100,100,100,100,100
People using at least basic sanitation services (% of population),Mongolia,MNG,East Asia & Pacific,44.17968725,44.96457632,45.73072986,46.47796059,47.94192199,49.40515037,50.86809892,52.32919306,53.78757116,55.24053692,56.68923071,57.96222314,59.14789039,60.34566718,61.55521078,62.77700129,64.0106918,65.25596564,66.51670346,67.79233961,69.08225409,69.52330326
People using at least basic sanitation services (% of population),Montenegro,MNE,Europe & Central Asia,90.64151372,90.64151372,90.64151372,90.64151372,90.64151372,90.64151372,90.64151372,91.17758909,91.71583826,92.25610543,92.79849471,93.34305363,93.88978651,94.43875447,94.98996257,95.54342124,96.09907835,96.65699704,97.21424727,97.50229936,97.77176861,97.79110851
People using at least basic sanitation services (% of population),Morocco,MAR,North America,67.66782239,68.50596286,69.76490499,71.04631733,72.23801238,73.17732288,74.12862635,75.07866095,76.02704274,76.9734334,77.91863326,78.86171064,79.80288903,80.74184042,81.678784,82.61338862,83.5458715,84.47591233,85.40346582,86.32823401,87.25043435,87.38364315
People using at least basic sanitation services (% of population),Mozambique,MOZ,Sub-Saharan Africa,10.2305488,11.22601111,12.25726463,13.30231431,14.36140357,15.43415741,16.52115596,17.62137218,18.83024077,20.06456175,21.31700696,22.58676723,23.87370142,25.17766075,26.49849353,27.83605091,29.19016979,30.56032825,31.94671944,33.35031121,34.77058047,36.07188062
People using at least basic sanitation services (% of population),Myanmar,MMR,South Asia,63.45987619,64.01387874,64.56597213,65.11635663,65.6650227,66.21195347,66.75694548,67.30017768,67.841637,68.33692072,68.82982104,69.31997724,69.80753167,70.29231769,70.77458349,71.25586874,71.73593855,72.21441779,72.69104283,73.16531875,73.63687895,74.10549712
People using at least basic sanitation services (% of population),Namibia,NAM,Sub-Saharan Africa,28.05521784,28.34985824,28.7898121,29.24864204,29.69820949,30.13607864,30.56328189,30.97873369,31.382601,31.77231981,32.15005157,32.51370732,32.87361745,33.21906087,33.5498944,33.86496852,34.15867206,34.43010851,34.6797496,34.96077469,35.2599672,35.55342382
People using at least basic sanitation services (% of population),Nauru,NRU,East Asia & Pacific,65.51375222,65.53835765,65.56296308,65.58756851,65.61217395,65.63677938,65.66138481,65.68599025,65.71059568,65.73520111,65.75980655,65.78441198,65.80901741,65.83362285,65.85822828,65.88283371,65.90743914,65.93204458,65.93204458,65.93204458,65.93204458,65.93204458
People using at least basic sanitation services (% of population),Nepal,NPL,South Asia,13.96430342,16.51268744,19.07652302,21.70987545,24.41227344,27.18323537,30.02227084,32.92902553,35.90281154,38.94309705,42.04934037,45.22110125,48.45818056,51.75956325,55.12480762,58.55299334,62.04347519,65.59537452,69.20789092,72.88012795,76.61121214,80.40022366
People using at least basic sanitation services (% of population),Netherlands,NLD,Europe & Central Asia,98.05647776,98.03165874,98.00082442,97.97132002,97.94313589,97.91632896,97.89216283,97.87047673,97.84974999,97.82847581,97.8081694,97.79028665,97.77327115,97.75889066,97.74681598,97.73522175,97.72413012,97.71352663,97.70364355,97.69440785,97.68579333,97.6777525
People using at least basic sanitation services (% of population),New Zealand,NZL,East Asia & Pacific,99.99999977,99.99999947,99.9999996,99.99999948,99.99999842,100,99.99999773,100,99.99999746,100,99.99999889,100,100,99.99999959,99.99999881,99.99999926,100,100,100,100,100,99.99999623
People using at least basic sanitation services (% of population),Nicaragua,NIC,Latin America & Caribbean,57.07290571,58.05936659,59.04451077,60.02859568,61.01161884,61.99456134,62.98700702,63.97781426,64.96745785,65.95547765,66.94209914,67.92732542,68.91115986,69.89360297,70.87443697,71.85388301,72.83194431,72.87482215,72.92057331,72.96939905,73.02109765,73.02109765
People using at least basic sanitation services (% of population),Niger,NER,Sub-Saharan Africa,5.519397609,6.026104095,6.51516459,7.004409852,7.493612797,7.997902758,8.498589648,8.995426191,9.48812752,9.97724247,10.4624965,10.94357489,11.42108661,11.89472651,12.36965957,12.84711594,13.32697458,13.81056598,14.29777602,14.79003828,15.28807749,15.88156173
People using at least basic sanitation services (% of population),Nigeria,NGA,Sub-Saharan Africa,27.9946356,28.03390811,28.68634733,29.35925914,30.05326384,30.76891368,31.50684826,32.2676934,33.05207425,33.86028654,34.69313327,35.54993987,36.43093333,37.33607524,38.26551223,39.21938255,40.19732734,41.19971911,42.22626064,43.27675278,44.35114641,45.44915489
People using at least basic sanitation services (% of population),North Macedonia,MKD,Europe & Central Asia,88.64994708,88.62522388,88.60049972,88.57577457,88.55093282,89.14414204,89.74483964,90.35260094,90.96696575,91.58756938,92.21385951,92.84544425,93.48175326,94.12237187,94.76680459,95.41440885,96.0648147,96.71744176,97.32968448,97.87917146,98.42776802,98.9748157
People using at least basic sanitation services (% of population),Norway,NOR,Europe & Central Asia,98.07194057,98.0708653,98.06979811,98.06874521,98.06780513,98.06697166,98.06615076,98.06529855,98.06442057,98.06355572,98.06269457,98.06163328,98.06037739,98.05914139,98.05792001,98.0567285,98.05554437,98.05438752,98.05325162,98.05215073,98.05108003,98.05003424
People using at least basic sanitation services (% of population),Oman,OMN,Middle East & North Africa,89.15584241,89.15278486,89.91162553,90.67088908,91.4715622,92.29376199,93.10327975,93.9002109,94.68478226,95.45706972,96.21748894,96.98958864,97.75339493,98.48641802,99.04545796,99.31900985,99.31929769,99.31956546,99.31980981,99.3200376,99.3202493,99.3204402
People using at least basic sanitation services (% of population),Pakistan,PAK,South Asia,30.9057923,32.80766837,34.70445497,36.59515911,38.48021693,40.35915769,42.2129055,44.05647274,45.88948541,47.71199679,49.52440583,51.32672381,53.1189631,54.90051097,56.67205633,58.43360674,60.18517155,61.92650683,63.66154836,65.38993557,67.11104079,68.82426834
People using at least basic sanitation services (% of population),Palau,PLW,East Asia & Pacific,92.30552056,92.57327002,92.84392311,93.11749167,93.51618296,93.9036187,94.28037508,94.6464556,95.00229215,95.34782418,95.68347324,96.00931545,96.32581759,96.63291906,96.93103216,97.22038241,97.5006471,97.77229701,98.03584807,98.29177443,98.54058614,98.78268636
People using at least basic sanitation services (% of population),Panama,PAN,Latin America & Caribbean,62.36763322,63.09663512,64.17116262,65.25135296,66.33694007,67.42793768,68.52436464,69.62595568,70.73329283,71.84610824,72.96414114,74.09021278,75.22406657,76.36571766,77.51545152,78.67273712,79.83758758,81.01029892,82.19061275,83.37855176,84.57385262,85.77681161
People using at least basic sanitation services (% of population),Papua New Guinea,PNG,East Asia & Pacific,18.14209978,18.13216728,18.12403938,18.11591196,18.10733345,18.21430469,18.32150504,18.4289352,18.53659541,18.5836452,18.62994335,18.67508236,18.71987724,18.76937467,18.82327603,18.88128611,18.94311069,19.0084607,19.07740379,19.14928727,19.22383373,19.26172062
People using at least basic sanitation services (% of population),Paraguay,PRY,Latin America & Caribbean,70.36996731,71.68837024,72.97978515,74.17674926,75.34845818,76.51007181,77.66137721,78.8024377,79.93354749,81.05452511,82.16543887,83.26635405,84.35751717,85.43371292,86.49921542,87.55615081,88.60470662,89.64468646,90.67739141,91.71567413,92.74627367,93.60274559
People using at least basic sanitation services (% of population),Peru,PER,Latin America & Caribbean,64.10405499,64.88411557,65.65335516,66.41233965,67.16079083,67.89846241,68.62632387,69.34373312,70.00358527,70.63615905,71.26424853,71.88718434,72.50571175,73.11919354,73.72802777,74.33255088,74.93220605,75.52733725,76.11988955,76.70943879,77.29610288,77.87948762
People using at least basic sanitation services (% of population),Philippines,PHL,East Asia & Pacific,64.23493046,64.66458479,65.0950702,65.52638554,65.95853028,66.39150527,66.82530875,67.85678805,68.90062686,69.95698485,71.03098111,72.14066468,73.2569909,74.37995243,75.50927736,76.64501878,77.78700616,78.93576279,80.09068945,81.25102659,82.41604774,83.58501342
People using at least basic sanitation services (% of population),Poland,POL,Europe & Central Asia,87.57454672,88.25683424,88.93535769,89.59468106,90.25626121,90.92024739,91.5867443,92.25553337,92.92665195,93.60026262,94.27628455,94.95471536,95.63499678,96.31801462,97.00370569,97.69210374,98.3831043,98.79660899,98.95542194,98.95753358,98.95750727,98.95735689
People using at least basic sanitation services (% of population),Portugal,PRT,Europe & Central Asia,97.53591799,97.66663148,97.79516244,97.92197614,98.04708645,98.17043219,98.2921052,98.4120593,98.53033081,98.64689566,98.76178995,98.87502822,98.98660643,99.09653934,99.2048529,99.31157025,99.41671408,99.52031224,99.61005777,99.64511658,99.66338392,99.66231537
People using at least basic sanitation services (% of population),Puerto Rico,PRI,Latin America & Caribbean,97.6257622,97.8050784,97.9843946,98.16371079,98.34302699,98.52234319,98.70165939,98.88097558,99.06029178,99.23960798,99.41892418,99.59824038,99.77755657,99.95687277,100,100,100,100,100,100,100,100
People using at least basic sanitation services (% of population),Qatar,QAT,Middle East & North Africa,99.93654926,99.93654926,99.93654926,99.93654926,99.93654926,99.93654926,99.93654926,99.936549,99.93654874,99.93654848,99.93654822,99.93654796,99.93654769,99.93654743,99.93654717,99.93654691,99.93654665,99.93654639,99.93654613,99.93654587,99.93654561,99.93654534
People using at least basic sanitation services (% of population),Romania,ROU,Europe & Central Asia,74.44028077,74.44028077,74.41285386,74.46313584,74.51303921,74.56293794,75.45251125,76.33912436,77.22276639,78.10344673,78.98116086,79.85590991,80.69239478,81.51375172,82.33594678,83.16540678,84.00182844,84.84359393,85.69062001,86.54158301,87.3956675,88.25225623
People using at least basic sanitation services (% of population),Russian Federation,RUS,Europe & Central Asia,84.60441666,84.80257922,85.00044822,85.21033131,85.42408551,85.63744266,85.85040266,86.06295902,86.27511876,86.48658434,86.69794681,86.90891541,87.12345649,87.34110749,87.5622409,87.78612341,88.01284465,88.24221801,88.47379906,88.70741979,88.94290501,89.18007542
People using at least basic sanitation services (% of population),Rwanda,RWA,Sub-Saharan Africa,44.90537276,46.47432727,48.01369406,49.40079872,50.76833554,52.13583418,53.50336729,54.87076799,56.23812326,57.60545072,58.97270437,60.33990942,61.70702272,63.07411459,64.43966488,65.80252404,67.16184973,68.51634336,69.86487595,71.20652487,72.53998769,73.86410779
People using at least basic sanitation services (% of population),Samoa,WSM,East Asia & Pacific,91.55052507,91.55192054,91.54997935,91.54624913,91.54254869,91.88973307,92.23782482,92.58687931,92.93686516,93.28773752,93.63949441,93.99212307,94.34551238,94.69976009,95.05491691,95.41097534,95.76793898,96.12580536,96.48459788,96.84425928,97.20473018,97.56595694
People using at least basic sanitation services (% of population),San Marino,SMR,Europe & Central Asia,100,100,100,100,100,100,100,100,100,100,100,100,100,100,100,100,100,100,100,100,100,100
People using at least basic sanitation services (% of population),Sao Tome and Principe,STP,Sub-Saharan Africa,20.62246261,21.75812706,22.92814057,24.10569427,25.28539385,26.57910093,27.88092936,29.19009273,30.5058157,31.82677885,33.15281744,34.4829426,35.81674225,37.14938095,38.4812028,39.81178866,41.14102207,42.46883708,43.79519713,45.12010033,46.44358233,47.76581873
People using at least basic sanitation services (% of population),Saudi Arabia,SAU,Middle East & North Africa,95.16801558,95.17646547,95.18483452,95.19317182,95.20143076,95.20973459,95.21803102,95.22625842,95.23445004,95.24249452,95.25049889,95.25853786,95.26657875,95.2746946,95.28281126,95.29092453,95.29908095,95.30722953,95.31542083,95.32357599,95.33176165,95.33991438
People using at least basic sanitation services (% of population),Senegal,SEN,Sub-Saharan Africa,36.84036295,37.82550224,38.81865004,39.86965615,40.96330218,42.05447761,43.14374844,44.23058868,45.31483962,46.3960168,47.47461952,48.55014862,49.62215099,50.69077632,51.75586322,52.81938068,53.88067904,54.93986862,55.99604196,57.04903418,58.09821203,59.14337995
People using at least basic sanitation services (% of population),Serbia,SRB,Europe & Central Asia,95.51841122,95.5150405,95.51203256,95.50937692,95.50713587,95.67313774,95.83953229,96.00633275,96.17349588,96.34104292,96.50895354,96.67728763,96.84334429,97.00869675,97.1742765,97.3400185,97.50598959,97.67283343,97.84061079,97.89702165,97.89866038,97.90138596
People using at least basic sanitation services (% of population),Seychelles,SYC,Sub-Saharan Africa,95.42113077,95.6637266,95.90632243,96.14891826,96.39151408,96.63410991,96.87670574,97.11930157,97.36189739,97.60449322,97.84708905,98.08968487,98.3322807,98.57487653,98.81747236,99.06006818,99.15258534,99.1642335,99.17582774,100,100,100
People using at least basic sanitation services (% of population),Sierra Leone,SLE,Sub-Saharan Africa,7.694687399,7.926170809,8.158258285,8.390952316,8.949547037,9.538650825,10.15665091,10.79560308,11.45551038,12.13622097,12.83772609,13.56017966,14.3035858,15.0676037,15.8525628,16.65828544,17.48494717,18.33385814,19.20548437,20.09973877,21.01671302,21.95649816
People using at least basic sanitation services (% of population),Singapore,SGP,South Asia,100,100,100,100,100,100,100,100,100,100,100,100,100,100,100,100,100,100,100,100,100,100
People using at least basic sanitation services (% of population),Slovak Republic,SVK,Europe & Central Asia,99.8249495,99.832395,99.83485776,99.6609157,99.46972245,99.27787271,99.08535767,98.89217133,98.69834223,98.50383607,98.30654265,98.10826133,97.91150365,97.71412622,97.51612871,97.52082877,97.52625639,97.5323996,97.53177042,97.53184483,97.53262821,97.5341274
People using at least basic sanitation services (% of population),Slovenia,SVN,Europe & Central Asia,99.11167513,99.11167513,99.11167513,99.11167513,99.11167513,99.11167513,99.11167513,99.0583073,99.00493948,98.95157165,98.89820383,98.844836,98.79146818,98.73810035,98.68473253,98.6313647,98.57799688,98.52462905,98.47126123,98.4178934,98.36452558,98.31115775
People using at least basic sanitation services (% of population),Solomon Islands,SLB,East Asia & Pacific,20.43499679,20.62504014,20.81900145,21.01688119,21.21867959,22.13309404,23.0582503,23.99433983,24.94207672,25.9006182,26.87066936,27.84860136,28.83499084,29.82932534,30.83105746,31.8407697,32.75393967,33.52835454,34.22832716,34.4924126,34.75592549,35.01829288
People using at least basic sanitation services (% of population),Somalia,SOM,Sub-Saharan Africa,20.17331675,20.77613917,21.37847489,22.13136706,22.8842981,23.86521763,24.86311213,24.56039105,25.90048944,27.25764738,28.63190619,30.01958317,31.00427533,32.00098644,33.01001229,34.03125899,35.06461223,36.1092644,37.16507373,38.23090616,39.30661599,40.39141264
People using at least basic sanitation services (% of population),South Africa,ZAF,Sub-Saharan Africa,59.54107407,60.41514318,61.29867225,62.18153174,63.05866651,63.9292262,64.79351205,65.65134763,66.50274251,67.34682969,68.18401558,69.01399509,69.83676376,70.65182162,71.45943405,72.25935381,73.05146606,73.83560097,74.61167954,75.37964529,76.13945498,76.89099332
People using at least basic sanitation services (% of population),South Sudan,SSD,Sub-Saharan Africa,6.868187151,6.868187151,6.868187151,6.868187151,6.868187151,6.868187151,6.868187151,6.868187151,6.868187151,6.868187151,6.868187151,6.868187151,7.802378287,8.783811663,9.813754902,10.8939961,12.02581005,13.21072504,14.45063574,15.74727768,15.84481737,15.94723372
People using at least basic sanitation services (% of population),Spain,ESP,Europe & Central Asia,99.81337588,99.81324002,99.82037082,99.82742967,99.83451183,99.84160953,99.84873342,99.85587536,99.86304213,99.87022671,99.87743335,99.88466326,99.8919086,99.89917195,99.90609195,99.91247224,99.91888079,99.91984176,99.91959436,99.91935657,99.91910835,99.91885991
People using at least basic sanitation services (% of population),Sri Lanka,LKA,South Asia,76.7684659,77.56522868,78.36539126,79.1689156,79.97582616,80.78612958,81.59980672,82.41687667,83.2373247,84.06115683,84.88837381,85.71897215,86.55296335,87.39031175,88.23107342,89.07529907,89.92305123,90.774373,91.62931766,92.48794077,93.35029014,94.21641465
People using at least basic sanitation services (% of population),St. Kitts and Nevis,KNA,Latin America & Caribbean,86.45086338,87.10491962,87.75897586,88.4130321,89.06708835,89.72114459,90.37520083,91.02925707,91.68331331,92.33736955,92.99142579,93.64548203,94.29953828,94.95359452,94.95359452,94.95359452,94.95359452,94.95359452,94.95359452,94.95359452,94.95359452,94.95359452
People using at least basic sanitation services (% of population),St. Lucia,LCA,Latin America & Caribbean,84.97445993,84.98031978,85.00258639,85.02425114,84.83124634,84.6384261,84.44639381,84.25554367,84.06634608,83.87896975,83.68750614,83.45543668,83.21779178,82.97381706,82.72336141,82.91353807,83.10351344,83.25700047,83.37599701,83.37232161,83.36810274,83.36331657
People using at least basic sanitation services (% of population),St. Vincent and the Grenadines,VCT,Latin America & Caribbean,66.729451,68.29328722,69.86859123,71.45503321,73.05254484,74.66080742,76.27973686,77.90889716,79.5483308,81.19770861,82.85683253,84.52549982,86.20350242,87.89055081,89.58660022,89.61493621,89.64348462,89.67216927,89.7010626,89.7010626,89.7010626,89.7010626
People using at least basic sanitation services (% of population),Sudan,SDN,Middle East & North Africa,20.59194217,20.60757113,20.62319954,20.63882743,20.65445597,21.85175533,23.04947221,24.32960173,25.61760551,26.92019243,28.2380452,29.57154962,30.92075822,32.28639395,33.66851838,35.06823626,36.48562633,36.57503217,36.67269719,36.77826076,36.89208337,36.89208337
People using at least basic sanitation services (% of population),Suriname,SUR,Latin America & Caribbean,78.0261253,78.34980815,78.67247799,78.99356949,79.31336302,79.94543734,80.57861196,81.21582471,81.85734899,82.50341655,83.1536032,83.80815195,84.46708209,85.1304157,85.80110657,86.4788571,87.16300964,87.85308697,88.54872136,89.24914259,89.95421179,89.96224117
People using at least basic sanitation services (% of population),Sweden,SWE,Europe & Central Asia,99.20709752,99.19316621,99.17742145,99.1616385,99.14582375,99.12996947,99.11412733,99.09825644,99.08229227,99.06624267,99.05009768,99.03382236,99.01734949,99.0006983,98.98386383,98.96686691,98.9497051,98.93237967,98.91490808,98.89729066,98.87954361,98.86166517
People using at least basic sanitation services (% of population),Switzerland,CHE,Europe & Central Asia,99.88097108,99.88096869,99.8809825,99.88100465,99.88101907,99.88103999,99.88106108,99.88107526,99.8810926,99.88110967,99.88112857,99.88400359,99.8868722,99.88973318,99.89258897,99.89544113,99.89829546,99.89987372,99.89987458,99.8998724,99.89987134,99.89987389
People using at least basic sanitation services (% of population),Syrian Arab Republic,SYR,Middle East & North Africa,88.43624688,88.59342744,88.74928714,88.90366612,89.05672119,89.40089926,89.74381695,90.08559558,90.42609633,90.76525252,91.10323177,91.3661562,91.63465551,91.90899948,92.18913573,92.54832191,92.90464017,93.25803452,93.60846332,93.95593183,94.30038024,94.64183196
People using at least basic sanitation services (% of population),Tajikistan,TJK,Europe & Central Asia,89.90724321,90.2255774,90.54389537,90.86220124,91.23122482,91.60073015,91.97069026,92.34110478,92.71197129,93.08329679,93.4550745,93.82730518,94.19983954,94.57241318,94.94473268,95.31654164,95.68754771,96.05745978,96.42603336,96.77256026,96.76531721,96.75722667
People using at least basic sanitation services (% of population),Tanzania,TZA,Sub-Saharan Africa,6.454557226,7.665474392,8.885653688,10.13623712,11.3353001,12.53382254,13.73176129,14.92879735,16.12503655,17.31962474,18.51297326,19.70430866,20.89371747,22.0803159,23.263107,24.44164431,25.61502101,26.78297089,27.94476555,29.09938898,30.24679971,30.43224677
People using at least basic sanitation services (% of population),Thailand,THA,South Asia,92.4134381,92.68899088,92.96898574,93.25366787,93.54317223,93.8378159,94.13753945,94.44257795,94.75302661,95.0690932,95.39077726,95.72517644,96.06462505,96.40752409,96.75388016,97.10370857,97.45532879,97.79090838,98.12521623,98.42052371,98.71311919,99.00731704
People using at least basic sanitation services (% of population),Timor-Leste,TLS,East Asia & Pacific,35.22901668,35.22901668,35.22901668,36.5575152,37.88534136,39.1994679,40.39525649,41.58340119,42.76434665,43.93724571,45.1019142,46.25873702,47.40691414,48.54624606,49.67680825,50.79837389,51.91071534,53.01336696,54.10658659,55.1898927,56.26326474,57.32602571
People using at least basic sanitation services (% of population),Togo,TGO,Sub-Saharan Africa,9.602940753,9.885647727,10.17042045,10.4570599,10.74557963,11.17730524,11.61955128,12.0722257,12.53545296,13.00825555,13.49141685,13.98931658,14.49989603,15.01992546,15.54974167,16.0892338,16.6392024,17.1993119,17.76945274,18.34951074,18.93937057,19.06792824
People using at least basic sanitation services (% of population),Tonga,TON,East Asia & Pacific,88.57915377,88.58243017,88.58559495,88.58887656,88.5921524,89.16473205,89.7370413,90.31029639,90.88395015,91.45690002,92.02915848,92.32612006,92.61480333,92.89715271,93.17622555,93.45211178,93.72475767,93.99415301,94.26079952,94.52446043,94.78496393,95.04204214
People using at least basic sanitation services (% of population),Trinidad and Tobago,TTO,Latin America & Caribbean,90.04467128,90.2962584,90.54819252,90.80047365,91.05310177,91.3060769,91.55939902,91.81306815,92.06708428,92.3214474,92.57615753,92.83121467,93.0866188,93.34236993,93.45693815,93.57150636,93.68607458,93.8006428,93.91521101,93.91521101,93.91521101,93.91521101
People using at least basic sanitation services (% of population),Tunisia,TUN,Middle East & North Africa,76.51507747,77.24806491,78.330102,79.41239397,80.48797796,81.53564876,82.58656838,83.63972586,84.69518496,85.75264335,86.81155369,87.87214983,88.933868,89.99604791,91.05902834,92.1233998,93.18816533,94.2525027,95.31562919,96.3765732,97.43446006,97.43598122
People using at least basic sanitation services (% of population),Turkiye,TUR,Europe & Central Asia,86.53613445,86.69598208,87.49077524,88.26961967,89.03290882,89.78012048,90.51211344,91.22863679,91.93026062,92.61661194,93.2882464,93.9452086,94.58795891,95.2154759,95.82869571,96.42791032,97.01359586,97.58599891,98.1456851,98.69298999,99.22494367,99.23698611
People using at least basic sanitation services (% of population),Turkmenistan,TKM,Europe & Central Asia,92.96776111,93.02537718,93.08242988,93.13898456,93.19503985,93.56922229,93.94447418,94.32091391,94.69888897,95.07841263,95.45977417,95.8431334,96.22862121,96.61642601,97.00677719,97.39978904,97.79566095,98.19457574,98.59667622,99.00213593,99.41113764,99.81925605
People using at least basic sanitation services (% of population),Tuvalu,TUV,East Asia & Pacific,80.28566851,80.686647,81.08519545,81.49765829,81.91302554,82.32221151,82.46542266,82.59923518,82.72369804,82.83876057,82.9445482,83.04114842,83.12862549,83.20702277,83.276405,83.33710123,83.38943743,83.43374817,83.47035838,83.49960383,83.52180812,83.53727327
People using at least basic sanitation services (% of population),Uganda,UGA,Sub-Saharan Africa,16.37949469,16.59759525,16.81515423,17.03215325,17.24870081,17.46425256,17.67944339,17.89386036,18.10774213,18.32080736,18.53329425,18.74505095,18.95618233,19.1662859,19.37584644,19.58458775,19.79223848,19.99878,20.20394648,20.40809045,20.61082587,20.81213747
People using at least basic sanitation services (% of population),Ukraine,UKR,Europe & Central Asia,94.27112339,94.43126251,94.59594795,94.76325431,94.98449503,95.20603235,95.42531684,95.64325508,95.85990699,96.07522125,96.2858797,96.49600817,96.70564396,96.91478917,97.12343631,97.27864827,97.4332543,97.58724294,97.73628651,97.74159919,97.74271545,97.74395343
People using at least basic sanitation services (% of population),United Arab Emirates,ARE,Middle East & North Africa,99.16085627,99.15686927,99.15294655,99.14909357,99.1452967,99.14157438,99.13790097,99.13432538,99.13086487,99.12748368,99.12419894,99.12100282,99.1178971,99.11487866,99.11193726,99.10909094,99.10632498,99.10362654,99.10102269,99.09848009,99.09601409,99.09362554
People using at least basic sanitation services (% of population),United Kingdom,GBR,Europe & Central Asia,99.12998917,99.1295453,99.12824741,99.12696637,99.12569631,99.12444839,99.12319858,99.12197203,99.12075586,99.11955554,99.11836773,99.11718711,99.11602158,99.11485732,99.11370295,99.11256082,99.11141789,99.11029503,99.10917638,99.10806003,99.10696467,99.10586943
People using at least basic sanitation services (% of population),United States,USA,North America,99.87272763,99.87244491,99.87216276,99.87188343,99.87160378,99.87132721,99.87105248,99.87077871,99.87050687,99.8702364,99.87053551,99.84800164,99.82590185,99.804241,99.78304512,99.76231863,99.74208073,99.72235399,99.70313022,99.68443506,99.66627362,99.64866781
People using at least basic sanitation services (% of population),Uruguay,URY,Latin America & Caribbean,93.37709533,93.40113222,93.42438276,93.44702213,93.46887858,93.6116302,93.92380547,94.23308183,94.53965967,94.84358662,95.14509931,95.44423722,95.7386108,96.03107824,96.32264034,96.61331711,96.9031515,97.19215139,97.48035569,97.76780017,98.05452885,98.32588186
People using at least basic sanitation services (% of population),Uzbekistan,UZB,Europe & Central Asia,93.37661478,93.53769214,93.69570094,93.85058417,94.00228922,94.15081245,94.29619128,94.43838154,94.57738672,94.71317751,94.84581108,94.97018435,95.08910005,95.20867734,95.32890866,95.44980021,95.57135082,95.69355737,95.81627052,95.93921785,96.06212178,96.18470035
People using at least basic sanitation services (% of population),Vanuatu,VUT,East Asia & Pacific,55.44600068,55.50012233,55.55462826,55.60990563,55.66557481,55.23983659,54.80688875,54.36650167,53.91880342,53.46373538,52.9826268,52.48506501,51.98299094,51.47626431,50.96488692,50.44886522,49.9282986,49.40308353,48.87403984,48.340869,47.80349573,47.26155014
People using at least basic sanitation services (% of population),"Venezuela, RB",VEN,Latin America & Caribbean,86.39915919,86.94445132,87.48974345,88.03503557,88.5803277,89.12561983,89.67091195,90.21620408,90.76149621,91.30678833,91.85208046,92.39737259,92.94266471,93.48795684,94.03324897,94.57854109,95.12383322,95.66912535,96.21441747,96.7597096,96.98606481,97.00235715
People using at least basic sanitation services (% of population),Viet Nam,VNM,East Asia & Pacific,49.95977823,51.87229517,53.77333071,55.66101807,57.5360831,59.52866169,61.51574053,63.49686211,65.47127345,67.43909718,69.40268786,71.35787687,73.30446742,75.24108775,77.16824908,79.08526814,80.99151927,82.88575983,84.76794041,86.6378025,88.49510796,90.33926069
People using at least basic sanitation services (% of population),West Bank and Gaza,PSE,Middle East & North Africa,90.3399117,90.39237984,90.4447659,90.49697966,90.97987475,91.46209045,91.94368563,92.42469604,92.90505393,93.38501943,93.86456903,94.34364373,94.82218224,95.30014476,95.77748097,96.25413364,96.73006035,97.20523254,97.67959074,98.15310988,98.62573717,99.09743989
People using at least basic sanitation services (% of population),"Yemen, Rep.",YEM,Middle East & North Africa,45.23871522,45.54814028,45.86232321,46.51754068,47.16636412,47.62678712,48.07614822,48.51373312,48.93941041,49.35304782,49.75451289,50.14318951,50.51899731,50.88231598,51.23211241,51.56879055,52.09781117,52.61740557,53.12701834,53.62693884,54.11663797,54.59560341
People using at least basic sanitation services (% of population),Zambia,ZMB,Sub-Saharan Africa,19.94496186,20.72096212,21.59960865,22.47368153,23.342723,24.20593232,25.06320274,25.91375447,26.7577326,27.59350999,28.42177534,29.24150528,30.05340882,30.85702846,31.65122183,32.43571045,33.20939417,33.97175718,34.72206919,35.45946715,36.1832543,36.24199885
People using at least basic sanitation services (% of population),Zimbabwe,ZWE,Sub-Saharan Africa,44.51700806,44.63278295,44.82097257,44.86259876,44.88168998,44.25558942,43.63137397,43.00931766,42.38917582,41.77119914,41.15516783,40.54131061,39.92942473,39.3197199,38.71708711,38.12064815,37.52919057,36.94167427,36.35716013,35.77433581,35.19236182,34.60995021
People using safely managed sanitation services (% of population),Albania,ALB,Europe & Central Asia,26.56685911,27.18406666,27.76949586,28.33333373,28.87539967,29.69357088,30.5252627,31.33349315,32.11821439,32.88005795,33.61827883,34.3334885,35.02541081,37.18725842,39.37208037,41.58020892,43.81117086,46.06486439,48.34122723,50.48371744,52.5809494,54.45247979
People using safely managed sanitation services (% of population),Algeria,DZA,Middle East & North Africa,58.85287412,59.19370593,59.52863757,59.85737513,60.17998517,60.49621018,60.80643349,61.11041797,61.40853245,61.69881359,61.98216678,62.25832433,62.31126756,62.3539736,62.38697875,62.4103182,62.42450945,62.42959914,62.42608659,62.41413424,62.39411021,62.36627819
People using safely managed sanitation services (% of population),Andorra,AND,Europe & Central Asia,29.31022224,33.9039315,38.49763999,43.09134807,47.68505722,52.27876401,56.87247617,61.46618463,66.0598935,70.65360226,75.24730639,79.84101737,84.43472324,89.02843539,93.6221424,98.21585227,99.999996,100,99.99999557,99.99999679,99.99999853,100
People using safely managed sanitation services (% of population),Argentina,ARG,Latin America & Caribbean,44.71335129,44.80420677,44.89530865,44.98666865,45.07830639,45.170209,45.26239014,45.35482673,45.44753683,45.54049487,45.63370306,45.72690164,45.82018454,45.91216051,46.00447294,46.09707832,46.18996972,46.18996972,46.18996972,46.18996972,46.18996972,46.18996972
People using safely managed sanitation services (% of population),Armenia,ARM,Europe & Central Asia,14.82663171,14.6977704,14.53791089,14.36556277,14.18850521,14.01107303,13.81329318,13.59097228,13.36729595,13.14278912,12.91719992,12.69053567,12.4628016,12.22730694,11.98382988,11.73185815,11.4607401,11.16768343,10.92666949,10.86276563,10.82949733,10.79483261
People using safely managed sanitation services (% of population),Australia,AUS,East Asia & Pacific,93.56211367,93.66469122,93.76726878,93.86984633,93.97242389,94.07500144,94.177579,94.28015655,94.38273411,94.48531166,94.58788922,94.69046677,94.79304433,94.89562188,94.99819944,95.10077699,95.20335455,95.3059321,95.40873094,95.51137462,95.61374619,95.71611777
People using safely managed sanitation services (% of population),Austria,AUT,Europe & Central Asia,99.70664753,99.70460317,99.70255245,99.69886553,99.69494893,99.69105119,99.68717236,99.68329062,99.67942895,99.67558822,99.67175617,99.66793968,99.66637197,99.66591015,99.66544628,99.66495647,99.66446666,99.66395655,99.66535677,99.66685961,99.66847329,99.67017836
People using safely managed sanitation services (% of population),Azerbaijan,AZE,Europe & Central Asia,40.40324439,42.10252032,43.79572231,45.97545802,48.1592773,50.33233564,52.37658205,54.41327532,56.1686287,57.88001698,59.652152,61.48677171,63.38538526,65.34922725,66.89236523,68.37541374,68.45709327,68.59385217,68.78649636,69.03606025,69.03606025,69.03606025
People using safely managed sanitation services (% of population),Bahrain,BHR,Middle East & North Africa,85.93832204,86.25456438,86.57080671,86.88704905,87.20329139,87.49797497,87.77202857,88.04577894,88.31922609,88.59237,88.86521068,89.13774814,89.40998236,89.68191335,89.95243176,90.22132702,90.48992138,90.75821486,91.02620745,91.29389915,91.60551584,91.91713254
People using safely managed sanitation services (% of population),Bangladesh,BGD,South Asia,11.0465157,11.7415265,12.45785625,13.17340431,13.88794175,14.60459034,15.32344548,16.0442555,16.76500767,17.48508201,18.2042186,18.92166074,19.63638733,20.34758401,21.50997925,22.70013176,23.91708286,25.15955384,26.42637731,27.71641782,29.02851262,30.15469977
People using safely managed sanitation services (% of population),Belarus,BLR,Europe & Central Asia,84.62906247,84.70729848,84.78488956,84.86167109,84.1162416,83.32743063,82.54071013,81.75562702,80.97194446,80.18860955,79.41874233,78.65456268,77.89060029,77.12634894,76.36103169,75.59466382,74.82623855,74.95341147,75.08790881,75.2292609,75.0963568,74.88841787
People using safely managed sanitation services (% of population),Belgium,BEL,Europe & Central Asia,68.65743601,68.65751821,68.65760145,68.6576796,69.9457749,71.245617,72.55720805,73.88055148,75.21564483,76.77412681,78.36241578,79.96244272,81.57422657,83.19775458,84.83303904,86.4800687,88.13885873,89.80938583,91.49167089,93.18570796,94.05831866,94.47766612
People using safely managed sanitation services (% of population),Benin,BEN,Sub-Saharan Africa,1.118606076,1.181238669,1.246967756,1.316616275,1.388197079,1.461654988,1.536988722,1.614196997,1.693241973,1.774066892,1.851877405,1.928190673,2.005969998,2.085162211,2.165881228,2.248074029,2.331723822,2.416813736,2.503326937,2.59124574,2.680552453,2.690867812
People using safely managed sanitation services (% of population),Bhutan,BTN,South Asia,37.48026366,37.64748075,38.80658814,39.93750834,41.03913343,42.10562975,43.10679392,44.08688049,45.04544766,45.64195638,46.15060964,46.62716142,47.07137673,47.48363736,47.86442084,48.21419982,48.53354151,48.82310014,49.08346055,49.5105815,50.07394748,50.62325392
People using safely managed sanitation services (% of population),Bosnia and Herzegovina,BIH,Europe & Central Asia,26.06826113,26.13772465,26.20321071,26.26518202,26.32007951,26.37251763,26.42117081,26.46550417,26.50603322,26.54276251,29.22104063,32.11487682,35.05787131,38.04888657,41.09950473,44.28306946,47.58602691,51.01011857,54.55765266,54.55765266,54.55765266,54.55765266
People using safely managed sanitation services (% of population),Brazil,BRA,Latin America & Caribbean,35.74204223,36.16762648,36.58590008,37.00214679,37.41623588,37.82821473,38.2382812,38.64646829,39.05281041,39.45704332,39.85951066,40.26155426,41.15432195,42.06269459,42.98721069,43.9276599,44.88398331,45.85641888,46.84473202,47.84931303,48.70631793,49.55150867
People using safely managed sanitation services (% of population),Bulgaria,BGR,Europe & Central Asia,54.93177694,55.33432143,55.77230509,56.24127258,56.7410508,57.27114793,57.83120975,58.4210111,59.04023504,59.68842583,60.58818085,61.56827468,62.57067651,63.59511354,64.7409691,65.95981005,67.2013432,68.4654163,69.45186756,70.44421014,71.44246643,72.44664845
People using safely managed sanitation services (% of population),Burkina Faso,BFA,Sub-Saharan Africa,3.28080004,3.37261365,3.770681694,4.160923941,4.543442451,4.917497542,5.283181115,5.623115435,5.941994066,6.253269409,6.557050871,6.85324517,7.141679911,7.422278128,7.695031949,7.959788114,8.216471685,8.464844234,8.704925674,8.936718281,9.160081633,9.456731522
People using safely managed sanitation services (% of population),Cambodia,KHM,East Asia & Pacific,5.38756,5.778906262,8.264533638,10.72613974,11.98001832,13.18345839,14.39661156,15.61966493,16.86050559,18.15228019,19.45144022,20.75777896,22.07108644,23.39096909,24.71757963,26.05051318,27.40050911,28.9501806,30.50742057,32.07171108,33.64280891,35.22019658
People using safely managed sanitation services (% of population),Canada,CAN,North America,77.39367655,77.39593401,77.39646425,77.84913557,78.30181696,78.74879268,79.17612123,79.55637703,79.93578766,80.31434727,80.69206525,81.06879647,81.4438505,81.81810282,82.19154489,82.56419215,82.93603795,83.30713815,83.68618288,84.06452268,83.99551868,83.92649315
People using safely managed sanitation services (% of population),Central African Republic,CAF,Sub-Saharan Africa,19.67585924,19.63079303,19.58571614,19.54025688,19.49432379,19.09000602,18.69190497,18.29993296,17.91349317,17.53225613,17.15613603,16.78457404,16.41748316,16.05454423,15.69523378,15.33947093,14.98715788,14.63759228,14.29069694,13.94619235,13.60380647,13.26327363
People using safely managed sanitation services (% of population),Chad,TCD,Sub-Saharan Africa,8.439916944,8.506079887,8.570605142,8.635531897,8.700728003,8.766192673,8.831926387,8.898086163,8.964362295,9.054079676,9.150796989,9.254988549,9.367332982,9.488149735,9.617949774,9.757476873,9.907292532,10.06797278,10.24035517,10.42481069,10.622491,10.83380405
People using safely managed sanitation services (% of population),Chile,CHL,Latin America & Caribbean,66.54896829,66.90661144,67.24930282,67.54523155,69.6129325,71.69609329,73.79541913,75.91038405,78.04147127,80.18813474,82.35032586,84.52857421,86.72229512,88.93173508,91.15687662,93.36422347,94.94148852,95.21671496,95.16858155,95.23560425,95.2628448,95.29202445
People using safely managed sanitation services (% of population),China,CHN,East Asia & Pacific,13.38580957,13.75047714,14.49125858,16.53643861,18.70511962,20.99396121,23.38820352,25.88912686,28.50181402,31.22145924,34.04724487,36.95073611,39.93898541,43.01897279,46.18993109,49.44812032,52.79106242,56.21288738,59.70094598,63.2498395,64.60967809,65.9328271
People using safely managed sanitation services (% of population),Colombia,COL,South Asia,15.3161244,15.46600859,15.61503847,15.76321341,15.91058576,16.05716118,16.20294715,16.3480078,16.49230015,16.63583054,16.77867275,16.92084464,17.06229163,17.20309936,17.34328201,17.48278571,17.62162447,17.75988876,17.89759933,18.03477861,18.17136374,18.30745603
People using safely managed sanitation services (% of population),"Congo, Dem. Rep.",COD,Sub-Saharan Africa,22.01329575,21.55331501,21.09716724,20.64489058,20.19652512,19.75200602,19.31554483,18.88752234,18.46801038,17.99043877,17.51831154,17.05156574,16.59012622,16.13390911,15.68284475,15.23682877,14.79576165,14.35951117,13.927993,13.50105967,13.07858337,13.05840652
People using safely managed sanitation services (% of population),Costa Rica,CRI,Latin America & Caribbean,24.92096503,24.75304003,24.5910209,24.43501279,24.28543499,24.14301449,24.0071825,23.87833317,23.77575628,23.70453557,23.63853661,23.72672267,23.84281944,23.96744413,24.09968623,24.23838276,24.38255277,24.53152629,24.68424661,24.83996617,24.99770377,25.16756667
People using safely managed sanitation services (% of population),Cote d'Ivoire,CIV,Sub-Saharan Africa,9.577645057,9.91848054,10.25864128,10.59800632,10.93668644,11.27750513,11.62128348,11.96791764,12.31730338,12.66913442,13.02351554,13.38034168,13.73941541,14.10063877,14.46391437,14.82988326,15.19820158,15.56877553,15.94142297,16.31588716,16.69198924,16.9701696
People using safely managed sanitation services (% of population),Croatia,HRV,Europe & Central Asia,78.79695263,78.84440873,78.7321558,78.62048832,78.50895974,78.39779093,78.28698905,78.1765462,78.0664726,77.95676042,77.84742005,77.73821142,77.63338797,77.53277728,77.43668569,77.50990868,77.58697194,77.66788413,77.7348087,77.80533413,77.87969577,77.95740716
People using safely managed sanitation services (% of population),Cuba,CUB,Latin America & Caribbean,42.5254351,42.64950756,42.77263175,42.90414597,43.04458831,42.94197242,42.83689007,42.72934621,42.61933755,42.50703234,42.39228508,42.27509156,42.15546557,42.04102188,41.92638323,41.80942136,41.6904712,41.56710075,41.43922007,41.30692193,41.16995138,41.02822237
People using safely managed sanitation services (% of population),Cyprus,CYP,Europe & Central Asia,76.26209086,76.30140259,76.27703492,76.16305894,76.09144178,76.12927882,76.16880617,76.209106,76.25017269,76.29170297,76.33400342,76.37677467,76.42033175,76.47086263,76.52732248,76.59044097,76.65975408,76.73511165,76.81605602,76.81464948,76.81915795,76.82902186
People using safely managed sanitation services (% of population),Czechia,CZE,Europe & Central Asia,85.7871789,85.80844015,85.83224816,85.85688217,85.88234462,85.90862912,85.93574107,85.96368075,85.99244763,86.02204325,86.05245951,86.0837072,86.39683725,86.72320319,87.05015686,87.37754571,87.70576795,88.03480853,88.36443328,88.69487816,89.02614335,89.358226
People using safely managed sanitation services (% of population),Denmark,DNK,Europe & Central Asia,94.47190186,94.47190199,94.47190224,94.4718989,94.47189953,94.47189715,94.47190208,94.47190081,94.83889835,95.20348667,95.56568658,95.92549242,96.28290179,96.63793231,96.99058357,97.34086561,97.68877256,98.03433163,98.37754339,98.55531132,98.64052239,98.72269843
People using safely managed sanitation services (% of population),Djibouti,DJI,Sub-Saharan Africa,26.46729272,26.47663423,26.48597903,26.495321,26.50466451,27.38009108,28.25318499,29.12373284,29.9917282,30.85694691,31.72178016,32.58628985,33.45031437,34.314131,35.17733799,36.04065919,36.90345797,37.76599798,38.62831214,39.49043333,39.52545177,39.56237659
People using safely managed sanitation services (% of population),Dominican Republic,DOM,Latin America & Caribbean,52.48764147,52.73251198,52.28934273,51.80904155,51.31629598,50.82811546,50.34395206,49.86385315,49.38760588,48.91560707,48.44709254,47.98947536,47.53932516,47.09122684,46.64486314,46.20000221,45.75655038,45.31451901,44.87463776,44.43658678,44.00007752,43.564698
People using safely managed sanitation services (% of population),Ecuador,ECU,North America,39.98256888,40.02177386,40.06109533,40.10226237,40.13879999,40.30218908,40.46011546,40.61233652,40.75904665,40.90024139,41.03576384,41.1712002,41.30588679,41.43610255,41.56202013,41.68323085,41.80011322,41.91244598,41.95504039,41.90062098,41.85847936,41.80453622
People using safely managed sanitation services (% of population),"Egypt, Arab Rep.",EGY,Middle East & North Africa,54.0308385,54.01322661,53.99485141,53.97572011,54.72310464,55.47312014,56.22575695,56.97434862,57.7220636,58.47324582,59.22758824,59.98539287,60.74175897,61.50195168,62.26571338,63.03318025,63.80446863,64.58227693,65.40682689,66.27777676,67.15455335,67.16212676
People using safely managed sanitation services (% of population),Estonia,EST,Europe & Central Asia,91.67023648,91.54686382,91.42044881,91.25463324,91.17013777,91.08430611,90.99700983,90.90836199,90.81836027,90.72700832,90.63414281,90.53990887,90.46795678,90.42112588,90.37630535,90.38787664,90.40167601,90.41913566,90.44082301,90.41253546,90.41972501,90.41784558
People using safely managed sanitation services (% of population),Ethiopia,ETH,Sub-Saharan Africa,2.156488012,2.395848041,2.628726998,2.861280973,3.103260691,3.341985547,3.577615918,3.811943009,4.063623898,4.312991337,4.560500311,4.806023328,5.049910228,5.289333073,5.527120513,5.763271672,5.998034004,6.231285797,6.463534141,6.694920206,6.925457877,7.155423069
People using safely managed sanitation services (% of population),Fiji,FJI,East Asia & Pacific,42.90670636,42.89801374,42.88932014,43.44612011,43.99711888,44.54242738,44.95070302,45.35010113,45.73430845,46.10664564,46.46844165,46.81991162,47.16094595,47.49198906,47.81283661,48.12354695,48.42430081,48.71530896,48.99653559,49.26848547,49.23889047,49.01606195
People using safely managed sanitation services (% of population),Finland,FIN,Europe & Central Asia,86.4821561,86.6425246,86.80289736,86.96327093,87.1236432,87.28401523,87.44438729,87.6047605,87.76513118,87.92550426,88.08586328,88.24621134,88.40656114,88.56692344,88.72730092,88.88767769,89.04805335,89.20843279,89.36880758,89.52918523,89.6895605,89.84993647
People using safely managed sanitation services (% of population),France,FRA,Europe & Central Asia,88.83074724,88.84921253,88.86768044,88.86521012,88.86271849,88.8602116,88.85768114,88.855134,88.85255473,88.84994611,88.84730288,88.84463593,88.92142816,88.99778805,89.07370474,89.14918953,89.22423343,89.29884823,89.37302264,89.44676597,89.52006947,89.59294208
People using safely managed sanitation services (% of population),"Gambia, The",GMB,Sub-Saharan Africa,43.24257143,42.03636716,40.85318544,39.73582854,38.6702261,38.07739256,37.48987247,36.90669656,36.32675052,35.74966268,35.1739575,34.5988711,34.02318945,33.44625874,32.86691207,32.28393099,31.69605338,31.10193677,30.50027676,29.88976609,29.26912645,28.63398761
People using safely managed sanitation services (% of population),Georgia,GEO,Europe & Central Asia,42.61428771,41.97259573,41.18489184,40.28627274,39.42350219,38.55876559,37.69178267,36.82251242,35.95117575,35.07774063,34.20192346,33.32394296,32.44350876,31.56110374,30.64744559,29.72985406,28.80594798,27.87642082,26.94067167,25.99887176,25.11742826,24.55250751
People using safely managed sanitation services (% of population),Germany,DEU,Europe & Central Asia,95.8785061,95.8928321,95.90708697,95.92127588,95.99020147,96.0590866,96.12785145,96.19663965,96.26531081,96.3339416,96.40251877,96.47105059,96.52664924,96.58224717,96.63785022,96.69344873,96.75004296,96.80755534,96.86606746,96.87059608,96.87604719,96.88248912
People using safely managed sanitation services (% of population),Ghana,GHA,Sub-Saharan Africa,3.608627254,3.666580255,4.216002714,4.772145127,5.334495986,5.901997445,6.473386979,7.048960984,7.62818445,8.210456193,8.795341642,9.382249122,9.970652932,10.56003701,11.14993143,11.73986952,12.32939327,12.91806222,13.50544621,14.09114719,14.67473769,15.25584969
People using safely managed sanitation services (% of population),Greece,GRC,Europe & Central Asia,77.10524032,77.76414206,78.48019183,79.19377495,79.90549893,80.61449449,81.32106779,82.02555279,82.72793483,83.42767572,84.12507339,84.82044479,85.51407377,86.20541069,86.8944833,87.63944249,88.38519335,89.12828448,89.86902291,90.60715436,91.34297775,92.07623505
People using safely managed sanitation services (% of population),Guinea-Bissau,GNB,Sub-Saharan Africa,3.013406089,3.013406089,3.013406089,3.013406089,3.013406089,3.645373997,4.318730635,4.999692581,5.688431706,6.384885086,7.089472184,7.802133702,8.523057795,9.252264363,9.989944754,10.7362113,11.49108068,12.25465824,13.02715225,13.80857404,14.59903449,15.39864393
People using safely managed sanitation services (% of population),Guyana,GUY,Latin America & Caribbean,55.39887257,54.86226115,54.32549267,53.80916472,53.34479369,52.87839318,52.40981869,51.93925907,51.46672901,50.99209304,50.51553078,50.03706075,49.52107276,49.0040786,48.48397177,47.96097199,47.43498213,46.90592237,46.37427887,45.83967546,45.30231292,44.76224342
People using safely managed sanitation services (% of population),Honduras,HND,Latin America & Caribbean,43.53373763,44.17157126,44.78167667,45.37677519,45.95778249,46.45062821,46.92750534,47.38879794,47.83445118,48.26509215,48.6803282,49.08084326,49.46618636,49.83731135,50.19373574,50.53676496,50.86615013,51.18234901,51.48583681,51.77686166,52.05567725,52.32280007
People using safely managed sanitation services (% of population),Hungary,HUN,Europe & Central Asia,65.70400966,65.42653197,65.15981543,64.89433763,66.17101935,67.49288371,68.86080132,70.27146686,71.72431988,73.21874178,74.74922618,76.31959578,77.9180968,79.55040107,81.22006659,82.92682726,84.67584128,86.90456961,87.72220555,87.75110253,87.78048871,87.81036836
People using safely managed sanitation services (% of population),India,IND,South Asia,6.096392313,7.399400388,8.782426344,10.17746712,12.56089644,14.66108933,16.76951846,18.96300541,21.16935265,23.38820895,25.6195429,27.86325391,30.11935259,32.38714535,34.66598361,36.95517413,39.25401861,41.47564339,43.62501301,45.76642277,47.89959768,50.0241473
People using safely managed sanitation services (% of population),Iraq,IRQ,Middle East & North Africa,25.58180807,26.6047625,27.62642577,28.64679795,29.66588064,30.29749605,30.98201364,31.72096814,32.51588991,33.36828847,34.28117496,35.25596339,36.29309632,37.98840268,39.78301754,41.67486863,43.66218918,45.75364688,47.81015295,49.60935983,51.36632589,52.06429048
People using safely managed sanitation services (% of population),Ireland,IRL,Europe & Central Asia,54.76891546,56.12406663,57.49083996,58.86328601,60.24505017,61.63633018,63.16876695,64.72233746,66.29249347,67.87916721,69.48232494,71.10193427,72.73797359,74.36132447,76.00192163,77.65962646,79.00954903,79.11169769,79.21711956,79.40341377,79.59272692,79.78487725
People using safely managed sanitation services (% of population),Israel,ISR,Europe & Central Asia,80.20514923,80.90917618,81.61574767,82.32489234,83.03660077,83.75085624,84.46767587,85.18704695,85.90898597,86.63348546,87.36059247,88.08823831,88.81710949,89.54865576,90.28285244,91.01971658,91.75924657,92.50146871,93.24636669,93.99392709,94.74420262,95.49714847
People using safely managed sanitation services (% of population),Italy,ITA,Europe & Central Asia,78.92176247,78.92256695,78.92389948,78.92548466,78.93066501,78.93583176,78.94099677,78.94616567,78.95133091,78.95648853,78.96165465,78.96681241,78.97360851,78.98113449,78.98864247,78.99614452,79.00361045,79.01106046,79.01498718,79.01896124,79.02300008,79.02709572
People using safely managed sanitation services (% of population),Japan,JPN,East Asia & Pacific,96.40438015,96.55231088,96.69402563,96.83195832,96.96610918,97.09647845,97.22306637,97.39781231,97.56734709,97.73165676,97.89072739,98.04454503,98.19309575,98.33636559,98.47434064,98.60700694,98.73435056,98.85635757,98.92199212,98.97932133,99.03489024,99.08870348
People using safely managed sanitation services (% of population),Jordan,JOR,Middle East & North Africa,75.99202982,75.97030347,75.98596564,75.98938632,76.00247109,76.52462414,77.17946868,77.79234692,78.36580832,78.92006868,79.43616156,79.91463647,80.35841441,80.76824487,81.1477922,81.3413425,81.5300419,81.71320257,81.89099228,82.06383228,82.23162524,82.28427469
People using safely managed sanitation services (% of population),Kenya,KEN,Sub-Saharan Africa,24.46713474,24.76418419,25.1033108,25.44395881,25.7861728,26.13010157,26.47569279,26.8229975,27.13599783,27.446504,27.75734139,28.06828353,28.37938819,28.69056739,29.00192971,29.3134348,29.62509837,29.93693056,30.24889853,30.56111304,30.87348987,31.18609935
People using safely managed sanitation services (% of population),Kiribati,KIR,East Asia & Pacific,16.99176725,17.72618798,18.41394044,19.10157168,19.7889934,20.23046601,20.70353958,21.19865444,21.52046539,21.82926807,22.12495765,22.40736094,22.67630256,22.93145578,23.1728067,23.40016462,23.61303786,23.8114432,23.99555845,24.16551399,24.32144136,24.46350954
People using safely managed sanitation services (% of population),"Korea, Rep.",KOR,East Asia & Pacific,87.20934082,87.83766326,88.46810417,89.10066357,89.73534144,90.36825467,91.00279449,91.64095781,92.27312053,92.90559382,93.54108611,94.17940135,94.82034349,95.46371647,96.10919383,96.75678088,97.40629704,98.05756174,98.63302604,99.19224118,99.47945398,99.46325555
People using safely managed sanitation services (% of population),Kuwait,KWT,East Asia & Pacific,100,100,100,100,100,100,100,100,100,100,100,100,100,100,100,100,100,100,100,100,100,100
People using safely managed sanitation services (% of population),Kyrgyz Republic,KGZ,Europe & Central Asia,85.11296403,85.22754975,85.63029948,86.03010119,86.426723,86.91096475,87.38566783,87.85230755,88.31665041,88.77857017,89.23541134,89.68702712,90.13326164,90.57432531,91.01007165,91.44047245,91.81082924,91.99251622,92.16984421,92.34318678,92.5146481,92.57593154
People using safely managed sanitation services (% of population),Lao PDR,LAO,East Asia & Pacific,21.74708227,24.39563331,26.7666731,29.11224762,31.43161031,33.66533682,35.78234388,37.87868106,39.954893,42.01011461,44.04469744,46.05858567,48.05186397,50.0239586,51.97527213,53.90567641,55.81526392,57.70380374,59.57137944,61.05862131,61.08141826,61.10436299
People using safely managed sanitation services (% of population),Latvia,LVA,Europe & Central Asia,66.77258586,66.76046964,66.95748439,67.08596902,67.16666235,67.2460762,68.32718034,69.41412387,70.5100269,71.61838677,72.73879986,73.86738073,75.00397929,76.14851512,77.30085075,78.62237355,79.95763681,81.30654755,82.45055784,83.60608396,84.67663885,85.24339855
People using safely managed sanitation services (% of population),Lebanon,LBN,Middle East & North Africa,17.85218076,17.85218076,17.85218076,18.34685738,18.84153401,19.33621063,19.83088725,20.32556387,20.82024049,21.31491711,21.80959374,22.30427036,22.79894698,23.2936236,23.78830022,24.28297685,24.77765347,25.27233009,25.76700671,26.1934116,25.97332942,25.67268022
People using safely managed sanitation services (% of population),Lesotho,LSO,Sub-Saharan Africa,6.956035932,9.24941747,11.53087989,13.75899261,15.96040284,18.12954218,20.27141267,22.38246257,24.46811774,26.52821364,28.56272918,30.57155169,32.55779912,34.52124262,36.46185425,38.37956825,40.27448702,42.14656297,43.99523058,45.8203997,47.62168626,47.56960026
People using safely managed sanitation services (% of population),Libya,LBY,Middle East & North Africa,27.13567135,26.93040401,26.72513668,26.51986935,26.31460202,26.10933469,25.90406736,25.69880003,25.4935327,25.28826537,25.08299804,24.87773071,24.67246338,24.46719605,24.26192871,24.05666138,23.82954805,23.83004447,23.83053967,23.83053967,23.83053967,23.83053967
People using safely managed sanitation services (% of population),Lithuania,LTU,Europe & Central Asia,80.431138,80.81107818,81.18634205,81.56307215,81.94126132,82.3381716,82.75228176,83.1652586,83.57709254,84.02396209,84.46116504,85.51692543,86.60586431,87.7085336,88.83089534,89.95667736,91.08762585,92.22336095,93.23425783,93.75529257,94.27521934,94.79334091
People using safely managed sanitation services (% of population),Luxembourg,LUX,Europe & Central Asia,92.15801483,92.20374449,92.23683607,92.26908643,92.29988524,92.32945051,92.3583056,92.38637369,92.41380742,92.44030029,92.46615001,92.49128289,92.51524531,92.84367654,93.17226767,93.50064123,93.82876317,94.15675602,94.48539825,94.813857,95.14211408,95.47022486
People using safely managed sanitation services (% of population),Madagascar,MDG,Sub-Saharan Africa,3.169428919,3.564404913,3.95967755,4.355391747,4.751172189,5.165354163,5.580290227,5.995960596,6.412517186,6.829710076,7.247689083,7.666431951,8.085974326,8.506291499,8.927479112,9.349450797,9.772301778,10.19600592,10.6205949,11.04597648,11.4723103,11.8994337
People using safely managed sanitation services (% of population),Malawi,MWI,Sub-Saharan Africa,7.831087189,7.839982661,7.847124763,7.854267726,7.861288387,10.06081104,12.25262376,14.43682209,16.61329836,18.78290152,20.94526726,23.10008287,25.24691701,27.38546712,29.51527349,31.63600753,33.74722136,35.84852886,37.93948079,40.01966386,42.08858506,44.14581993
People using safely managed sanitation services (% of population),Malaysia,MYS,South Asia,76.11093251,76.28206248,76.45002986,76.61492806,76.77679375,76.93555024,77.09135063,77.24421299,77.63326945,78.01995624,78.55368981,79.08708173,79.6227308,80.16110926,80.70230737,81.24629895,81.79314846,82.33808317,83.05384957,83.78173019,84.51442175,85.25199083
People using safely managed sanitation services (% of population),Mali,MLI,Sub-Saharan Africa,4.64138399,5.119554723,5.605869124,6.099748615,6.600540946,7.107651133,7.620364194,8.13809118,8.660082444,9.174402239,9.691204218,10.20997647,10.73023636,11.25153014,11.77335791,12.29539766,12.81720315,13.33833116,13.8585726,14.37742417,14.89488796,15.40850196
People using safely managed sanitation services (% of population),Malta,MLT,Europe & Central Asia,99.27739883,99.27729414,99.27720154,99.27710267,98.42315406,97.56920713,96.71530001,95.86141582,95.00752871,94.15364893,93.29976778,92.44588461,91.59200622,90.73812441,89.88425054,89.03036748,88.17649249,88.17647061,88.17644993,88.17642936,88.17640739,88.17638221
People using safely managed sanitation services (% of population),Mexico,MEX,Latin America & Caribbean,17.57639216,17.67974932,17.78080695,19.7140423,21.6811675,23.68182304,25.71567803,27.78236747,29.88163593,32.01309832,34.17649197,36.37178521,38.59857209,40.85675244,43.14612907,45.46631475,47.81727567,50.19861625,52.61023045,55.05193352,57.52353309,60.02472404
People using safely managed sanitation services (% of population),Monaco,MCO,Europe & Central Asia,100,100,100,100,100,100,100,100,100,100,100,100,100,100,100,100,100,100,100,100,100,100
People using safely managed sanitation services (% of population),Mongolia,MNG,East Asia & Pacific,41.86386495,42.59796804,43.30380558,43.9906252,45.35846826,46.72405568,48.08770251,49.447924,50.80387327,52.15311437,53.49656501,54.68727701,55.80358135,56.93123485,58.06993864,59.22008424,60.38136728,61.55351743,62.73961612,63.93906228,65.15120199,65.55783391
People using safely managed sanitation services (% of population),Montenegro,MNE,Europe & Central Asia,23.94932932,23.94932932,23.94932932,23.94932932,23.94932932,23.94932932,23.94932932,26.26775255,28.55996426,30.82600314,33.06549004,35.27822172,37.46407433,39.6229534,41.75480002,43.85955965,45.93708499,47.98737393,50.00739056,51.73088664,53.41509793,55.40114583
People using safely managed sanitation services (% of population),Morocco,MAR,North America,48.73051445,49.27505289,50.12663528,50.99863629,51.78736761,52.33004395,52.8816556,53.43267921,53.98285234,54.53193858,55.08055339,55.62801683,56.17451249,56.71980401,57.26407488,57.8070828,58.34901291,58.8896266,59.42889973,60.06077076,60.70962249,60.89822107
People using safely managed sanitation services (% of population),Myanmar,MMR,South Asia,58.38124032,58.92318081,59.24143853,59.55521911,59.86449156,60.16921681,60.46931202,60.76480684,61.05566683,61.04632319,61.03404166,61.01879759,61.00058771,60.97943077,60.95525086,60.92729824,60.89505769,60.85804909,60.81572255,60.76766634,60.71341824,60.65227978
People using safely managed sanitation services (% of population),Nepal,NPL,South Asia,8.999705823,11.23151982,12.81469698,14.4404105,16.10838152,17.81832583,19.5699551,21.36301044,23.1971366,25.07202248,26.98735175,28.9428133,30.93806258,32.9726639,35.04617821,37.15817451,39.30814737,41.49563433,43.72009741,45.98106838,48.27796638,50.61031363
People using safely managed sanitation services (% of population),Netherlands,NLD,Europe & Central Asia,97.44082162,97.44109421,97.44136389,97.44163003,97.44517375,97.44871372,97.45222842,97.45572699,97.45921573,97.46271539,97.46621374,97.46968771,97.4731565,97.4765938,97.48000953,97.48342123,97.48682673,97.4902357,97.49366228,97.49708182,97.49751709,97.49762416
People using safely managed sanitation services (% of population),New Zealand,NZL,East Asia & Pacific,80.43644737,81.02217641,81.60877479,82.19624187,82.78457703,83.37378371,83.96385548,84.55480097,85.14661006,85.73929568,86.33284203,86.92726407,87.52255072,87.57674154,87.62797981,87.67626582,87.72159983,87.7639802,87.80340271,87.9647337,88.61714811,88.67798075
People using safely managed sanitation services (% of population),Niger,NER,Sub-Saharan Africa,2.822690676,3.123734732,3.416996048,3.710342559,3.967094435,4.215102363,4.459880488,4.701323673,4.939318328,5.174085123,5.405512811,5.633481263,5.858224774,6.079625113,6.299589207,6.518507124,6.736270421,6.953301284,7.169499991,7.385322181,7.600967144,7.87185873
People using safely managed sanitation services (% of population),Nigeria,NGA,Sub-Saharan Africa,20.71900645,20.68867705,21.08541804,21.49617364,21.92151898,22.35931751,22.80993094,23.27375666,23.75119151,24.24260981,24.74838538,25.26865785,25.80358553,26.35325408,26.91777264,27.49724456,28.09160484,28.70101002,29.32538671,29.96467734,30.61886892,31.28784949
People using safely managed sanitation services (% of population),North Macedonia,MKD,Europe & Central Asia,12.90411696,12.91805845,12.93199952,12.94594122,12.95994947,12.92872469,12.89566474,12.8606006,12.82335939,12.7836907,12.74149378,12.69651277,12.64864566,12.59763044,12.54328183,12.48558812,12.42419337,12.35899996,12.20573679,12.19233419,12.20491364,12.21429602
People using safely managed sanitation services (% of population),Norway,NOR,Europe & Central Asia,76.51401716,76.5773714,76.64143029,76.70619939,76.77175639,76.83809332,76.90514096,76.97286189,77.04126091,77.11036981,77.1801798,77.25053033,77.32142648,77.39303612,77.46535464,77.53839667,77.612141,77.68660567,77.76178374,77.83768932,77.91431703,77.99166224
People using safely managed sanitation services (% of population),Paraguay,PRY,Latin America & Caribbean,42.4693919,43.19662848,43.90381072,44.55972938,45.20029685,45.83308073,46.45799498,47.07508551,47.68449142,48.286153,48.88011943,49.46643839,50.04520927,50.61523956,51.17811806,51.73445461,52.28430374,52.82768556,53.36447182,53.87809186,54.38426972,54.73890725
People using safely managed sanitation services (% of population),Peru,PER,Latin America & Caribbean,10.56441843,12.28394472,14.04920501,15.85963605,17.71462309,19.61351785,21.55586677,23.54096864,25.55642961,27.60569308,29.6935124,31.81940949,33.98335459,36.1848397,38.42373401,40.69992856,43.01289159,45.36251205,47.74971102,50.17419394,52.63598805,55.13477551
People using safely managed sanitation services (% of population),Philippines,PHL,East Asia & Pacific,45.4602415,45.82823594,46.1971101,46.56686387,46.93749592,47.309007,47.68139645,48.48587527,49.30083635,50.12629232,50.96098012,51.89074338,52.84696372,53.81010318,54.7801874,55.75702534,56.7406029,57.7295074,58.72308972,59.72091729,60.7224705,61.72721851
People using safely managed sanitation services (% of population),Poland,POL,Europe & Central Asia,86.00573889,86.67991459,87.35037063,88.00185153,88.6737419,89.34965423,90.02968975,90.7136305,91.40151131,92.09349049,92.78948612,93.48949371,94.192961,94.90075903,95.61282314,96.32918416,97.0497366,97.49891152,97.69939148,97.74775818,97.80322804,97.85996537
People using safely managed sanitation services (% of population),Portugal,PRT,Europe & Central Asia,53.61843353,53.75033464,53.87931428,54.00640394,56.01715794,58.10022348,60.25431387,62.47767647,64.76883701,67.12596811,69.54779032,72.03269629,74.57905204,77.18501026,79.8492862,82.57029355,85.34658354,88.17673998,90.83828256,91.31548648,91.7682707,92.19422036
People using safely managed sanitation services (% of population),Puerto Rico,PRI,Latin America & Caribbean,32.5385126,32.53629579,32.53407898,32.53186216,32.52964535,32.52742854,32.52521173,32.52299492,32.5207781,32.51856129,32.51634448,32.51412767,32.51191086,32.50969404,32.50916088,32.50916088,32.50916088,32.50916088,32.50916088,32.50916088,32.50916088,32.50916088
People using safely managed sanitation services (% of population),Qatar,QAT,Middle East & North Africa,87.5672014,87.5672014,87.5672014,87.5672014,87.5672014,87.5672014,87.5672014,87.56720127,87.56720114,88.45631246,89.34542379,90.23453512,91.12364644,92.01275777,92.90186909,93.79098042,94.68009175,95.56920307,96.4583144,97.34742573,98.23653705,99.12564838
People using safely managed sanitation services (% of population),Romania,ROU,Europe & Central Asia,46.91678868,46.91678868,46.89504234,46.93491011,48.06517543,49.24393402,51.16808178,53.13843971,55.17940214,57.29222992,59.47817453,61.73849463,64.04289213,66.41238044,68.86244496,71.40044261,74.02770291,76.74429521,79.55169492,82.11002723,84.51944541,86.97436835
People using safely managed sanitation services (% of population),Russian Federation,RUS,Europe & Central Asia,55.41941586,55.68407597,55.94938168,56.22216134,56.49786576,56.77412057,57.05092493,57.32827325,57.60616952,57.88444949,58.16343483,58.44296645,58.72519096,59.00983564,59.29707822,59.58650005,59.8781241,60.17182392,60.46733594,60.76454507,60.91085209,61.05754116
People using safely managed sanitation services (% of population),Samoa,WSM,East Asia & Pacific,47.93764181,47.93082991,47.94033996,47.95852793,47.97656555,48.20897657,48.44206137,48.67551143,48.83885336,49.00213427,49.1653524,49.1210323,48.56289409,48.00114548,47.43503402,46.86471781,46.29010496,45.71101359,45.12607612,44.5350838,44.00124128,43.46819324
People using safely managed sanitation services (% of population),San Marino,SMR,Europe & Central Asia,90.1925,90.1925,90.1925,90.1925,90.1925,90.1925,90.1925,90.1925,90.1925,90.1925,90.1925,90.1925,90.1925,90.1925,90.1925,90.1925,90.1925,90.1925,90.1925,90.1925,90.1925,90.1925
People using safely managed sanitation services (% of population),Sao Tome and Principe,STP,Sub-Saharan Africa,13.01545628,14.03341207,15.06998353,16.1105675,17.15222798,18.12698767,19.10659575,20.09044343,21.07793648,22.06822036,23.06103933,24.05573327,25.05193653,26.04729069,27.0419505,28.03573621,29.02861835,30.02060529,31.01172909,32.00204842,32.99164918,33.98067227
People using safely managed sanitation services (% of population),Saudi Arabia,SAU,Middle East & North Africa,79.15316237,79.18927219,79.22506639,79.26071121,79.29604223,79.33154306,79.36704158,79.40223463,79.43727487,79.47168886,79.50594748,79.54036625,79.57479198,79.60953879,79.64429051,79.67904472,79.71396721,79.74888795,79.78397588,79.8189117,79.85400445,79.88894798
People using safely managed sanitation services (% of population),Senegal,SEN,Sub-Saharan Africa,16.24665176,16.64394498,17.06026211,17.48363567,17.91044332,18.33507319,18.757517,19.17766331,19.59543717,20.01075422,19.6264226,19.20281988,18.74024218,18.23900135,17.69942009,17.1218138,16.50654013,15.8539841,15.16458494,14.43881276,13.67718118,13.87041536
People using safely managed sanitation services (% of population),Serbia,SRB,Europe & Central Asia,29.21858944,29.1818624,29.1455988,29.10984392,29.0744708,29.02437649,28.87811022,28.72864651,28.57603248,28.42018794,28.261122,28.09201012,27.85814423,27.62136269,27.3803425,27.13514468,26.88562744,26.6307773,26.37171556,26.10841715,25.82419226,25.53470106
People using safely managed sanitation services (% of population),Sierra Leone,SLE,Sub-Saharan Africa,4.967841411,5.12245095,5.277357768,5.43256298,5.798563532,6.183827317,6.587304804,7.004297954,7.434775923,7.876339319,8.330927927,8.798736056,9.279736538,9.77370769,10.28080676,10.80090452,11.43117897,12.06329406,12.68986793,13.33530879,13.99987471,14.68383094
People using safely managed sanitation services (% of population),Singapore,SGP,South Asia,100,100,100,100,100,100,100,100,100,100,100,100,100,100,100,100,100,100,100,100,100,100
People using safely managed sanitation services (% of population),Slovak Republic,SVK,Europe & Central Asia,84.73611229,84.73563461,84.7217162,84.56331367,84.38413808,84.20451155,84.02431446,83.84365386,83.66266549,83.48109727,83.28364167,83.08662026,82.90473221,82.72241827,82.53967868,82.52555675,82.51510291,82.50830373,82.49796933,82.49127471,82.48822325,82.4889278
People using safely managed sanitation services (% of population),Slovenia,SVN,Europe & Central Asia,39.75493174,41.92333014,44.15048961,46.43693824,48.78320408,51.18981524,53.66813806,56.16688657,58.73013935,61.47697644,64.28427863,67.15249813,70.08208947,73.07350954,76.12721758,79.24367516,80.97411447,82.01331306,83.05648429,83.4594664,83.64574254,83.83010134
People using safely managed sanitation services (% of population),Somalia,SOM,Sub-Saharan Africa,15.63945405,16.15182426,16.66339421,17.27970106,17.89507305,18.73471522,19.56878511,19.47767916,20.53167168,21.60144965,22.68708517,23.78602777,24.60296699,25.43063625,26.26924721,27.11873816,27.97903605,28.84957204,29.73025443,30.62027642,31.5195428,32.42749157
People using safely managed sanitation services (% of population),South Africa,ZAF,Sub-Saharan Africa,54.61117738,55.41997928,56.24144246,57.06454034,57.88363419,58.69777648,59.50735764,60.31221787,61.11243079,61.90695248,62.69634014,63.48024899,64.25873887,65.03114572,65.7979116,66.55873802,67.3135147,68.06200736,68.80413432,69.53983468,70.26913561,70.99176796
People using safely managed sanitation services (% of population),Spain,ESP,Europe & Central Asia,90.85410031,90.85399976,90.85740427,90.86075043,90.8641084,90.70633928,90.54736389,90.47266516,90.43694666,90.40105126,90.36499177,90.32877819,90.29241154,90.25590335,90.21890821,90.18123932,90.14346057,90.10017257,90.05554019,90.01077214,89.96585698,89.96563307
People using safely managed sanitation services (% of population),Suriname,SUR,Latin America & Caribbean,29.46502886,29.70744704,29.94854131,30.18857532,30.42741729,30.12066482,29.81153231,29.49834384,29.1809452,28.85917845,28.53333853,28.20326655,27.86896052,27.53041228,27.1851955,26.83321545,26.47466967,26.10961277,25.73796246,25.36005983,25.1806025,25.17132316
People using safely managed sanitation services (% of population),Sweden,SWE,Europe & Central Asia,95.02129311,95.04160172,95.06086372,95.08013849,95.09934207,95.11846697,95.13986161,95.16335698,95.1867739,95.21002977,95.23311443,95.2600219,95.29047036,95.32045324,95.3500555,95.37929709,95.40808372,95.43650692,95.46440101,95.49181092,95.51875109,95.54521956
People using safely managed sanitation services (% of population),Switzerland,CHE,Europe & Central Asia,98.70471783,98.70437693,98.70549092,98.70661328,98.70768573,98.70880683,98.70992808,98.71104248,98.71215996,98.71323488,98.71435392,98.80554858,98.89650651,98.99355088,99.1128296,99.23192223,99.35081461,99.46827251,99.58413247,99.69980947,99.81465728,99.81492445
People using safely managed sanitation services (% of population),Tanzania,TZA,Sub-Saharan Africa,5.773557507,6.9002368,8.033801057,9.189282993,10.29628547,11.40031896,12.51335917,13.62313385,14.72967815,15.68878545,16.63448558,17.49054262,18.31206109,19.12831721,19.9387086,20.74298912,21.54064093,22.33153519,23.11526826,23.89127864,24.9059787,25.01033668
People using safely managed sanitation services (% of population),Thailand,THA,South Asia,19.92458939,20.05492057,20.18838081,20.33723744,20.50081561,20.833067,21.17062848,21.51336362,21.86139547,22.21450217,22.57296308,22.90760135,23.23987711,23.57552461,23.91465398,24.25724568,24.60270606,24.94249394,25.28339602,25.60781562,25.93233739,26.25913123
People using safely managed sanitation services (% of population),Togo,TGO,Sub-Saharan Africa,3.347063831,3.459213648,3.571703396,3.684479978,3.797502322,3.908800412,4.021709796,4.13614225,4.252056148,4.369170549,4.487588392,4.608069578,4.730035905,4.85277429,4.976270178,5.100422567,5.225262068,5.350629318,5.47640058,5.602449696,5.728649128,5.742300416
People using safely managed sanitation services (% of population),Tonga,TON,East Asia & Pacific,34.14567174,34.1437352,34.14186579,34.1399314,34.13799447,34.64358035,35.1487669,35.65245602,36.15467185,36.64876922,37.0447039,36.57258676,36.10865022,35.65163396,35.19696709,34.74441673,34.29409774,33.84600779,33.39822759,32.95074302,32.54002003,32.26281935
People using safely managed sanitation services (% of population),Tunisia,TUN,Middle East & North Africa,54.0940568,54.89357921,55.9225982,57.2564137,58.59539189,59.91450459,61.24735262,62.59289868,63.95135686,65.32252,66.70581089,68.1017818,69.50984911,70.92911928,72.36045656,73.80589123,75.26463816,76.73624658,78.22053762,79.71671472,80.96171191,81.04472719
People using safely managed sanitation services (% of population),Turkiye,TUR,Europe & Central Asia,43.23986731,43.22211615,43.68864833,44.14340808,45.82619881,47.53645548,49.2741978,50.75450977,52.28821445,53.87555266,55.51648311,57.21110009,58.95933426,60.76157562,62.61762844,64.52750029,66.49110635,68.50848398,70.5795281,72.70424284,74.88009858,76.76694462
People using safely managed sanitation services (% of population),Tuvalu,TUV,East Asia & Pacific,41.96668676,42.28838587,42.60723196,42.87640342,43.11535374,43.3476169,43.43783063,43.51950181,43.59268449,43.65811313,43.71560645,43.09503079,42.48818137,41.89565063,41.31929266,40.75868807,40.21339446,39.68295329,39.16660768,38.66391931,38.17434539,37.69727101
People using safely managed sanitation services (% of population),Uganda,UGA,Sub-Saharan Africa,14.12801968,14.30369032,14.47825477,14.65169276,14.8240523,14.99502466,15.16494689,15.33358326,15.50677301,15.67884169,15.8499127,16.01989907,16.18885134,16.3565504,16.52253723,16.68738397,16.8509431,17.01320061,17.17401364,17.33356214,17.49164136,17.64824021
People using safely managed sanitation services (% of population),Ukraine,UKR,Europe & Central Asia,42.33083271,42.43030898,42.89642655,43.35459685,43.83219057,44.30547164,44.78091985,45.25625984,45.73130646,48.54514163,51.35829504,54.15550249,56.93655455,59.672976,62.33573405,64.73988916,67.15046869,69.56755354,71.98588907,71.97734038,71.96381949,71.94890083
People using safely managed sanitation services (% of population),United Arab Emirates,ARE,Middle East & North Africa,98.4404331,98.44016625,98.43990153,98.43964435,98.43939009,98.43913927,98.438893,98.43864697,98.43841825,98.43818897,98.43796741,98.44030302,98.44264098,98.44498691,98.44733941,98.44969883,98.4520681,98.45443442,98.4568159,98.45919696,98.46158408,98.46326774
People using safely managed sanitation services (% of population),United Kingdom,GBR,Europe & Central Asia,97.73613569,97.7415036,97.75740885,97.77309825,97.7886825,97.80405643,97.81931215,97.84523561,97.8710579,97.8966689,97.92212284,97.94741467,97.97266823,97.99297115,98.00711777,98.0211602,98.03514391,98.04897324,98.06269027,98.0763514,98.08985901,98.10325025
People using safely managed sanitation services (% of population),United States,USA,North America,96.49619073,96.55744513,96.61879809,96.68024336,96.74177053,96.80340237,96.86511672,96.92691877,96.98880881,97.0507855,97.10589355,97.1391349,97.1732887,97.20835072,97.24435119,97.21700649,97.19027189,97.16416251,97.13868042,97.11384069,97.08965754,97.06614582
People using safely managed sanitation services (% of population),Uzbekistan,UZB,Europe & Central Asia,74.16726503,74.16790224,74.15045302,74.12573913,74.09751477,74.07087936,74.04085239,74.00759515,73.97111187,73.93158039,73.8886424,73.89720352,73.96092903,74.02532384,74.09038317,74.15611012,74.22250462,74.2895636,74.35135627,74.40781177,74.45844281,74.50296521
People using safely managed sanitation services (% of population),"Venezuela, RB",VEN,Latin America & Caribbean,25.88172492,25.76835436,25.6549838,25.54161324,25.42824268,25.31487212,25.20150156,25.088131,24.97476044,24.95567723,25.06388665,25.20174433,25.37192156,25.54209879,25.71227602,25.88245325,26.05263048,26.22280771,26.39298494,26.56316217,26.53166762,26.36734506
People using safely managed sanitation services (% of population),Viet Nam,VNM,East Asia & Pacific,31.72399241,33.07224798,33.57521235,34.07125929,34.56046742,35.11983696,35.67406821,36.222939,36.7661758,37.30365337,37.83549553,38.36088283,38.8796269,39.39143216,39.89617706,40.39362192,40.88355673,41.36584109,41.84035935,42.30698609,42.76560596,43.21620918
People using safely managed sanitation services (% of population),West Bank and Gaza,PSE,Middle East & North Africa,43.8223909,43.92939534,44.03625202,44.14212361,44.43736927,44.78585182,45.66236046,47.1356473,48.61572701,50.10545925,51.60485225,53.11318615,54.6300963,56.15521781,57.68817685,59.22830383,60.77524757,62.32891727,63.88841227,65.45387515,67.02422299,68.59957469
People using safely managed sanitation services (% of population),"Yemen, Rep.",YEM,Middle East & North Africa,24.77158786,24.89067583,25.01154507,24.62637461,24.10349831,23.48498619,22.86441983,22.24149403,21.61612012,20.98821184,20.35768482,19.72430671,19.08802834,18.44893628,17.80670063,17.43173963,17.72453563,18.01167502,18.29296842,18.56846216,18.83797926,19.10135572
People using safely managed sanitation services (% of population),Zimbabwe,ZWE,Sub-Saharan Africa,27.58742777,27.52948118,27.53793941,27.59090485,27.65548776,27.43583562,27.21707914,26.99905139,26.78188734,26.56541206,26.34976939,27.70012745,28.94123602,30.07467046,31.10169393,32.02672168,32.85381571,33.58660004,33.54426624,32.96148124,32.38123187,31.80243726
People practicing open defecation (% of population),Afghanistan,AFG,South Asia,25.96848455,25.94566841,25.11352812,24.28235895,23.43924011,22.58481209,21.73229803,20.88149929,20.03265846,19.18579097,18.34091422,17.49784583,16.65680995,15.81782216,14.98089846,14.14587789,13.31296318,12.48017389,11.73792466,11.00926853,10.28360481,9.560904058
People practicing open defecation (% of population),Albania,ALB,Europe & Central Asia,0.888852768,0.836397043,0.781898777,0.728191015,0.675280757,0.623198173,0.571934842,0.521500377,0.471902855,0.423169993,0.375274164,0.32823483,0.282042417,0.236762289,0.192352739,0.148796777,0.106063704,0.064126603,0.026230864,0,0,0
People practicing open defecation (% of population),Algeria,DZA,Middle East & North Africa,6.233949014,5.816862814,5.411176611,5.017042007,4.634333907,4.263134058,3.903086277,3.554243661,3.216277936,2.890114056,2.574999387,2.270808214,1.977114621,1.693614729,1.419856787,1.155577751,0.900352443,0.653890725,0.415795121,0.185741475,0,0
People practicing open defecation (% of population),Andorra,AND,Europe & Central Asia,0,0,0,0,0,0,0,0,0,0,0,0,0,0,0,0,0,0,0,0,0,0
People practicing open defecation (% of population),Angola,AGO,Sub-Saharan Africa,42.86651633,41.41483053,39.95439156,38.48664366,37.0111452,35.53137033,34.24672747,32.95844846,31.66557733,30.3701618,29.07073786,27.76785323,26.46206816,25.15397081,23.84309145,22.53427073,21.22659561,19.92073675,18.67839099,18.31929432,17.96832163,17.62439314
People practicing open defecation (% of population),Antigua and Barbuda,ATG,Latin America & Caribbean,0.626717501,0.626717501,0.626717501,0.626717501,0.626717501,0.626717501,0.626717501,0.626717501,0.626717501,0.626717501,0.626154473,0.625635098,0.625463285,0.625292447,0.62512254,0.624952672,0.624803184,0.624674077,0.62456341,0.624473125,0.624402279,0.624350817
People practicing open defecation (% of population),Argentina,ARG,Latin America & Caribbean,1.498576,1.49572,1.47593,1.58302048,1.472948,1.49382,2.050094408,1.98427708,1.918383442,1.852481817,1.786577542,1.721594155,1.657099741,1.592644927,1.528033063,1.63044585,1.736495,1.5863,1.5983,1.9385,1.29356,1.89853
People practicing open defecation (% of population),Armenia,ARM,Europe & Central Asia,0.075707443,0.075540823,0.075452467,0.075393765,0.069702154,0.064025825,0.05836573,0.052721077,0.047092496,0.041479516,0.035882412,0.030301185,0.024735833,0.019181538,0.013632583,0.011358461,0.011156539,0.01094746,0.010731336,0.010710951,0.010683576,0.010649214
People practicing open defecation (% of population),Australia,AUS,East Asia & Pacific,0,0,0,0,0,0,0,0,0,0,0,0,0,0,0,0,0,0,0,0,0,0
People practicing open defecation (% of population),Austria,AUT,Europe & Central Asia,0,0,0,0,0,0,0,0,0,0,0,0,0,0,0,0,0,0,0,0,0,0
People practicing open defecation (% of population),Azerbaijan,AZE,Europe & Central Asia,0.169155949,0.169570309,0.170018709,0.17049836,0.171010681,0.171556788,0.172135427,0.172745632,0.17338937,0.17406564,0.174763179,0.175486504,0.176239299,0.177024733,0.177847103,0.088274497,0.08767608,0.087048411,0.086391507,0.085707318,0.085707318,0.085707318
People practicing open defecation (% of population),"Bahamas, The",BHS,Latin America & Caribbean,1.136466193,1.075581496,1.0146968,0.953812103,0.892927406,0.832042709,0.771158012,0.710273315,0.649388618,0.588503921,0.527619224,0.466734528,0.405849831,0.344965134,0.284080437,0.22319574,0.22319574,0.22319574,0.22319574,0.22319574,0.22319574,0.22319574
People practicing open defecation (% of population),Bahrain,BHR,Middle East & North Africa,0,0,0,0,0,0,0,0,0,0,0,0,0,0,0,0,0,0,0,0,0,0
People practicing open defecation (% of population),Bangladesh,BGD,South Asia,16.85235758,15.86904091,14.87246308,13.88569704,12.90921186,11.9435566,10.98866857,10.04498993,9.112926463,8.192850354,7.284876903,6.389450863,5.50711652,4.638193615,3.78259352,2.940539801,2.111991036,1.297023835,0.495642013,0.013941243,0,0
People practicing open defecation (% of population),Barbados,BRB,Latin America & Caribbean,0.702272727,0.711363636,0.720454545,0.729545455,0.738636364,0.747727273,0.756818182,0.765909091,0.775,0.784090909,0.793181818,0.802272727,0.811363636,0.820454545,0.829545455,0.829545455,0.829545455,0.828895303,0.82469386,0.82469386,0.82469386,0.82469386
People practicing open defecation (% of population),Belarus,BLR,Europe & Central Asia,0,0,0,0,0,0,0,0,0,0,0,0,0,0,0,0,0,0,0,0,0,0
People practicing open defecation (% of population),Belgium,BEL,Europe & Central Asia,0,0,0,0,0,0,0,0,0,0,0,0,0,0,0,0,0,0,0,0,0,0
People practicing open defecation (% of population),Belize,BLZ,Latin America & Caribbean,4.468299729,4.252535619,4.036655017,3.820657878,3.604544576,3.388314359,3.171967774,2.955504944,2.738925396,2.52222932,2.305416933,2.088128558,1.870521009,1.652779532,1.435099808,1.21764914,1.000612645,0.784175766,0.568513296,0.568915261,0.569365336,0.569863505
People practicing open defecation (% of population),Benin,BEN,Sub-Saharan Africa,68.28446871,67.3981925,66.48234562,65.51634196,64.5568316,63.60484397,62.65993296,61.72167713,60.79060872,59.8676648,58.95197322,58.04357122,57.1425203,56.24968532,55.36222847,54.48111397,53.60645866,52.73837685,51.87699787,51.02243269,50.17480758,49.3349376
People practicing open defecation (% of population),Bhutan,BTN,South Asia,9.897073645,9.817619092,9.200051875,8.589195293,7.985317283,7.391477017,6.827650502,6.269195419,5.716229993,5.16900271,4.627517222,4.091879998,3.562669775,3.039870595,2.523411868,2.013187182,1.509105724,1.011061408,0.518924155,0.114486353,0,0
People practicing open defecation (% of population),Bolivia,BOL,Latin America & Caribbean,33.2074842,31.92563502,30.6715344,29.430481,28.19770065,26.97402113,25.75805833,24.55105481,23.35166877,22.16110393,20.97885969,19.8044783,18.63829094,17.5006183,16.38233784,15.2703004,14.16410076,13.06441182,11.96913206,10.87833219,9.792407346,9.107793216
People practicing open defecation (% of population),Bosnia and Herzegovina,BIH,Europe & Central Asia,0.661041379,0.596056436,0.531377464,0.467014522,0.402961579,0.339229121,0.275813674,0.212712234,0.149929783,0.087466334,0.025321888,0,0,0,0,0,0,0,0,0,0,0
People practicing open defecation (% of population),Botswana,BWA,Sub-Saharan Africa,22.90075467,21.84991633,20.95124812,20.08413204,19.22885668,18.38647911,17.55586774,16.3888465,15.2649983,14.18714295,13.15296218,12.16285242,11.35339013,10.59171963,9.852669648,9.136155983,8.441826037,7.769726038,7.121256756,6.495436442,5.891648735,5.309223577
People practicing open defecation (% of population),Brazil,BRA,Latin America & Caribbean,8.910025775,8.367750012,7.845655653,7.33410608,6.833189091,6.34268463,5.862148373,5.391408272,4.930287484,4.478986427,4.036900226,3.602450539,3.177130993,2.761021317,2.353523116,1.954703722,1.564429071,1.182369733,0.808418619,0.521852707,0.304128182,0.094448477
People practicing open defecation (% of population),Brunei Darussalam,BRN,East Asia & Pacific,2.58664,3.39576,3.28475,3.19575,3.185,3.12,3.12,3.12,3.12,3.12,2.86,2.6,2.34,2.08,1.82,1.56,1.3,1.04,0.78,0.52,0.26,0
People practicing open defecation (% of population),Bulgaria,BGR,Europe & Central Asia,0,0,0,0,0,0,0,0,0,0,0,0,0,0,0,0,0,0,0,0,0,0
People practicing open defecation (% of population),Burkina Faso,BFA,Sub-Saharan Africa,73.97530949,73.42936155,71.241145,69.06348175,66.89524225,64.74051746,62.5982178,60.58270828,58.66909463,56.77011863,54.88489701,53.0139188,51.15824646,49.31830607,47.49397445,45.68626709,43.89560947,42.12392887,40.37100761,38.63670543,36.92228527,35.22758501
People practicing open defecation (% of population),Burundi,BDI,Sub-Saharan Africa,2.92436705,2.84954889,2.774525329,2.699300713,2.623870417,2.548229065,2.472360186,2.396269754,2.319928109,2.243366108,2.166527905,2.089418793,2.012045268,1.934359634,1.85639572,1.778118078,1.699518706,1.620589595,1.54132286,1.461710419,1.456252945,1.450667925
People practicing open defecation (% of population),Cabo Verde,CPV,Sub-Saharan Africa,51.1227361,48.86952335,46.63675602,44.42544356,42.23477295,40.06596443,37.91787231,35.79128877,33.68514473,31.60097909,29.54058382,27.5755638,25.62278159,23.68239844,21.75430548,19.83839974,17.93515114,16.04453396,14.16612833,12.30004087,10.44569607,8.603019033
People practicing open defecation (% of population),Cambodia,KHM,East Asia & Pacific,87.45093022,83.97971071,80.51342758,77.05207979,73.59510113,70.14255364,66.6950299,63.25202684,59.79585358,56.25417572,52.72545162,49.20999957,45.70813197,42.22054224,38.74677529,35.28754497,31.84316727,28.41424796,24.99942499,21.59958334,18.2150626,15.00306327
People practicing open defecation (% of population),Cameroon,CMR,Sub-Saharan Africa,8.539538374,8.31422041,8.091515157,7.871565958,7.654253613,7.439964935,7.228449855,7.019715784,6.813769059,6.610731161,6.410490801,6.213164926,6.01875333,5.827361016,5.638979774,5.453603432,5.271225081,5.092027051,4.915802362,4.742724959,4.572684323,4.405838225
People practicing open defecation (% of population),Canada,CAN,North America,0,0,0,0,0,0,0,0,0,0,0,0,0,0,0,0,0,0,0,0,0,0
People practicing open defecation (% of population),Central African Republic,CAF,Sub-Saharan Africa,22.66508927,22.8377356,23.00990791,23.18190635,23.35373119,23.51901732,23.67769752,23.82939851,23.97435996,24.11251129,24.24347864,24.36750294,24.48420436,24.59351426,24.69567418,24.79030336,24.87701935,24.95637813,25.02799599,25.09180399,25.14773232,25.19570959
People practicing open defecation (% of population),Chad,TCD,Sub-Saharan Africa,71.37047757,71.00311545,70.63659132,70.26956419,69.90270946,69.53602692,69.16951261,68.80250914,68.43634085,68.07034554,67.69279922,67.30385383,66.90299718,66.49101735,66.06805777,65.63361976,65.18785575,64.73090293,64.26228425,63.78278551,63.29129528,62.78860601
People practicing open defecation (% of population),Chile,CHL,Latin America & Caribbean,2.299664806,2.174354886,2.049619779,1.927071513,1.804515188,1.681986336,1.559449354,1.436927946,1.314398602,1.191884653,1.069385965,0.946879421,0.824388136,0.701900515,0.579416558,0.456830564,0.333480549,0,0,0,0,0
People practicing open defecation (% of population),China,CHN,East Asia & Pacific,2.530951797,2.486170761,2.321865679,2.161918288,2.00649762,1.855904756,1.711349382,1.572070085,1.437551265,1.308018001,1.183396183,1.064909997,0.951729806,0.843322079,0.739603207,0.640593908,0.546266161,0.456640252,0.371749877,0.291428436,0.215474035,0.143684927
People practicing open defecation (% of population),Colombia,COL,South Asia,8.364190118,8.025164659,7.693063604,7.367803867,7.049523998,6.738118578,6.433480944,6.13570754,5.8444748,5.559676647,5.281389116,5.009484889,4.743667352,4.483992679,4.230332436,3.982412853,3.740129599,3.50350614,3.27241526,3.046731477,2.826214889,2.610863573
People practicing open defecation (% of population),Comoros,COM,Sub-Saharan Africa,0.66289775,0.657883747,0.652870407,0.647858528,0.642846463,0.637821495,0.632783198,0.627731268,0.622666195,0.617586774,0.61249175,0.60738257,0.602258011,0.597116758,0.59196026,0.591839378,0.591702905,0.591551802,0.591386004,0.591386004,0.591386004,0.591386004
People practicing open defecation (% of population),"Congo, Dem. Rep.",COD,Sub-Saharan Africa,10.45708725,10.55699395,10.65522218,10.7517586,10.84659237,10.93919612,11.02928147,11.11680926,11.20200815,11.28457901,11.36475738,11.44223728,11.51725867,11.5897931,11.65966769,11.72699319,11.79173844,11.85402064,11.91366682,11.97079688,12.02538383,11.93615586
People practicing open defecation (% of population),"Congo, Rep.",COG,Sub-Saharan Africa,8.237054022,8.176407275,8.246894577,8.312875869,8.374381797,8.431444799,8.484094986,8.532201232,8.575443564,8.613805227,8.647093968,8.675644983,8.699268889,8.717951944,8.731874679,8.741039368,8.745446295,8.745093676,8.646986801,8.548880681,8.450988949,8.353527788
People practicing open defecation (% of population),Costa Rica,CRI,Latin America & Caribbean,0.769481294,0.731967436,0.695218522,0.659229351,0.62400502,0.589558615,0.555856696,0.522898566,0.49066161,0.459164314,0.428354295,0.398233443,0.368872625,0.340231676,0.312267322,0.284931351,0.258181195,0.23198124,0.206289177,0.181069639,0.156284783,0.131904188
People practicing open defecation (% of population),Cote d'Ivoire,CIV,Sub-Saharan Africa,36.68742285,35.89974266,35.11957689,34.34750088,33.58304656,32.82773415,32.08058396,31.34162262,30.61088531,29.88929054,29.1759365,28.4708592,27.77449923,27.08685803,26.40793703,25.73428601,25.06693014,24.40572457,23.75091917,23.10310205,22.46249391,21.82930903
People practicing open defecation (% of population),Croatia,HRV,Europe & Central Asia,0,0,0,0,0,0,0,0,0,0,0,0,0,0,0,0,0,0,0,0,0,0
People practicing open defecation (% of population),Cuba,CUB,Latin America & Caribbean,1.70601242,1.625239184,1.545246871,1.468096207,1.3934729,1.319167482,1.245148751,1.171416505,1.097970649,1.024833556,0.951979941,0.879409723,0.807122974,0.735853918,0.664899765,0.594037498,0.523294357,0.452528536,0.381800179,0.311176011,0.240706317,0.170451187
People practicing open defecation (% of population),Cyprus,CYP,Europe & Central Asia,0,0,0,0,0,0,0,0,0,0,0,0,0,0,0,0,0,0,0,0,0,0
People practicing open defecation (% of population),Czechia,CZE,Europe & Central Asia,0,0,0,0,0,0,0,0,0,0,0,0,0,0,0,0,0,0,0,0,0,0
People practicing open defecation (% of population),Denmark,DNK,Europe & Central Asia,0,0,0,0,0,0,0,0,0,0,0,0,0,0,0,0,0,0,0,0,0,0
People practicing open defecation (% of population),Djibouti,DJI,Sub-Saharan Africa,19.29301161,19.26379337,19.23457177,19.20534977,19.17613176,19.0031232,18.82961257,18.65622575,18.48297148,18.31047238,18.13182923,17.94708818,17.75691248,17.56071717,17.35978722,17.15229836,16.9401482,16.7227543,16.50015916,16.2723925,16.18210273,16.08689571
People practicing open defecation (% of population),Dominica,DMA,Latin America & Caribbean,16.27560982,15.45218353,14.62875724,13.80533095,12.98190466,12.15847837,11.33505207,10.51162578,9.688199492,8.864773201,8.04134691,7.217920618,6.394494327,5.571068036,5.571068036,5.571068036,5.571068036,5.571068036,5.571068036,5.571068036,5.571068036,5.571068036
People practicing open defecation (% of population),Dominican Republic,DOM,Latin America & Caribbean,5.230018675,5.058579134,4.889884677,4.694866627,4.49265721,4.296453799,4.105871109,3.920977118,3.74164224,3.568203077,3.400098126,3.243067638,3.0944696,2.950146375,2.809875164,2.673493963,2.540943664,2.412251476,2.287973644,2.167875816,2.051730346,1.939232675
People practicing open defecation (% of population),Ecuador,ECU,North America,13.16938183,12.46580565,11.80955142,11.18354567,10.56115622,9.942565422,9.327745868,8.716339762,8.108686288,7.504759691,6.904392655,6.311967089,5.725353339,5.141241343,4.559732072,3.980614194,3.404080469,2.830029956,2.315791343,1.893227131,1.473821227,1.058088218
People practicing open defecation (% of population),"Egypt, Arab Rep.",EGY,Middle East & North Africa,1.781782134,1.681040966,1.580392792,1.47983785,1.379376083,1.279007529,1.178732055,1.078920846,0.979320897,0.87967335,0.779993342,0.680267852,0.580643549,0.480906901,0.381064934,0.281113603,0.181052966,0.080912886,0.042789563,0.024814738,0.006822312,0.00683491
People practicing open defecation (% of population),El Salvador,SLV,Latin America & Caribbean,9.510572547,9.419051287,9.327863107,8.757235633,8.19552452,7.643270956,7.09995604,6.559242185,5.990618413,5.437799405,4.9002909,4.377760045,3.870162405,3.377387843,2.898985489,2.434751956,1.985096321,1.549508123,1.127301483,0.782103873,0.505755409,0.243106626
People practicing open defecation (% of population),Equatorial Guinea,GNQ,Sub-Saharan Africa,10.67990369,10.01383434,9.358391635,8.713917111,8.080384644,7.458110133,6.846821323,6.246547395,5.65713783,5.078556757,4.510490477,3.952703989,3.404912821,2.876913933,2.871056556,2.86526434,2.859591709,2.854071322,2.854071322,2.854071322,2.854071322,2.854071322
People practicing open defecation (% of population),Eritrea,ERI,Sub-Saharan Africa,82.72894016,81.49133373,80.24562771,78.99247408,77.73192795,76.46519218,75.19118507,73.91166438,72.62499819,71.56416774,70.50199941,69.43795534,68.3726092,68.03421014,67.69357863,67.35015535,67.00394546,67.00394546,67.00394546,67.00394546,67.00394546,67.00394546
People practicing open defecation (% of population),Estonia,EST,Europe & Central Asia,0,0,0,0,0,0,0,0,0,0,0,0,0,0,0,0,0,0,0,0,0,0
People practicing open defecation (% of population),Eswatini,SWZ,Sub-Saharan Africa,22.87847163,21.80720024,20.73209794,19.65320643,18.57100051,17.48483148,16.39515853,15.29376165,14.14227485,12.99655317,11.85663837,10.7224514,9.601843893,8.485222339,7.372707163,6.264232915,5.159478662,4.058810812,2.962493144,1.870853579,0.784220789,0.236306953
People practicing open defecation (% of population),Ethiopia,ETH,Sub-Saharan Africa,75.4571099,72.66016565,69.86876046,67.08483793,64.30792411,61.5381398,58.77510909,56.01181724,53.17633134,50.3548185,47.54640418,44.75245703,41.97266965,39.21433213,36.47082184,33.74295637,31.03088426,28.33565583,25.65690083,22.99518906,20.35129516,17.72554037
People practicing open defecation (% of population),Fiji,FJI,East Asia & Pacific,0.511418145,0.50816814,0.50491815,0.477491823,0.450405267,0.423680675,0.397295846,0.371258236,0.345026236,0.319106672,0.29363463,0.268620068,0.244053956,0.219951299,0.196299198,0.173097598,0.150348637,0.128052646,0.106205771,0.084809002,0,0
People practicing open defecation (% of population),Finland,FIN,Europe & Central Asia,0,0,0,0,0,0,0,0,0,0,0,0,0,0,0,0,0,0,0,0,0,0
People practicing open defecation (% of population),France,FRA,Europe & Central Asia,0,0,0,0,0,0,0,0,0,0,0,0,0,0,0,0,0,0,0,0,0,0
People practicing open defecation (% of population),Gabon,GAB,Sub-Saharan Africa,2.186513342,2.169234054,2.153019331,2.137870168,2.123761922,2.110693201,2.098594004,2.08746321,2.077233142,2.067945871,2.059513601,2.051934588,2.045146264,2.039186485,2.034164737,2.030067329,2.026823282,2.024365567,2.022647506,2.021641295,2.021268776,2.021505831
People practicing open defecation (% of population),"Gambia, The",GMB,Sub-Saharan Africa,5.442684053,5.114486188,4.793709331,4.483103114,4.189413463,3.901850659,3.620402284,3.345055368,3.075744571,2.812667031,2.555637232,2.304725206,2.059819632,1.821071718,1.588435239,1.361847955,1.141250782,0.926503818,0.717507367,0.514137298,0.316269705,0.123779995
People practicing open defecation (% of population),Georgia,GEO,Europe & Central Asia,0.91758631,0.922235965,0.868207256,0.808371237,0.749547787,0.691609416,0.634539122,0.578336664,0.523013686,0.4685668,0.414983424,0.362271696,0.310421118,0.25944365,0.209322901,0.160062569,0.111636258,0.064075187,0.017395562,0.002728814,0.002917874,0.003109561
People practicing open defecation (% of population),Germany,DEU,Europe & Central Asia,0,0,0,0,0,0,0,0,0,0,0,0,0,0,0,0,0,0,0,0,0,0
People practicing open defecation (% of population),Ghana,GHA,Sub-Saharan Africa,20.88903757,20.70933295,20.53029914,20.351938,20.17402974,19.9974867,19.82163062,19.6466905,19.47266817,19.30023631,19.12849894,18.95812947,18.78934198,18.62257179,18.45781045,18.2950456,18.13426853,17.97568593,17.81928424,17.66526448,17.51339959,17.36389101
People practicing open defecation (% of population),Greece,GRC,Europe & Central Asia,0.652111962,0.604077281,0.553831648,0.50449465,0.456030128,0.408462589,0.361766322,0.315919847,0.270913313,0.226748831,0.183404948,0.140864727,0.099115489,0.058153864,0.017966652,0,0,0,0,0,0,0
People practicing open defecation (% of population),Grenada,GRD,Latin America & Caribbean,1.873059361,2.001369863,2.129680365,2.257990868,2.38630137,2.514611872,2.642922374,2.771232877,2.899543379,3.027853881,3.156164384,3.284474886,3.412785388,3.54109589,3.54109589,3.54109589,3.54109589,3.54109589,3.54109589,3.54109589,3.54109589,3.54109589
People practicing open defecation (% of population),Guatemala,GTM,Latin America & Caribbean,13.51038962,12.89265841,12.27994812,11.67621876,11.07956779,10.48765795,9.900332804,9.317465045,8.739079002,8.165530086,7.596358575,7.031898362,6.471949803,5.915653228,5.363286275,4.814997191,4.271281711,3.732295286,3.198339196,2.669782229,2.146852948,1.629829375
People practicing open defecation (% of population),Guinea,GIN,Sub-Saharan Africa,28.72702685,27.67311625,26.62611319,25.5857043,24.55230626,23.52596208,22.50639519,21.49398711,20.48877625,19.49080157,18.49984406,17.51623097,16.53999744,15.57118667,14.60983745,13.65348852,12.70269631,11.75801454,10.81999938,9.889345213,8.966315122,8.051616258
People practicing open defecation (% of population),Guinea-Bissau,GNB,Sub-Saharan Africa,36.48334601,35.02208741,33.57253003,32.13574347,30.71133758,29.30026719,27.90131057,26.51540318,25.14222614,23.78258793,22.43514561,21.10074326,19.77918492,18.47091,17.17575451,15.89387606,14.62566046,13.37121366,12.13044255,10.90367975,9.691032587,8.492603814
People practicing open defecation (% of population),Guyana,GUY,Latin America & Caribbean,1.307433142,1.261778153,1.216070796,1.171414748,1.126910558,1.082253118,1.037435219,0.992466502,0.947347773,0.902072843,0.856650353,0.8110812,0.76390028,0.716719433,0.669458767,0.622136358,0.574758609,0.527333342,0.479887372,0.432418868,0.384945159,0.337478754
People practicing open defecation (% of population),Haiti,HTI,Latin America & Caribbean,37.06716152,35.6633284,34.27816549,32.91534286,31.84074818,30.81365983,29.80251451,28.80856701,27.83091203,26.87205796,25.93072418,25.00765106,24.102893,23.21767215,22.3510894,21.5037127,20.6789266,19.87758513,19.09890236,18.34235528,18.13326492,17.92884264
People practicing open defecation (% of population),Honduras,HND,Latin America & Caribbean,18.57196568,17.82914297,17.06003965,16.30004449,15.55133902,14.81513981,14.09052248,13.37795841,12.67724796,11.98898768,11.31258188,10.64857177,9.996417221,9.356755071,8.729072334,8.114046361,7.511284994,6.920825864,6.342664643,5.776664902,5.222691267,4.680684335
People practicing open defecation (% of population),Hungary,HUN,Europe & Central Asia,0,0,0,0,0,0,0,0,0,0,0,0,0,0,0,0,0,0,0,0,0,0
People practicing open defecation (% of population),Iceland,ISL,Europe & Central Asia,0,0,0,0,0,0,0,0,0,0,0,0,0,0,0,0,0,0,0,0,0,0
People practicing open defecation (% of population),India,IND,South Asia,73.32535895,70.41261727,67.4651011,64.53086675,61.60947187,58.7022087,55.80862662,52.92835319,50.06158729,47.20944821,44.37155731,41.54764204,38.73439013,35.9329639,33.14375201,30.36755135,27.60515961,24.80281661,21.98932618,19.21257625,16.47276509,13.76988959
People practicing open defecation (% of population),Indonesia,IDN,South Asia,32.57028679,31.06975356,29.58780365,28.12487513,26.68053186,25.25627889,23.8513657,22.46638227,21.10091435,19.75592749,18.4349798,17.15231782,15.88690931,14.63907712,13.40829904,12.19502238,10.99916958,9.821110118,8.660418739,7.517115663,6.390826164,5.281579583
People practicing open defecation (% of population),"Iran, Islamic Rep.",IRN,Middle East & North Africa,0.537574687,0.527597224,0.517703387,0.507893204,0.498180466,0.488579222,0.479089581,0.470380179,0.462102741,0.453922907,0.445826658,0.437827995,0.430094108,0.422569189,0.415113977,0.407756286,0.400482205,0.400482205,0.400482205,0.400482205,0.400482205,0.400482205
People practicing open defecation (% of population),Iraq,IRQ,Middle East & North Africa,4.722322988,4.423269386,4.125191612,3.82808757,3.531958525,3.236805126,2.94271641,2.649502817,2.357263988,2.066063655,1.771986561,1.478208925,1.187446238,0.899671918,0.614839877,0.332950221,0.053996915,0.019919344,0.014788342,0.009630003,0.004442116,0.004456277
People practicing open defecation (% of population),Ireland,IRL,Europe & Central Asia,0,0,0,0,0,0,0,0,0,0,0,0,0,0,0,0,0,0,0,0,0,0
People practicing open defecation (% of population),Israel,ISR,Europe & Central Asia,0,0,0,0,0,0,0,0,0,0,0,0,0,0,0,0,0,0,0,0,0,0
People practicing open defecation (% of population),Italy,ITA,Europe & Central Asia,0,0,0,0,0,0,0,0,0,0,0,0,0,0,0,0,0,0,0,0,0,0
People practicing open defecation (% of population),Jamaica,JAM,Latin America & Caribbean,0.867425418,0.8612647,0.855638799,0.850312437,0.845193866,0.840304505,0.835629146,0.831176105,0.82693833,0.82292168,0.819122952,0.815541188,0.812173069,0.80904523,0.806185749,0.803621404,0.801380427,0.7994885,0.797967229,0.796356558,0.797579804,0.798859311
People practicing open defecation (% of population),Japan,JPN,East Asia & Pacific,0,0,0,0,0,0,0,0,0,0,0,0,0,0,0,0,0,0,0,0,0,0
People practicing open defecation (% of population),Jordan,JOR,Middle East & North Africa,0.23369166,0.226393603,0.238280324,0.233309358,0.228322223,0.213099416,0.195982369,0.180644207,0.16696056,0.154878437,0.144240752,0.134962681,0.126928563,0.120070633,0.114264142,0.11222563,0.110405721,0.108810586,0.107430173,0.106250869,0.105266928,0.104606922
People practicing open defecation (% of population),Kazakhstan,KAZ,Europe & Central Asia,0.031330214,0.031278119,0.031209568,0.031141068,0.031072628,0.031004241,0.030935906,0.030867629,0.030799403,0.030731237,0.030663832,0.030595775,0.030527772,0.030459821,0.030392638,0.030324796,0.030257012,0.030189988,0.030124887,0.030045636,0.029952938,0.029846793
People practicing open defecation (% of population),Kenya,KEN,Sub-Saharan Africa,18.37884927,17.80468242,17.23315751,16.66435209,16.09834004,15.53553118,14.97564985,14.41877319,13.86497786,13.31463014,12.76749592,12.22297736,11.68135857,11.14252726,10.60689233,10.07447535,9.545431318,9.019912545,8.497974098,7.979971635,7.465865475,6.955909143
People practicing open defecation (% of population),Kiribati,KIR,East Asia & Pacific,42.6923152,42.26545673,41.97388581,41.68207138,41.39028443,41.09879221,40.68378248,40.17379255,39.66388133,39.1548597,38.64646262,38.13869554,37.63155893,37.12611495,36.62157082,36.11819017,35.61989532,35.1277056,34.64105578,34.1599147,33.68476336,33.21530348
People practicing open defecation (% of population),"Korea, Dem. People's Rep.",PRK,East Asia & Pacific,0,0,0,0,0,0,0,0,0,0,0,0,0,0,0,0,0,0,0,0,0,0
People practicing open defecation (% of population),"Korea, Rep.",KOR,East Asia & Pacific,0,0,0,0,0,0,0,0,0,0,0,0,0,0,0,0,0,0,0,0,0,0
People practicing open defecation (% of population),Kuwait,KWT,East Asia & Pacific,0,0,0,0,0,0,0,0,0,0,0,0,0,0,0,0,0,0,0,0,0,0
People practicing open defecation (% of population),Kyrgyz Republic,KGZ,Europe & Central Asia,0.108195306,0.108192247,0.100987781,0.09378229,0.086578448,0.079373839,0.072170634,0.064966904,0.057763682,0.050561484,0.043368556,0.036176462,0.02897626,0.021758461,0.014514249,0.010127808,0,0,0,0,0,0
People practicing open defecation (% of population),Lao PDR,LAO,East Asia & Pacific,61.56359536,58.86350429,56.17273117,53.4945482,50.82877866,48.26967607,45.90252336,43.54746542,41.20350225,38.87257293,36.55410643,34.24837425,31.95529158,29.67656094,27.41133278,25.160201,22.92309584,20.70117515,18.49459201,16.65691704,16.48997142,16.32199125
People practicing open defecation (% of population),Latvia,LVA,Europe & Central Asia,0,0,0,0,0,0,0,0,0,0,0,0,0,0,0,0,0,0,0,0,0,0
People practicing open defecation (% of population),Lebanon,LBN,Middle East & North Africa,0.067916228,0.067916228,0.067916228,0.071794203,0.075672177,0.079550152,0.083428127,0.087306101,0.091184076,0.095062051,0.098940025,0.102818,0.106695975,0.110573949,0.114451924,0.118329899,0.122207873,0.126085848,0.129963823,0.13369014,0,0
People practicing open defecation (% of population),Lesotho,LSO,Sub-Saharan Africa,47.45895239,45.81743155,44.18602966,42.56566127,40.95592608,39.35896526,37.77395566,36.23830126,34.71380047,33.20183809,31.70163889,30.21386375,28.77685364,27.3504126,25.93439125,24.52870735,23.13406914,21.75037717,20.37650058,19.01307723,17.66012341,16.318467
People practicing open defecation (% of population),Liberia,LBR,Sub-Saharan Africa,54.78346065,53.89977348,53.01691011,52.13581518,51.25602653,50.37801062,49.50176713,48.62683914,47.75369184,46.87737614,45.99797709,45.11513875,44.22983066,43.34125587,42.4503779,41.55684377,40.66073123,39.7629913,38.8628318,37.960771,37.05687952,36.15123417
People practicing open defecation (% of population),Libya,LBY,Middle East & North Africa,0.75,0.75,0.75,0.75,0.75,0.75,0.75,0.75,0.75,0.75,0.75,0.75,0.75,0.75,0.75,0.75,0.749692188,0.748766175,0.747842447,0.747842447,0.747842447,0.747842447
People practicing open defecation (% of population),Lithuania,LTU,Europe & Central Asia,0,0,0,0,0,0,0,0,0,0,0,0,0,0,0,0,0,0,0,0,0,0
People practicing open defecation (% of population),Luxembourg,LUX,Europe & Central Asia,0,0,0,0,0,0,0,0,0,0,0,0,0,0,0,0,0,0,0,0,0,0
People practicing open defecation (% of population),Madagascar,MDG,Sub-Saharan Africa,41.67038659,41.38646577,41.10248576,40.81875477,40.53497619,40.15390344,39.77167134,39.38859886,39.00411486,38.61972125,38.23484502,37.84979086,37.46457848,37.07951382,36.69431466,36.30957882,35.92502301,35.54095064,35.15736339,34.77484796,34.3928336,34.01218092
People practicing open defecation (% of population),Malawi,MWI,Sub-Saharan Africa,14.85517864,14.28881188,13.72346803,13.15901843,12.59560378,12.03310764,11.47165702,10.91114747,10.35169575,9.792175309,9.232795746,8.673683743,8.115142684,7.557240406,7.000350496,6.44450594,5.890127232,5.337282056,4.786231622,4.237273182,3.690591363,3.146489056
People practicing open defecation (% of population),Malaysia,MYS,South Asia,1.605168784,1.484796978,1.367790129,1.254069769,1.143587231,1.036380448,0.932320928,0.831373593,0.733479864,0.638627052,0.546714736,0.459204767,0.374282601,0.367480377,0.360761296,0.35415643,0.347645025,0.347645025,0.347645025,0.347645025,0.347645025,0.347645025
People practicing open defecation (% of population),Maldives,MDV,South Asia,14.85992887,13.57268801,12.31422015,11.08633618,9.890086746,8.727499546,7.627315048,6.62296879,5.630261239,4.649587594,3.680934179,2.724389611,1.780014358,0.847981261,0.006726958,0,0,0,0,0,0,0
People practicing open defecation (% of population),Mali,MLI,Sub-Saharan Africa,19.64835936,18.85201479,18.06391077,17.28472884,16.51429804,15.75383536,15.00259055,14.26153101,13.530335,12.81004836,12.10141654,11.40462887,10.71984487,10.04719378,9.386654356,8.738432367,8.102461275,7.47867351,6.867184679,6.26779889,5.680657492,5.105463076
People practicing open defecation (% of population),Malta,MLT,Europe & Central Asia,0,0,0,0,0,0,0,0,0,0,0,0,0,0,0,0,0,0,0,0,0,0
People practicing open defecation (% of population),Marshall Islands,MHL,East Asia & Pacific,11.75900455,12.68891508,12.52444189,12.36155595,12.20026368,12.04087883,11.75900455,11.48819079,11.22768916,10.97823149,10.7390767,10.51008617,10.29238475,10.08617994,9.89066671,9.70579301,9.531033751,9.366315261,9.210937896,9.065023913,8.927909291,8.799341184
People practicing open defecation (% of population),Mauritania,MRT,Sub-Saharan Africa,54.47684103,53.36723549,52.07430965,50.78106688,49.48754233,48.19540556,46.9041405,45.61377595,44.3238089,43.03747325,41.75264465,40.4698775,39.18971699,37.91374657,36.64614262,35.38789597,34.13997477,32.90126504,31.67324982,30.45532517,29.24843682,28.05198091
People practicing open defecation (% of population),Mauritius,MUS,Sub-Saharan Africa,0.063505719,0.071774629,0.080033034,0.088280296,0.096516421,0.104741015,0.112954901,0.121157353,0.12934901,0.137529333,0.145698609,0.153856839,0.161992183,0.170088507,0.178202177,0.186303857,0.194396863,0.202484317,0.202484317,0.202484317,0.202484317,0.202484317
People practicing open defecation (% of population),Mexico,MEX,Latin America & Caribbean,9.135222594,8.642313764,8.156496382,7.677679563,7.205596176,6.740518068,6.282168603,5.830603316,5.385429345,4.946838327,4.514593411,4.088180436,3.667916796,3.253570393,2.845141671,2.442761633,2.046259134,1.655724935,1.271063253,0.892243801,0.519236599,0.152016608
People practicing open defecation (% of population),"Micronesia, Fed. Sts.",FSM,East Asia & Pacific,9.5,9.5,9.5,9.5,9.5,9.5,9.5,9.5,9.5,9.5,9.5,9.5,9.5,9.5,9.5,9.5,9.5,9.5,9.5,9.5,9.5,9.5
People practicing open defecation (% of population),Moldova,MDA,Europe & Central Asia,3.94E-15,0.009301833,0.018737001,0.028305499,0.038006667,0.047687498,0.057256004,0.066834832,0.076424002,0.086023499,0.095633337,0.105253501,0.114884003,0.124524833,0.134176002,0.134189998,0.134140999,0.134033664,0.133865666,0.133639328,0.133352331,0.133004665
People practicing open defecation (% of population),Monaco,MCO,Europe & Central Asia,0,0,0,0,0,0,0,0,0,0,0,0,0,0,0,0,0,0,0,0,0,0
People practicing open defecation (% of population),Mongolia,MNG,East Asia & Pacific,20.05577432,18.99723245,17.9693799,16.972339,16.00618265,15.07241151,14.16906357,13.29644028,12.45408364,11.64343587,10.86197681,10.27803081,9.795905661,9.315493267,8.837046733,8.360048743,7.884762254,7.411403823,6.936500958,6.460665926,5.984513276,5.508983604
People practicing open defecation (% of population),Montenegro,MNE,Europe & Central Asia,0.142398262,0.158394,0.1867495,0.197436,0.28475,0.30573,0.162398262,0.156024013,0.149679399,0.143368234,0.137087671,0.130836387,0.1246144,0.118420604,0.112255133,0.106118121,0.100010669,0.093931847,0.048481523,0.045135001,0.041845761,0.041410727
People practicing open defecation (% of population),Morocco,MAR,North America,22.91714142,21.96102734,20.989308,20.00209721,18.91634007,17.5275421,16.15043666,14.80154471,13.48108323,12.18916889,10.92486354,9.688811551,8.480604704,7.300261852,6.147422236,5.022056195,3.923851066,2.852730241,1.808473708,0.790882178,0,0
People practicing open defecation (% of population),Mozambique,MOZ,Sub-Saharan Africa,58.52215239,56.76404086,55.00954872,53.25916521,51.51244703,49.76985723,48.03056167,46.29584672,44.45311463,42.61039203,40.77676397,38.95315339,37.13969633,35.33652985,33.54378944,31.7616129,29.99013425,28.22978776,26.48038851,24.74127945,23.01295235,21.29512553
People practicing open defecation (% of population),Myanmar,MMR,South Asia,10.11187229,9.952947518,9.794567037,9.636615386,9.479099074,9.322021518,9.165497423,9.00941748,8.853787126,8.698716014,8.543996033,8.389841067,8.236150275,8.083027792,7.930276362,7.776647882,7.622113156,7.4667427,7.310517202,7.153602393,6.996069762,6.837815444
People practicing open defecation (% of population),Namibia,NAM,Sub-Saharan Africa,58.8477314,57.85703969,56.66926331,55.4594627,54.26654158,53.09394116,51.94033434,50.807292,49.69468369,48.60608354,47.53863332,46.49525149,45.46219943,44.45399726,43.47093092,42.51460086,41.59246089,40.70565347,39.85349697,39.03531237,38.2511755,37.50032774
People practicing open defecation (% of population),Nauru,NRU,East Asia & Pacific,1.118132395,1.204486272,1.290840148,1.377194024,1.463547901,1.549901777,1.636255654,1.72260953,1.808963406,1.895317283,1.981671159,2.068025035,2.154378912,2.240732788,2.327086665,2.413440541,2.499794417,2.586148294,2.586148294,2.586148294,2.586148294,2.586148294
People practicing open defecation (% of population),Nepal,NPL,South Asia,69.20392238,65.95775569,62.87297759,59.80040206,56.74039861,53.6933424,50.65961654,47.6391952,44.63290274,41.6411127,38.66420013,35.70224907,32.75462414,29.82281825,26.90669172,24.00739071,21.12517221,18.26093423,15.41523286,12.58891555,9.782587708,6.997045507
People practicing open defecation (% of population),Netherlands,NLD,Europe & Central Asia,0,0,0,0,0,0,0,0,0,0,0,0,0,0,0,0,0,0,0,0,0,0
People practicing open defecation (% of population),New Zealand,NZL,East Asia & Pacific,0,0,0,0,0,0,0,0,0,0,0,0,0,0,0,0,0,0,0,0,0,0
People practicing open defecation (% of population),Nicaragua,NIC,Latin America & Caribbean,15.74699244,15.18056386,14.61685733,14.05561271,13.49682596,12.93960512,12.37543657,11.81472739,11.25705367,10.70282175,10.15182533,9.604063795,9.059536982,8.518246026,7.98033833,7.445650135,6.914179991,6.886433061,6.856827101,6.825229358,6.791772729,6.791772729
People practicing open defecation (% of population),Niger,NER,Sub-Saharan Africa,82.98558033,82.13552057,81.34275619,80.54924457,79.75571442,78.96287147,78.16929614,77.37570067,76.58278024,75.78914099,74.99547068,74.20248165,73.40877185,72.61503924,71.81096488,70.99529794,70.16954075,69.33244926,68.48552137,67.62753225,66.75860668,65.87956094
People practicing open defecation (% of population),Nigeria,NGA,Sub-Saharan Africa,24.29809045,24.08884265,23.87283936,23.65017664,23.42095325,23.18547478,22.94349622,22.69495559,22.43978746,22.17872872,21.91114413,21.6394437,21.36368146,21.08433474,20.80147539,20.51517329,20.22616327,19.93409757,19.6395079,19.34272654,19.04385688,18.74324526
People practicing open defecation (% of population),North Macedonia,MKD,Europe & Central Asia,0.399989673,0.402006407,0.404023103,0.406039888,0.408066281,0.392371908,0.376265819,0.359784919,0.342966154,0.325838791,0.308448176,0.290824521,0.273012258,0.25504243,0.236953146,0.218792811,0.200587685,0.182380243,0.1642074,0.146106073,0.128116283,0.110271016
People practicing open defecation (% of population),Norway,NOR,Europe & Central Asia,0,0,0,0,0,0,0,0,0,0,0,0,0,0,0,0,0,0,0,0,0,0
People practicing open defecation (% of population),Oman,OMN,Middle East & North Africa,3.83864,3.816226809,3.818559427,3.820893028,3.783798301,3.716958499,3.230983252,2.760983234,2.306675025,1.867898593,1.444191181,1.017831058,0.611271628,0.24262268,0,0,0,0,0,0,0,0
People practicing open defecation (% of population),Pakistan,PAK,South Asia,36.87375564,35.43574135,34.0035821,32.57823301,31.15928477,29.7471868,28.34155803,26.94244917,25.55025788,24.16498133,22.78631114,21.41429729,20.04899205,18.6909628,17.33967902,15.99518562,14.65753694,13.32697462,12.00071019,10.67940383,9.363922002,8.055137672
People practicing open defecation (% of population),Palau,PLW,East Asia & Pacific,0,0,0,0,0,0,0,0,0,0,0,0,0,0,0,0,0,0,0,0,0,0
People practicing open defecation (% of population),Panama,PAN,Latin America & Caribbean,7.661488154,7.477849782,7.29574043,7.114844867,6.935311019,6.757135093,6.58030926,6.404972428,6.230827558,6.058016017,5.886666971,5.715417297,5.544447444,5.373801881,5.203393331,5.033525012,4.864234009,4.695434179,4.527290064,4.359837229,4.19322889,4.027382784
People practicing open defecation (% of population),Papua New Guinea,PNG,East Asia & Pacific,12.77065419,12.77292124,12.77477451,12.77662905,12.77858616,12.9919439,13.2053825,13.41890265,13.63250519,13.84618926,14.05995643,14.27392336,14.48785529,14.7001408,14.9106831,15.11938929,15.3261616,15.53090543,15.73338983,15.93365015,16.13159216,16.11612029
People practicing open defecation (% of population),Paraguay,PRY,Latin America & Caribbean,0.890613181,0.873282659,0.856161003,0.841169389,0.826657209,0.81224894,0.797951678,0.783764817,0.769681267,0.755707567,0.741843226,0.728087782,0.714434647,0.701079269,0.687890738,0.67479556,0.661787861,0.648878137,0.635998779,0.62316501,0.610376199,0.596907407
People practicing open defecation (% of population),Peru,PER,Latin America & Caribbean,18.72176294,17.85752112,17.00738952,16.17079877,15.34797602,14.53908436,13.74322564,12.96089707,12.23055695,11.52510848,10.82549245,10.13221888,9.444717615,8.763435258,8.088071762,7.418385924,6.754734892,6.096864309,5.443689791,4.795623311,4.15277835,3.515534477
People practicing open defecation (% of population),Philippines,PHL,East Asia & Pacific,11.02854026,11.03758701,10.66714432,10.29606021,9.924333305,9.551963963,9.178952624,8.805298822,8.431003128,8.055988692,7.677079592,7.282153629,6.888663326,6.496547515,6.105932819,5.716699688,5.328910235,4.941827926,4.555550374,4.170319543,3.786328285,3.403769224
People practicing open defecation (% of population),Poland,POL,Europe & Central Asia,0,0,0,0,0,0,0,0,0,0,0,0,0,0,0,0,0,0,0,0,0,0
People practicing open defecation (% of population),Portugal,PRT,Europe & Central Asia,0,0,0,0,0,0,0,0,0,0,0,0,0,0,0,0,0,0,0,0,0,0
People practicing open defecation (% of population),Puerto Rico,PRI,Latin America & Caribbean,0,0,0,0,0,0,0,0,0,0,0,0,0,0,0,0,0,0,0,0,0,0
People practicing open defecation (% of population),Qatar,QAT,Middle East & North Africa,0.06345074,0.06345074,0.06345074,0.06345074,0.06345074,0.06345074,0.06345074,0.063451001,0.063451262,0.063451523,0.063451784,0.063452045,0.063452306,0.063452567,0.063452828,0.063453089,0.06345335,0.063453611,0.063453872,0.063454133,0.063454394,0.063454655
People practicing open defecation (% of population),Romania,ROU,Europe & Central Asia,0,0,0,0,0,0,0,0,0,0,0,0,0,0,0,0,0,0,0,0,0,0
People practicing open defecation (% of population),Russian Federation,RUS,Europe & Central Asia,0,0,0,0,0,0,0,0,0,0,0,0,0,0,0,0,0,0,0,0,0,0
People practicing open defecation (% of population),Rwanda,RWA,Sub-Saharan Africa,4.268824296,4.128636032,3.989164156,3.873985393,3.762277989,3.65057933,3.538865498,3.427185692,3.315514354,3.203831403,3.092179005,2.980535151,2.86888308,2.757257873,2.64540195,2.533354228,2.421195907,2.308953273,2.196682155,2.084448323,1.972295968,1.860280897
People practicing open defecation (% of population),Samoa,WSM,East Asia & Pacific,0.051892517,0.051831993,0.051916464,0.052078081,0.052238365,0.056146052,0.060103771,0.064211527,0.06833348,0.072471666,0.076625846,0.080796745,0.084997201,0.089222441,0.093463469,0.097722163,0.101997257,0.106286107,0.11056846,0.114839366,0.119098837,0.123344493
People practicing open defecation (% of population),San Marino,SMR,Europe & Central Asia,0,0,0,0,0,0,0,0,0,0,0,0,0,0,0,0,0,0,0,0,0,0
People practicing open defecation (% of population),Sao Tome and Principe,STP,Sub-Saharan Africa,70.53941635,69.20041755,67.82702536,66.4492004,65.07283927,63.69918009,62.3277461,60.95868464,59.59213582,58.22885943,56.86838275,55.51114828,54.15699004,52.81076538,51.47166547,50.13981563,48.8150186,47.49709023,46.18584339,44.8810926,43.58265216,42.29018938
People practicing open defecation (% of population),Saudi Arabia,SAU,Middle East & North Africa,0,0,0,0,0,0,0,0,0,0,0,0,0,0,0,0,0,0,0,0,0,0
People practicing open defecation (% of population),Senegal,SEN,Sub-Saharan Africa,24.66629494,23.89786875,23.13269182,22.32263996,21.48190434,20.6494394,19.82466085,19.00791153,18.19922267,17.39888488,16.60639642,15.82205897,15.04613454,14.27840128,13.5188904,12.76602195,12.02026238,11.28149096,10.55035452,9.826935481,9.111658361,8.404625067
People practicing open defecation (% of population),Serbia,SRB,Europe & Central Asia,0.068224557,0.068130285,0.068036009,0.06794216,0.067847465,0.067229169,0.066615708,0.066006685,0.065402895,0.06480393,0.064210159,0.063620846,0.063063556,0.062518431,0.061975451,0.061435254,0.060897224,0.060356608,0.059813998,0.059269976,0.058725138,0.058179826
People practicing open defecation (% of population),Seychelles,SYC,Sub-Saharan Africa,1.004209103,0.994489617,0.98477013,0.975050643,0.965331157,0.95561167,0.945892183,0.936172696,0.92645321,0.916733723,0.907014236,0.89729475,0.887575263,0.877855776,0.868136289,0.858416803,0.847414658,0.8357665,0.82417226,0,0,0
People practicing open defecation (% of population),Sierra Leone,SLE,Sub-Saharan Africa,25.39216428,24.997028,24.60317322,24.21061229,23.81935194,23.40813729,22.98258682,22.55899845,22.1373904,21.71804235,21.30096465,20.88591471,20.47291068,20.06246486,19.65409058,19.2480485,18.84411325,18.44066408,18.03733024,17.63444579,17.2321096,16.83041596
People practicing open defecation (% of population),Singapore,SGP,South Asia,0,0,0,0,0,0,0,0,0,0,0,0,0,0,0,0,0,0,0,0,0,0
People practicing open defecation (% of population),Slovak Republic,SVK,Europe & Central Asia,0,0,0,0,0,0,0,0,0,0,0,0,0,0,0,0,0,0,0,0,0,0
People practicing open defecation (% of population),Slovenia,SVN,Europe & Central Asia,0,0,0,0,0,0,0,0,0,0,0,0,0,0,0,0,0,0,0,0,0,0
People practicing open defecation (% of population),Solomon Islands,SLB,East Asia & Pacific,61.20712826,60.96440413,60.71667402,60.46393846,60.20620204,59.06191817,57.91852748,56.77619046,55.63447789,54.49476011,53.35659579,52.22419111,51.09699395,49.97561566,48.86062559,47.75148127,46.6429789,45.5337227,45.28523688,45.03782465,44.79094823,44.54514228
People practicing open defecation (% of population),Somalia,SOM,Sub-Saharan Africa,58.68387745,56.92008205,55.16477515,53.16190573,51.17500198,49.20695932,47.25553504,47.41785035,44.98248874,42.57732303,40.20126629,37.85890531,36.16348277,34.48338833,32.81766628,31.16595397,29.52794935,27.90432749,26.29480936,24.70047446,23.12102956,21.55704522
People practicing open defecation (% of population),South Africa,ZAF,Sub-Saharan Africa,12.18157994,11.48737821,10.79340391,10.10787222,9.43467243,8.77425508,8.126186323,7.49040006,6.86669971,6.255523981,5.656386242,5.06931546,4.494127215,3.930975357,3.379506212,2.839704579,2.311470887,1.794734204,1.289361138,0.795218739,0.312178256,0.227830979
People practicing open defecation (% of population),South Sudan,SSD,Sub-Saharan Africa,70.37465,67.374565,68.39475,68.98475,69.3865,70.3746,71.29475,71.39455,72.49573,69.28475,70.3298475,71.12547323,69.85236051,68.56047596,67.24843894,65.91386572,64.55569851,63.17246517,61.76207441,60.32292961,60.12719539,59.92167203
People practicing open defecation (% of population),Spain,ESP,Europe & Central Asia,0,0,0,0,0,0,0,0,0,0,0,0,0,0,0,0,0,0,0,0,0,0
People practicing open defecation (% of population),Sri Lanka,LKA,South Asia,5.331581903,5.065474713,4.79936047,4.533183606,4.266972716,4.000751051,3.734470609,3.468177089,3.201827197,2.935442974,2.669042052,2.402588097,2.136100108,1.86933474,1.602337134,1.335168847,1.06790252,0.800586444,0.56416355,0.329344629,0.095130176,0
People practicing open defecation (% of population),St. Kitts and Nevis,KNA,Latin America & Caribbean,2.818260791,2.703007352,2.587753914,2.472500475,2.357247037,2.241993598,2.12674016,2.011486722,1.896233283,1.780979845,1.665726406,1.550472968,1.435219529,1.319966091,1.319966091,1.319966091,1.319966091,1.319966091,1.319966091,1.319966091,1.319966091,1.319966091
People practicing open defecation (% of population),St. Lucia,LCA,Latin America & Caribbean,7.531123089,7.523157396,7.492882222,7.463427665,7.335258162,7.218752628,7.113329264,7.01852335,6.933826218,6.858743663,6.79161059,6.721216351,6.65082192,6.580155472,6.509076847,6.43736336,6.364910124,6.28843703,6.207856864,6.204036683,6.199662553,6.194686353
People practicing open defecation (% of population),St. Vincent and the Grenadines,VCT,Latin America & Caribbean,1.485275541,1.57269961,1.658776871,1.743494233,1.826824585,1.908758654,1.989265623,2.068355621,2.145982341,2.222143258,2.296822151,2.370002551,2.441668068,2.511829095,2.580417467,2.568754526,2.557005315,2.545198439,2.533305635,2.533305635,2.533305635,2.533305635
People practicing open defecation (% of population),Sudan,SDN,Middle East & North Africa,50.37747483,50.3533591,50.32924403,50.30512611,50.28101027,48.22502353,46.17085948,44.11852086,42.06800776,40.01156477,37.94992978,35.88423866,33.8159404,31.74582054,29.67529725,27.60492603,25.53613756,23.47007057,21.40764506,19.35024456,17.29882568,17.29882568
People practicing open defecation (% of population),Suriname,SUR,Latin America & Caribbean,8.587832325,8.20129514,7.816152588,7.432877279,7.051225184,6.696486073,6.342759727,5.987716909,5.631161936,5.272939254,4.913368928,4.552283961,4.189686803,3.82557533,3.458295571,3.08832698,2.716346783,2.342921714,1.968566534,1.593965964,1.219562043,1.21741673
People practicing open defecation (% of population),Sweden,SWE,Europe & Central Asia,0,0,0,0,0,0,0,0,0,0,0,0,0,0,0,0,0,0,0,0,0,0
People practicing open defecation (% of population),Switzerland,CHE,Europe & Central Asia,0,0,0,0,0,0,0,0,0,0,0,0,0,0,0,0,0,0,0,0,0,0
People practicing open defecation (% of population),Syrian Arab Republic,SYR,Middle East & North Africa,1.784335738,1.680745236,1.578545421,1.477803618,1.378456191,1.280616633,1.184217686,1.089207298,0.995633664,0.903509851,0.812772776,0.74458218,0.672502437,0.686194954,0.69992754,0.69101268,0.682111205,0.682111205,0.682111205,0.682111205,0.682111205,0.682111205
People practicing open defecation (% of population),Tajikistan,TJK,Europe & Central Asia,1.252001119,1.199838735,1.147676681,1.095515029,1.043359899,0.991198896,0.939038288,0.886878059,0.834718183,0.78255873,0.73039964,0.678246337,0.625969886,0.573592547,0.521109549,0.468532233,0.415861514,0.363103577,0.32099863,0.320136012,0.319268418,0.318299525
People practicing open defecation (% of population),Tanzania,TZA,Sub-Saharan Africa,11.84569037,11.61283992,11.38022325,11.12602311,10.86800984,10.61023543,10.35262238,10.09531648,9.83813473,9.581545128,9.325151147,9.069306161,8.813831698,8.559074218,8.305364632,8.052718173,7.801350659,7.551174563,7.302299871,7.054927836,6.808872874,6.564426211
People practicing open defecation (% of population),Thailand,THA,South Asia,1.297224048,1.209034343,1.122654484,1.038189495,0.955697487,0.875313847,0.797016559,0.720906808,0.647026228,0.575460451,0.506214982,0.441993257,0.379760961,0.318901686,0.259415463,0.20130965,0.144581918,0.089229423,0.040684881,0.037320722,0.033831588,0.030223156
People practicing open defecation (% of population),Timor-Leste,TLS,East Asia & Pacific,41.9854,40.68397,42.64462186,40.94952582,39.25885678,37.58417484,35.91376758,34.24767175,32.58538991,30.92753733,29.27415911,27.62479631,25.98002704,24.33989287,22.70420971,21.07304372,19.44645836,17.82472984,16.20750017,14.59505006,12.98726054,11.62849036
People practicing open defecation (% of population),Togo,TGO,Sub-Saharan Africa,61.65100122,60.63600876,59.62185998,58.60915973,57.59793708,56.58878811,55.58117427,54.57512449,53.5701272,52.56840252,51.56778458,50.55752591,49.54270024,48.53091553,47.52112653,46.513365,45.50557077,44.49833851,43.49173005,42.4858057,41.48063119,40.47626843
People practicing open defecation (% of population),Tonga,TON,East Asia & Pacific,0.185402808,0.18536257,0.18532372,0.185283496,0.185243254,0.1799292,0.174618077,0.169295036,0.16396645,0.158645939,0.153333521,0.148029179,0.142781828,0.137565401,0.132341695,0.127109329,0.121869037,0.116620813,0.111359553,0.106088906,0.100811614,0.095531638
People practicing open defecation (% of population),Trinidad and Tobago,TTO,Latin America & Caribbean,0.328217835,0.308885358,0.289552881,0.270220404,0.250887927,0.23155545,0.212222973,0.192890495,0.173558018,0.154225541,0.134893064,0.115560587,0.09622811,0.076895633,0.057563156,0.038230679,0.018898202,0,0,0,0,0
People practicing open defecation (% of population),Tunisia,TUN,Middle East & North Africa,9.628142898,9.013798574,8.410685034,7.818508796,7.240532026,6.686818747,6.141124165,5.603754364,5.074486857,4.553279022,4.040200152,3.534973383,3.037681339,2.548418643,2.066896261,1.592830049,1.126539774,0.668277169,0.218295027,0.171211804,0.163455069,0.155634652
People practicing open defecation (% of population),Turkiye,TUR,Europe & Central Asia,0.599862368,0.592385362,0.565239561,0.538571879,0.512365096,0.486647942,0.461380143,0.436577901,0.412214096,0.38831368,0.364849643,0.341825542,0.319216773,0.297104669,0.275441727,0.254225262,0.233436017,0.213078105,0.193124979,0.173572731,0.154409796,0.151448617
People practicing open defecation (% of population),Turkmenistan,TKM,Europe & Central Asia,0.573180845,0.540393256,0.507751941,0.475263011,0.442926437,0.410677279,0.37852681,0.346487621,0.314586892,0.282829954,0.251239341,0.219830284,0.188616042,0.157612893,0.126839627,0.096308593,0.066036644,0.036039276,0.006330783,0,0,0
People practicing open defecation (% of population),Tuvalu,TUV,East Asia & Pacific,8.632756594,8.605682917,8.578542924,8.524855623,8.163673868,7.808028499,7.457796634,7.113040775,6.773760941,6.440206567,6.112242796,5.789846082,5.472991734,5.161890202,4.85712449,4.558511599,4.265857216,3.97895666,3.697517308,3.421337473,3.150183792,2.883805593
People practicing open defecation (% of population),Uganda,UGA,Sub-Saharan Africa,14.21604037,13.70073091,13.1884437,12.67933844,12.17344859,11.67141618,11.17279124,10.67808316,10.18723095,9.700598686,9.218147214,8.740134533,8.266637919,7.798054962,7.334232979,6.875489219,6.422099946,5.974190581,5.531984689,5.095445804,4.664830642,4.240233698
People practicing open defecation (% of population),Ukraine,UKR,Europe & Central Asia,0.058128073,0.051749883,0.045300464,0.038837041,0.032402997,0.026015768,0.019711384,0.01347627,0.007309615,0.001211461,0.001207846,0.001204269,0.001200692,0.001197115,0.001193539,0.001189962,0.001186385,0.001182846,0,0,0,0
People practicing open defecation (% of population),United Arab Emirates,ARE,Middle East & North Africa,0,0,0,0,0,0,0,0,0,0,0,0,0,0,0,0,0,0,0,0,0,0
People practicing open defecation (% of population),United Kingdom,GBR,Europe & Central Asia,0,0,0,0,0,0,0,0,0,0,0,0,0,0,0,0,0,0,0,0,0,0
People practicing open defecation (% of population),United States,USA,North America,0,0,0,0,0,0,0,0,0,0,0,0,0,0,0,0,0,0,0,0,0,0
People practicing open defecation (% of population),Uruguay,URY,Latin America & Caribbean,1.532984576,1.52401575,1.515340674,1.50689382,1.498740555,1.409153482,1.320928132,1.234039136,1.148405331,1.063996335,0.980717838,0.898541969,0.818265176,0.738852265,0.659959924,0.58157361,0.503675208,0.426259756,0.349306723,0.276543583,0.214195108,0.15172837
People practicing open defecation (% of population),Uzbekistan,UZB,Europe & Central Asia,0.053874002,0.053393998,0.052911999,0.052428999,0.051946,0.051462999,0.050979001,0.050494999,0.050011,0.049528003,0.049044,0.04885,0.048949999,0.049049999,0.049150001,0.04925,0.04935,0.049449997,0.049522002,0.049567002,0.049584001,0.049572996
People practicing open defecation (% of population),Vanuatu,VUT,East Asia & Pacific,2.353646763,2.34668859,2.339680659,2.332573186,2.3254163,2.17426375,2.024052625,1.87481813,1.726552966,1.579272648,1.434842007,1.292000634,1.149491568,1.007329306,0.86551377,0.724044999,0.58291893,0.44214312,0.301711728,0.161675651,0.060571227,0.058178914
People practicing open defecation (% of population),"Venezuela, RB",VEN,Latin America & Caribbean,9.464599326,9.085731511,8.706863695,8.327995879,7.949128064,7.570260248,7.191392432,6.812524617,6.433656801,6.054788985,5.675921169,5.297053354,4.918185538,4.539317722,4.160449907,3.781582091,3.402714275,3.023846459,3.023846459,3.023846459,3.013935188,2.997642855
People practicing open defecation (% of population),Viet Nam,VNM,East Asia & Pacific,16.85337566,15.98898979,15.13056764,14.27884966,13.43360375,12.59538066,11.76409885,10.93993757,10.12317226,9.313781752,8.511041572,7.716374838,6.929870278,6.151962283,5.382521876,4.621778218,3.86993537,3.127319389,2.393939782,1.669855893,1.010120563,0.413093211
People practicing open defecation (% of population),West Bank and Gaza,PSE,Middle East & North Africa,0.679688514,0.649516222,0.619470713,0.589573471,0.559802043,0.53017659,0.500685602,0.471318609,0.442094191,0.412938626,0.383848331,0.354837936,0.325912506,0.297077315,0.268337488,0.239705514,0.211185709,0.18277571,0.15449349,0.139854137,0.126921059,0.114233375
People practicing open defecation (% of population),"Yemen, Rep.",YEM,Middle East & North Africa,32.10950432,31.9122489,31.71195868,30.37760504,29.05501248,27.74513605,26.44719665,25.16183002,23.88931351,22.6299295,21.38395635,20.15193073,18.93409548,17.73045788,16.54173322,15.36791935,14.20944686,13.06651522,11.93949178,10.82838173,9.733526095,8.655209403
People practicing open defecation (% of population),Zambia,ZMB,Sub-Saharan Africa,29.2921604,28.12896381,26.87181145,25.62736111,24.39574209,23.17740979,21.97213932,20.78035971,19.60159725,18.43708369,17.28582161,16.14845615,15.02397277,13.91247138,12.8146829,11.73051562,10.66064354,9.605180215,8.56443166,7.538820286,6.528608748,6.470194224
People practicing open defecation (% of population),Zimbabwe,ZWE,Sub-Saharan Africa,31.45737152,31.28294322,30.38264757,29.70119503,29.04951923,28.3944298,27.736333,27.07485408,26.41038484,25.74256314,25.0717684,24.39765837,23.72058784,23.04023444,22.34742632,21.6425871,20.92678059,20.20074201,19.46491992,18.72294478,18.0316168,17.33350814
